[
  {
    "name": "Process Start",
    "start": 1622012605444,
    "end": 1622012607082,
    "duration": 1638,
    "pid": 23188,
    "index": 0
  },
  {
    "name": "Application Start",
    "start": 1622012607083,
    "end": 1622012609459,
    "duration": 2376,
    "pid": 23188,
    "index": 1
  },
  {
    "name": "Load Plugin",
    "start": 1622012607093,
    "end": 1622012607161,
    "duration": 68,
    "pid": 23188,
    "index": 2
  },
  {
    "name": "Load Config",
    "start": 1622012607161,
    "end": 1622012607206,
    "duration": 45,
    "pid": 23188,
    "index": 3
  },
  {
    "name": "Require(0) config/config.default.js",
    "start": 1622012607162,
    "end": 1622012607163,
    "duration": 1,
    "pid": 23188,
    "index": 4
  },
  {
    "name": "Require(1) node_modules/egg-session/config/config.default.js",
    "start": 1622012607165,
    "end": 1622012607166,
    "duration": 1,
    "pid": 23188,
    "index": 5
  },
  {
    "name": "Require(2) node_modules/egg-security/config/config.default.js",
    "start": 1622012607167,
    "end": 1622012607168,
    "duration": 1,
    "pid": 23188,
    "index": 6
  },
  {
    "name": "Require(3) node_modules/egg-jsonp/config/config.default.js",
    "start": 1622012607170,
    "end": 1622012607170,
    "duration": 0,
    "pid": 23188,
    "index": 7
  },
  {
    "name": "Require(4) node_modules/egg-onerror/config/config.default.js",
    "start": 1622012607171,
    "end": 1622012607172,
    "duration": 1,
    "pid": 23188,
    "index": 8
  },
  {
    "name": "Require(5) node_modules/egg-i18n/config/config.default.js",
    "start": 1622012607174,
    "end": 1622012607175,
    "duration": 1,
    "pid": 23188,
    "index": 9
  },
  {
    "name": "Require(6) node_modules/egg-watcher/config/config.default.js",
    "start": 1622012607176,
    "end": 1622012607177,
    "duration": 1,
    "pid": 23188,
    "index": 10
  },
  {
    "name": "Require(7) node_modules/egg-schedule/config/config.default.js",
    "start": 1622012607178,
    "end": 1622012607179,
    "duration": 1,
    "pid": 23188,
    "index": 11
  },
  {
    "name": "Require(8) node_modules/egg-multipart/config/config.default.js",
    "start": 1622012607180,
    "end": 1622012607181,
    "duration": 1,
    "pid": 23188,
    "index": 12
  },
  {
    "name": "Require(9) node_modules/egg-logrotator/config/config.default.js",
    "start": 1622012607182,
    "end": 1622012607183,
    "duration": 1,
    "pid": 23188,
    "index": 13
  },
  {
    "name": "Require(10) node_modules/egg-static/config/config.default.js",
    "start": 1622012607184,
    "end": 1622012607185,
    "duration": 1,
    "pid": 23188,
    "index": 14
  },
  {
    "name": "Require(11) node_modules/egg-view/config/config.default.js",
    "start": 1622012607186,
    "end": 1622012607186,
    "duration": 0,
    "pid": 23188,
    "index": 15
  },
  {
    "name": "Require(12) node_modules/egg-view-nunjucks/config/config.default.js",
    "start": 1622012607187,
    "end": 1622012607188,
    "duration": 1,
    "pid": 23188,
    "index": 16
  },
  {
    "name": "Require(13) node_modules/egg-view-ejs/config/config.default.js",
    "start": 1622012607189,
    "end": 1622012607190,
    "duration": 1,
    "pid": 23188,
    "index": 17
  },
  {
    "name": "Require(14) node_modules/egg-mongoose/config/config.default.js",
    "start": 1622012607191,
    "end": 1622012607192,
    "duration": 1,
    "pid": 23188,
    "index": 18
  },
  {
    "name": "Require(15) node_modules/egg/config/config.default.js",
    "start": 1622012607193,
    "end": 1622012607194,
    "duration": 1,
    "pid": 23188,
    "index": 19
  },
  {
    "name": "Require(16) config/config.default.js",
    "start": 1622012607196,
    "end": 1622012607196,
    "duration": 0,
    "pid": 23188,
    "index": 20
  },
  {
    "name": "Require(17) node_modules/egg-static/config/config.prod.js",
    "start": 1622012607202,
    "end": 1622012607202,
    "duration": 0,
    "pid": 23188,
    "index": 21
  },
  {
    "name": "Load extend/application.js",
    "start": 1622012607207,
    "end": 1622012607294,
    "duration": 87,
    "pid": 23188,
    "index": 22
  },
  {
    "name": "Require(18) node_modules/egg-session/app/extend/application.js",
    "start": 1622012607208,
    "end": 1622012607209,
    "duration": 1,
    "pid": 23188,
    "index": 23
  },
  {
    "name": "Require(19) node_modules/egg-security/app/extend/application.js",
    "start": 1622012607210,
    "end": 1622012607213,
    "duration": 3,
    "pid": 23188,
    "index": 24
  },
  {
    "name": "Require(20) node_modules/egg-jsonp/app/extend/application.js",
    "start": 1622012607214,
    "end": 1622012607217,
    "duration": 3,
    "pid": 23188,
    "index": 25
  },
  {
    "name": "Require(21) node_modules/egg-logrotator/app/extend/application.js",
    "start": 1622012607221,
    "end": 1622012607224,
    "duration": 3,
    "pid": 23188,
    "index": 26
  },
  {
    "name": "Require(22) node_modules/egg-view/app/extend/application.js",
    "start": 1622012607225,
    "end": 1622012607228,
    "duration": 3,
    "pid": 23188,
    "index": 27
  },
  {
    "name": "Require(23) node_modules/egg-view-nunjucks/app/extend/application.js",
    "start": 1622012607229,
    "end": 1622012607283,
    "duration": 54,
    "pid": 23188,
    "index": 28
  },
  {
    "name": "Load extend/request.js",
    "start": 1622012607294,
    "end": 1622012607315,
    "duration": 21,
    "pid": 23188,
    "index": 29
  },
  {
    "name": "Require(24) node_modules/egg/app/extend/request.js",
    "start": 1622012607305,
    "end": 1622012607306,
    "duration": 1,
    "pid": 23188,
    "index": 30
  },
  {
    "name": "Load extend/response.js",
    "start": 1622012607315,
    "end": 1622012607337,
    "duration": 22,
    "pid": 23188,
    "index": 31
  },
  {
    "name": "Require(25) node_modules/egg/app/extend/response.js",
    "start": 1622012607325,
    "end": 1622012607328,
    "duration": 3,
    "pid": 23188,
    "index": 32
  },
  {
    "name": "Load extend/context.js",
    "start": 1622012607337,
    "end": 1622012607505,
    "duration": 168,
    "pid": 23188,
    "index": 33
  },
  {
    "name": "Require(26) node_modules/egg-security/app/extend/context.js",
    "start": 1622012607338,
    "end": 1622012607366,
    "duration": 28,
    "pid": 23188,
    "index": 34
  },
  {
    "name": "Require(27) node_modules/egg-jsonp/app/extend/context.js",
    "start": 1622012607367,
    "end": 1622012607373,
    "duration": 6,
    "pid": 23188,
    "index": 35
  },
  {
    "name": "Require(28) node_modules/egg-i18n/app/extend/context.js",
    "start": 1622012607374,
    "end": 1622012607379,
    "duration": 5,
    "pid": 23188,
    "index": 36
  },
  {
    "name": "Require(29) node_modules/egg-multipart/app/extend/context.js",
    "start": 1622012607383,
    "end": 1622012607480,
    "duration": 97,
    "pid": 23188,
    "index": 37
  },
  {
    "name": "Require(30) node_modules/egg-view/app/extend/context.js",
    "start": 1622012607484,
    "end": 1622012607486,
    "duration": 2,
    "pid": 23188,
    "index": 38
  },
  {
    "name": "Require(31) node_modules/egg-mongoose/app/extend/context.js",
    "start": 1622012607492,
    "end": 1622012607492,
    "duration": 0,
    "pid": 23188,
    "index": 39
  },
  {
    "name": "Require(32) node_modules/egg/app/extend/context.js",
    "start": 1622012607493,
    "end": 1622012607494,
    "duration": 1,
    "pid": 23188,
    "index": 40
  },
  {
    "name": "Load extend/helper.js",
    "start": 1622012607505,
    "end": 1622012607581,
    "duration": 76,
    "pid": 23188,
    "index": 41
  },
  {
    "name": "Require(33) node_modules/egg-security/app/extend/helper.js",
    "start": 1622012607509,
    "end": 1622012607546,
    "duration": 37,
    "pid": 23188,
    "index": 42
  },
  {
    "name": "Require(34) node_modules/egg/app/extend/helper.js",
    "start": 1622012607562,
    "end": 1622012607563,
    "duration": 1,
    "pid": 23188,
    "index": 43
  },
  {
    "name": "Require(35) app/extend/helper.js",
    "start": 1622012607564,
    "end": 1622012607568,
    "duration": 4,
    "pid": 23188,
    "index": 44
  },
  {
    "name": "Load app.js",
    "start": 1622012607581,
    "end": 1622012607671,
    "duration": 90,
    "pid": 23188,
    "index": 45
  },
  {
    "name": "Require(36) node_modules/egg-session/app.js",
    "start": 1622012607582,
    "end": 1622012607582,
    "duration": 0,
    "pid": 23188,
    "index": 46
  },
  {
    "name": "Require(37) node_modules/egg-security/app.js",
    "start": 1622012607583,
    "end": 1622012607586,
    "duration": 3,
    "pid": 23188,
    "index": 47
  },
  {
    "name": "Require(38) node_modules/egg-onerror/app.js",
    "start": 1622012607588,
    "end": 1622012607604,
    "duration": 16,
    "pid": 23188,
    "index": 48
  },
  {
    "name": "Require(39) node_modules/egg-i18n/app.js",
    "start": 1622012607605,
    "end": 1622012607641,
    "duration": 36,
    "pid": 23188,
    "index": 49
  },
  {
    "name": "Require(40) node_modules/egg-watcher/app.js",
    "start": 1622012607643,
    "end": 1622012607655,
    "duration": 12,
    "pid": 23188,
    "index": 50
  },
  {
    "name": "Require(41) node_modules/egg-schedule/app.js",
    "start": 1622012607657,
    "end": 1622012607660,
    "duration": 3,
    "pid": 23188,
    "index": 51
  },
  {
    "name": "Require(42) node_modules/egg-multipart/app.js",
    "start": 1622012607660,
    "end": 1622012607661,
    "duration": 1,
    "pid": 23188,
    "index": 52
  },
  {
    "name": "Require(43) node_modules/egg-logrotator/app.js",
    "start": 1622012607662,
    "end": 1622012607663,
    "duration": 1,
    "pid": 23188,
    "index": 53
  },
  {
    "name": "Require(44) node_modules/egg-static/app.js",
    "start": 1622012607664,
    "end": 1622012607664,
    "duration": 0,
    "pid": 23188,
    "index": 54
  },
  {
    "name": "Require(45) node_modules/egg-view-nunjucks/app.js",
    "start": 1622012607666,
    "end": 1622012607666,
    "duration": 0,
    "pid": 23188,
    "index": 55
  },
  {
    "name": "Require(46) node_modules/egg-view-ejs/app.js",
    "start": 1622012607667,
    "end": 1622012607668,
    "duration": 1,
    "pid": 23188,
    "index": 56
  },
  {
    "name": "Require(47) node_modules/egg-mongoose/app.js",
    "start": 1622012607669,
    "end": 1622012607669,
    "duration": 0,
    "pid": 23188,
    "index": 57
  },
  {
    "name": "Before Start in node_modules/egg-watcher/lib/init.js:15:14",
    "start": 1622012607687,
    "end": 1622012609304,
    "duration": 1617,
    "pid": 23188,
    "index": 58
  },
  {
    "name": "Before Start in node_modules/egg-mongoose/lib/mongoose.js:104:7",
    "start": 1622012608520,
    "end": 1622012609458,
    "duration": 938,
    "pid": 23188,
    "index": 59
  },
  {
    "name": "Before Start in node_modules/egg-mongoose/lib/mongoose.js:52:9",
    "start": 1622012608520,
    "end": 1622012609288,
    "duration": 768,
    "pid": 23188,
    "index": 60
  },
  {
    "name": "Load Service",
    "start": 1622012608521,
    "end": 1622012608982,
    "duration": 461,
    "pid": 23188,
    "index": 61
  },
  {
    "name": "Load \"service\" to Context",
    "start": 1622012608521,
    "end": 1622012608982,
    "duration": 461,
    "pid": 23188,
    "index": 62
  },
  {
    "name": "Load Middleware",
    "start": 1622012608982,
    "end": 1622012609202,
    "duration": 220,
    "pid": 23188,
    "index": 63
  },
  {
    "name": "Load \"middlewares\" to Application",
    "start": 1622012608982,
    "end": 1622012609181,
    "duration": 199,
    "pid": 23188,
    "index": 64
  },
  {
    "name": "Load Controller",
    "start": 1622012609202,
    "end": 1622012609229,
    "duration": 27,
    "pid": 23188,
    "index": 65
  },
  {
    "name": "Load \"controller\" to Application",
    "start": 1622012609202,
    "end": 1622012609229,
    "duration": 27,
    "pid": 23188,
    "index": 66
  },
  {
    "name": "Load Router",
    "start": 1622012609229,
    "end": 1622012609235,
    "duration": 6,
    "pid": 23188,
    "index": 67
  },
  {
    "name": "Require(48) app/router.js",
    "start": 1622012609230,
    "end": 1622012609230,
    "duration": 0,
    "pid": 23188,
    "index": 68
  },
  {
    "name": "Before Start in node_modules/egg-core/lib/egg.js:303:10",
    "start": 1622012609232,
    "end": 1622012609288,
    "duration": 56,
    "pid": 23188,
    "index": 69
  },
  {
    "name": "Load \"model\" to Application",
    "start": 1622012609245,
    "end": 1622012609288,
    "duration": 43,
    "pid": 23188,
    "index": 70
  }
]