[
  {
    "name": "Process Start",
    "start": 1622012515088,
    "end": 1622012516403,
    "duration": 1315,
    "pid": 4256,
    "index": 0
  },
  {
    "name": "Application Start",
    "start": 1622012516404,
    "end": 1622012518693,
    "duration": 2289,
    "pid": 4256,
    "index": 1
  },
  {
    "name": "Load Plugin",
    "start": 1622012516414,
    "end": 1622012516479,
    "duration": 65,
    "pid": 4256,
    "index": 2
  },
  {
    "name": "Load Config",
    "start": 1622012516479,
    "end": 1622012516524,
    "duration": 45,
    "pid": 4256,
    "index": 3
  },
  {
    "name": "Require(0) config/config.default.js",
    "start": 1622012516480,
    "end": 1622012516481,
    "duration": 1,
    "pid": 4256,
    "index": 4
  },
  {
    "name": "Require(1) node_modules/egg-session/config/config.default.js",
    "start": 1622012516483,
    "end": 1622012516484,
    "duration": 1,
    "pid": 4256,
    "index": 5
  },
  {
    "name": "Require(2) node_modules/egg-security/config/config.default.js",
    "start": 1622012516485,
    "end": 1622012516486,
    "duration": 1,
    "pid": 4256,
    "index": 6
  },
  {
    "name": "Require(3) node_modules/egg-jsonp/config/config.default.js",
    "start": 1622012516488,
    "end": 1622012516489,
    "duration": 1,
    "pid": 4256,
    "index": 7
  },
  {
    "name": "Require(4) node_modules/egg-onerror/config/config.default.js",
    "start": 1622012516490,
    "end": 1622012516490,
    "duration": 0,
    "pid": 4256,
    "index": 8
  },
  {
    "name": "Require(5) node_modules/egg-i18n/config/config.default.js",
    "start": 1622012516491,
    "end": 1622012516492,
    "duration": 1,
    "pid": 4256,
    "index": 9
  },
  {
    "name": "Require(6) node_modules/egg-watcher/config/config.default.js",
    "start": 1622012516493,
    "end": 1622012516494,
    "duration": 1,
    "pid": 4256,
    "index": 10
  },
  {
    "name": "Require(7) node_modules/egg-schedule/config/config.default.js",
    "start": 1622012516495,
    "end": 1622012516496,
    "duration": 1,
    "pid": 4256,
    "index": 11
  },
  {
    "name": "Require(8) node_modules/egg-multipart/config/config.default.js",
    "start": 1622012516497,
    "end": 1622012516497,
    "duration": 0,
    "pid": 4256,
    "index": 12
  },
  {
    "name": "Require(9) node_modules/egg-logrotator/config/config.default.js",
    "start": 1622012516499,
    "end": 1622012516499,
    "duration": 0,
    "pid": 4256,
    "index": 13
  },
  {
    "name": "Require(10) node_modules/egg-static/config/config.default.js",
    "start": 1622012516500,
    "end": 1622012516501,
    "duration": 1,
    "pid": 4256,
    "index": 14
  },
  {
    "name": "Require(11) node_modules/egg-view/config/config.default.js",
    "start": 1622012516502,
    "end": 1622012516503,
    "duration": 1,
    "pid": 4256,
    "index": 15
  },
  {
    "name": "Require(12) node_modules/egg-view-nunjucks/config/config.default.js",
    "start": 1622012516504,
    "end": 1622012516504,
    "duration": 0,
    "pid": 4256,
    "index": 16
  },
  {
    "name": "Require(13) node_modules/egg-view-ejs/config/config.default.js",
    "start": 1622012516505,
    "end": 1622012516506,
    "duration": 1,
    "pid": 4256,
    "index": 17
  },
  {
    "name": "Require(14) node_modules/egg-mongoose/config/config.default.js",
    "start": 1622012516507,
    "end": 1622012516508,
    "duration": 1,
    "pid": 4256,
    "index": 18
  },
  {
    "name": "Require(15) node_modules/egg/config/config.default.js",
    "start": 1622012516509,
    "end": 1622012516510,
    "duration": 1,
    "pid": 4256,
    "index": 19
  },
  {
    "name": "Require(16) config/config.default.js",
    "start": 1622012516511,
    "end": 1622012516511,
    "duration": 0,
    "pid": 4256,
    "index": 20
  },
  {
    "name": "Require(17) node_modules/egg-static/config/config.prod.js",
    "start": 1622012516520,
    "end": 1622012516520,
    "duration": 0,
    "pid": 4256,
    "index": 21
  },
  {
    "name": "Load extend/application.js",
    "start": 1622012516525,
    "end": 1622012516608,
    "duration": 83,
    "pid": 4256,
    "index": 22
  },
  {
    "name": "Require(18) node_modules/egg-session/app/extend/application.js",
    "start": 1622012516527,
    "end": 1622012516528,
    "duration": 1,
    "pid": 4256,
    "index": 23
  },
  {
    "name": "Require(19) node_modules/egg-security/app/extend/application.js",
    "start": 1622012516529,
    "end": 1622012516531,
    "duration": 2,
    "pid": 4256,
    "index": 24
  },
  {
    "name": "Require(20) node_modules/egg-jsonp/app/extend/application.js",
    "start": 1622012516532,
    "end": 1622012516535,
    "duration": 3,
    "pid": 4256,
    "index": 25
  },
  {
    "name": "Require(21) node_modules/egg-logrotator/app/extend/application.js",
    "start": 1622012516539,
    "end": 1622012516542,
    "duration": 3,
    "pid": 4256,
    "index": 26
  },
  {
    "name": "Require(22) node_modules/egg-view/app/extend/application.js",
    "start": 1622012516544,
    "end": 1622012516547,
    "duration": 3,
    "pid": 4256,
    "index": 27
  },
  {
    "name": "Require(23) node_modules/egg-view-nunjucks/app/extend/application.js",
    "start": 1622012516548,
    "end": 1622012516595,
    "duration": 47,
    "pid": 4256,
    "index": 28
  },
  {
    "name": "Load extend/request.js",
    "start": 1622012516608,
    "end": 1622012516628,
    "duration": 20,
    "pid": 4256,
    "index": 29
  },
  {
    "name": "Require(24) node_modules/egg/app/extend/request.js",
    "start": 1622012516617,
    "end": 1622012516619,
    "duration": 2,
    "pid": 4256,
    "index": 30
  },
  {
    "name": "Load extend/response.js",
    "start": 1622012516628,
    "end": 1622012516652,
    "duration": 24,
    "pid": 4256,
    "index": 31
  },
  {
    "name": "Require(25) node_modules/egg/app/extend/response.js",
    "start": 1622012516637,
    "end": 1622012516640,
    "duration": 3,
    "pid": 4256,
    "index": 32
  },
  {
    "name": "Load extend/context.js",
    "start": 1622012516652,
    "end": 1622012516779,
    "duration": 127,
    "pid": 4256,
    "index": 33
  },
  {
    "name": "Require(26) node_modules/egg-security/app/extend/context.js",
    "start": 1622012516653,
    "end": 1622012516676,
    "duration": 23,
    "pid": 4256,
    "index": 34
  },
  {
    "name": "Require(27) node_modules/egg-jsonp/app/extend/context.js",
    "start": 1622012516677,
    "end": 1622012516679,
    "duration": 2,
    "pid": 4256,
    "index": 35
  },
  {
    "name": "Require(28) node_modules/egg-i18n/app/extend/context.js",
    "start": 1622012516681,
    "end": 1622012516682,
    "duration": 1,
    "pid": 4256,
    "index": 36
  },
  {
    "name": "Require(29) node_modules/egg-multipart/app/extend/context.js",
    "start": 1622012516684,
    "end": 1622012516759,
    "duration": 75,
    "pid": 4256,
    "index": 37
  },
  {
    "name": "Require(30) node_modules/egg-view/app/extend/context.js",
    "start": 1622012516761,
    "end": 1622012516763,
    "duration": 2,
    "pid": 4256,
    "index": 38
  },
  {
    "name": "Require(31) node_modules/egg-mongoose/app/extend/context.js",
    "start": 1622012516766,
    "end": 1622012516767,
    "duration": 1,
    "pid": 4256,
    "index": 39
  },
  {
    "name": "Require(32) node_modules/egg/app/extend/context.js",
    "start": 1622012516767,
    "end": 1622012516768,
    "duration": 1,
    "pid": 4256,
    "index": 40
  },
  {
    "name": "Load extend/helper.js",
    "start": 1622012516779,
    "end": 1622012516837,
    "duration": 58,
    "pid": 4256,
    "index": 41
  },
  {
    "name": "Require(33) node_modules/egg-security/app/extend/helper.js",
    "start": 1622012516781,
    "end": 1622012516815,
    "duration": 34,
    "pid": 4256,
    "index": 42
  },
  {
    "name": "Require(34) node_modules/egg/app/extend/helper.js",
    "start": 1622012516822,
    "end": 1622012516823,
    "duration": 1,
    "pid": 4256,
    "index": 43
  },
  {
    "name": "Require(35) app/extend/helper.js",
    "start": 1622012516824,
    "end": 1622012516827,
    "duration": 3,
    "pid": 4256,
    "index": 44
  },
  {
    "name": "Load app.js",
    "start": 1622012516838,
    "end": 1622012516918,
    "duration": 80,
    "pid": 4256,
    "index": 45
  },
  {
    "name": "Require(36) node_modules/egg-session/app.js",
    "start": 1622012516838,
    "end": 1622012516839,
    "duration": 1,
    "pid": 4256,
    "index": 46
  },
  {
    "name": "Require(37) node_modules/egg-security/app.js",
    "start": 1622012516840,
    "end": 1622012516842,
    "duration": 2,
    "pid": 4256,
    "index": 47
  },
  {
    "name": "Require(38) node_modules/egg-onerror/app.js",
    "start": 1622012516845,
    "end": 1622012516861,
    "duration": 16,
    "pid": 4256,
    "index": 48
  },
  {
    "name": "Require(39) node_modules/egg-i18n/app.js",
    "start": 1622012516862,
    "end": 1622012516896,
    "duration": 34,
    "pid": 4256,
    "index": 49
  },
  {
    "name": "Require(40) node_modules/egg-watcher/app.js",
    "start": 1622012516897,
    "end": 1622012516904,
    "duration": 7,
    "pid": 4256,
    "index": 50
  },
  {
    "name": "Require(41) node_modules/egg-schedule/app.js",
    "start": 1622012516905,
    "end": 1622012516907,
    "duration": 2,
    "pid": 4256,
    "index": 51
  },
  {
    "name": "Require(42) node_modules/egg-multipart/app.js",
    "start": 1622012516908,
    "end": 1622012516909,
    "duration": 1,
    "pid": 4256,
    "index": 52
  },
  {
    "name": "Require(43) node_modules/egg-logrotator/app.js",
    "start": 1622012516910,
    "end": 1622012516910,
    "duration": 0,
    "pid": 4256,
    "index": 53
  },
  {
    "name": "Require(44) node_modules/egg-static/app.js",
    "start": 1622012516911,
    "end": 1622012516911,
    "duration": 0,
    "pid": 4256,
    "index": 54
  },
  {
    "name": "Require(45) node_modules/egg-view-nunjucks/app.js",
    "start": 1622012516913,
    "end": 1622012516913,
    "duration": 0,
    "pid": 4256,
    "index": 55
  },
  {
    "name": "Require(46) node_modules/egg-view-ejs/app.js",
    "start": 1622012516914,
    "end": 1622012516915,
    "duration": 1,
    "pid": 4256,
    "index": 56
  },
  {
    "name": "Require(47) node_modules/egg-mongoose/app.js",
    "start": 1622012516915,
    "end": 1622012516916,
    "duration": 1,
    "pid": 4256,
    "index": 57
  },
  {
    "name": "Before Start in node_modules/egg-watcher/lib/init.js:15:14",
    "start": 1622012516933,
    "end": 1622012518537,
    "duration": 1604,
    "pid": 4256,
    "index": 58
  },
  {
    "name": "Before Start in node_modules/egg-mongoose/lib/mongoose.js:104:7",
    "start": 1622012517713,
    "end": 1622012518692,
    "duration": 979,
    "pid": 4256,
    "index": 59
  },
  {
    "name": "Before Start in node_modules/egg-mongoose/lib/mongoose.js:52:9",
    "start": 1622012517714,
    "end": 1622012518520,
    "duration": 806,
    "pid": 4256,
    "index": 60
  },
  {
    "name": "Load Service",
    "start": 1622012517714,
    "end": 1622012518159,
    "duration": 445,
    "pid": 4256,
    "index": 61
  },
  {
    "name": "Load \"service\" to Context",
    "start": 1622012517714,
    "end": 1622012518159,
    "duration": 445,
    "pid": 4256,
    "index": 62
  },
  {
    "name": "Load Middleware",
    "start": 1622012518159,
    "end": 1622012518402,
    "duration": 243,
    "pid": 4256,
    "index": 63
  },
  {
    "name": "Load \"middlewares\" to Application",
    "start": 1622012518159,
    "end": 1622012518379,
    "duration": 220,
    "pid": 4256,
    "index": 64
  },
  {
    "name": "Load Controller",
    "start": 1622012518402,
    "end": 1622012518442,
    "duration": 40,
    "pid": 4256,
    "index": 65
  },
  {
    "name": "Load \"controller\" to Application",
    "start": 1622012518403,
    "end": 1622012518442,
    "duration": 39,
    "pid": 4256,
    "index": 66
  },
  {
    "name": "Load Router",
    "start": 1622012518442,
    "end": 1622012518450,
    "duration": 8,
    "pid": 4256,
    "index": 67
  },
  {
    "name": "Require(48) app/router.js",
    "start": 1622012518443,
    "end": 1622012518443,
    "duration": 0,
    "pid": 4256,
    "index": 68
  },
  {
    "name": "Before Start in node_modules/egg-core/lib/egg.js:303:10",
    "start": 1622012518445,
    "end": 1622012518520,
    "duration": 75,
    "pid": 4256,
    "index": 69
  },
  {
    "name": "Load \"model\" to Application",
    "start": 1622012518465,
    "end": 1622012518519,
    "duration": 54,
    "pid": 4256,
    "index": 70
  }
]