[
  {
    "name": "Process Start",
    "start": 1622012270231,
    "end": 1622012271656,
    "duration": 1425,
    "pid": 14476,
    "index": 0
  },
  {
    "name": "Application Start",
    "start": 1622012271658,
    "end": 1622012273977,
    "duration": 2319,
    "pid": 14476,
    "index": 1
  },
  {
    "name": "Load Plugin",
    "start": 1622012271667,
    "end": 1622012271721,
    "duration": 54,
    "pid": 14476,
    "index": 2
  },
  {
    "name": "Load Config",
    "start": 1622012271721,
    "end": 1622012271764,
    "duration": 43,
    "pid": 14476,
    "index": 3
  },
  {
    "name": "Require(0) config/config.default.js",
    "start": 1622012271722,
    "end": 1622012271723,
    "duration": 1,
    "pid": 14476,
    "index": 4
  },
  {
    "name": "Require(1) node_modules/egg-session/config/config.default.js",
    "start": 1622012271725,
    "end": 1622012271726,
    "duration": 1,
    "pid": 14476,
    "index": 5
  },
  {
    "name": "Require(2) node_modules/egg-security/config/config.default.js",
    "start": 1622012271727,
    "end": 1622012271728,
    "duration": 1,
    "pid": 14476,
    "index": 6
  },
  {
    "name": "Require(3) node_modules/egg-jsonp/config/config.default.js",
    "start": 1622012271729,
    "end": 1622012271730,
    "duration": 1,
    "pid": 14476,
    "index": 7
  },
  {
    "name": "Require(4) node_modules/egg-onerror/config/config.default.js",
    "start": 1622012271731,
    "end": 1622012271732,
    "duration": 1,
    "pid": 14476,
    "index": 8
  },
  {
    "name": "Require(5) node_modules/egg-i18n/config/config.default.js",
    "start": 1622012271733,
    "end": 1622012271734,
    "duration": 1,
    "pid": 14476,
    "index": 9
  },
  {
    "name": "Require(6) node_modules/egg-watcher/config/config.default.js",
    "start": 1622012271735,
    "end": 1622012271736,
    "duration": 1,
    "pid": 14476,
    "index": 10
  },
  {
    "name": "Require(7) node_modules/egg-schedule/config/config.default.js",
    "start": 1622012271737,
    "end": 1622012271738,
    "duration": 1,
    "pid": 14476,
    "index": 11
  },
  {
    "name": "Require(8) node_modules/egg-multipart/config/config.default.js",
    "start": 1622012271739,
    "end": 1622012271739,
    "duration": 0,
    "pid": 14476,
    "index": 12
  },
  {
    "name": "Require(9) node_modules/egg-logrotator/config/config.default.js",
    "start": 1622012271741,
    "end": 1622012271742,
    "duration": 1,
    "pid": 14476,
    "index": 13
  },
  {
    "name": "Require(10) node_modules/egg-static/config/config.default.js",
    "start": 1622012271743,
    "end": 1622012271743,
    "duration": 0,
    "pid": 14476,
    "index": 14
  },
  {
    "name": "Require(11) node_modules/egg-view/config/config.default.js",
    "start": 1622012271745,
    "end": 1622012271745,
    "duration": 0,
    "pid": 14476,
    "index": 15
  },
  {
    "name": "Require(12) node_modules/egg-view-nunjucks/config/config.default.js",
    "start": 1622012271746,
    "end": 1622012271747,
    "duration": 1,
    "pid": 14476,
    "index": 16
  },
  {
    "name": "Require(13) node_modules/egg-view-ejs/config/config.default.js",
    "start": 1622012271748,
    "end": 1622012271749,
    "duration": 1,
    "pid": 14476,
    "index": 17
  },
  {
    "name": "Require(14) node_modules/egg-mongoose/config/config.default.js",
    "start": 1622012271750,
    "end": 1622012271751,
    "duration": 1,
    "pid": 14476,
    "index": 18
  },
  {
    "name": "Require(15) node_modules/egg/config/config.default.js",
    "start": 1622012271752,
    "end": 1622012271752,
    "duration": 0,
    "pid": 14476,
    "index": 19
  },
  {
    "name": "Require(16) config/config.default.js",
    "start": 1622012271754,
    "end": 1622012271754,
    "duration": 0,
    "pid": 14476,
    "index": 20
  },
  {
    "name": "Require(17) node_modules/egg-static/config/config.prod.js",
    "start": 1622012271761,
    "end": 1622012271761,
    "duration": 0,
    "pid": 14476,
    "index": 21
  },
  {
    "name": "Load extend/application.js",
    "start": 1622012271766,
    "end": 1622012271846,
    "duration": 80,
    "pid": 14476,
    "index": 22
  },
  {
    "name": "Require(18) node_modules/egg-session/app/extend/application.js",
    "start": 1622012271767,
    "end": 1622012271768,
    "duration": 1,
    "pid": 14476,
    "index": 23
  },
  {
    "name": "Require(19) node_modules/egg-security/app/extend/application.js",
    "start": 1622012271770,
    "end": 1622012271772,
    "duration": 2,
    "pid": 14476,
    "index": 24
  },
  {
    "name": "Require(20) node_modules/egg-jsonp/app/extend/application.js",
    "start": 1622012271773,
    "end": 1622012271776,
    "duration": 3,
    "pid": 14476,
    "index": 25
  },
  {
    "name": "Require(21) node_modules/egg-logrotator/app/extend/application.js",
    "start": 1622012271779,
    "end": 1622012271782,
    "duration": 3,
    "pid": 14476,
    "index": 26
  },
  {
    "name": "Require(22) node_modules/egg-view/app/extend/application.js",
    "start": 1622012271783,
    "end": 1622012271786,
    "duration": 3,
    "pid": 14476,
    "index": 27
  },
  {
    "name": "Require(23) node_modules/egg-view-nunjucks/app/extend/application.js",
    "start": 1622012271787,
    "end": 1622012271834,
    "duration": 47,
    "pid": 14476,
    "index": 28
  },
  {
    "name": "Load extend/request.js",
    "start": 1622012271846,
    "end": 1622012271867,
    "duration": 21,
    "pid": 14476,
    "index": 29
  },
  {
    "name": "Require(24) node_modules/egg/app/extend/request.js",
    "start": 1622012271858,
    "end": 1622012271859,
    "duration": 1,
    "pid": 14476,
    "index": 30
  },
  {
    "name": "Load extend/response.js",
    "start": 1622012271867,
    "end": 1622012271889,
    "duration": 22,
    "pid": 14476,
    "index": 31
  },
  {
    "name": "Require(25) node_modules/egg/app/extend/response.js",
    "start": 1622012271876,
    "end": 1622012271879,
    "duration": 3,
    "pid": 14476,
    "index": 32
  },
  {
    "name": "Load extend/context.js",
    "start": 1622012271889,
    "end": 1622012272024,
    "duration": 135,
    "pid": 14476,
    "index": 33
  },
  {
    "name": "Require(26) node_modules/egg-security/app/extend/context.js",
    "start": 1622012271891,
    "end": 1622012271912,
    "duration": 21,
    "pid": 14476,
    "index": 34
  },
  {
    "name": "Require(27) node_modules/egg-jsonp/app/extend/context.js",
    "start": 1622012271913,
    "end": 1622012271916,
    "duration": 3,
    "pid": 14476,
    "index": 35
  },
  {
    "name": "Require(28) node_modules/egg-i18n/app/extend/context.js",
    "start": 1622012271918,
    "end": 1622012271919,
    "duration": 1,
    "pid": 14476,
    "index": 36
  },
  {
    "name": "Require(29) node_modules/egg-multipart/app/extend/context.js",
    "start": 1622012271921,
    "end": 1622012272000,
    "duration": 79,
    "pid": 14476,
    "index": 37
  },
  {
    "name": "Require(30) node_modules/egg-view/app/extend/context.js",
    "start": 1622012272002,
    "end": 1622012272006,
    "duration": 4,
    "pid": 14476,
    "index": 38
  },
  {
    "name": "Require(31) node_modules/egg-mongoose/app/extend/context.js",
    "start": 1622012272011,
    "end": 1622012272011,
    "duration": 0,
    "pid": 14476,
    "index": 39
  },
  {
    "name": "Require(32) node_modules/egg/app/extend/context.js",
    "start": 1622012272012,
    "end": 1622012272013,
    "duration": 1,
    "pid": 14476,
    "index": 40
  },
  {
    "name": "Load extend/helper.js",
    "start": 1622012272024,
    "end": 1622012272090,
    "duration": 66,
    "pid": 14476,
    "index": 41
  },
  {
    "name": "Require(33) node_modules/egg-security/app/extend/helper.js",
    "start": 1622012272026,
    "end": 1622012272067,
    "duration": 41,
    "pid": 14476,
    "index": 42
  },
  {
    "name": "Require(34) node_modules/egg/app/extend/helper.js",
    "start": 1622012272076,
    "end": 1622012272076,
    "duration": 0,
    "pid": 14476,
    "index": 43
  },
  {
    "name": "Require(35) app/extend/helper.js",
    "start": 1622012272078,
    "end": 1622012272081,
    "duration": 3,
    "pid": 14476,
    "index": 44
  },
  {
    "name": "Load app.js",
    "start": 1622012272090,
    "end": 1622012272188,
    "duration": 98,
    "pid": 14476,
    "index": 45
  },
  {
    "name": "Require(36) node_modules/egg-session/app.js",
    "start": 1622012272091,
    "end": 1622012272092,
    "duration": 1,
    "pid": 14476,
    "index": 46
  },
  {
    "name": "Require(37) node_modules/egg-security/app.js",
    "start": 1622012272093,
    "end": 1622012272095,
    "duration": 2,
    "pid": 14476,
    "index": 47
  },
  {
    "name": "Require(38) node_modules/egg-onerror/app.js",
    "start": 1622012272097,
    "end": 1622012272118,
    "duration": 21,
    "pid": 14476,
    "index": 48
  },
  {
    "name": "Require(39) node_modules/egg-i18n/app.js",
    "start": 1622012272119,
    "end": 1622012272153,
    "duration": 34,
    "pid": 14476,
    "index": 49
  },
  {
    "name": "Require(40) node_modules/egg-watcher/app.js",
    "start": 1622012272154,
    "end": 1622012272166,
    "duration": 12,
    "pid": 14476,
    "index": 50
  },
  {
    "name": "Require(41) node_modules/egg-schedule/app.js",
    "start": 1622012272167,
    "end": 1622012272170,
    "duration": 3,
    "pid": 14476,
    "index": 51
  },
  {
    "name": "Require(42) node_modules/egg-multipart/app.js",
    "start": 1622012272171,
    "end": 1622012272171,
    "duration": 0,
    "pid": 14476,
    "index": 52
  },
  {
    "name": "Require(43) node_modules/egg-logrotator/app.js",
    "start": 1622012272173,
    "end": 1622012272175,
    "duration": 2,
    "pid": 14476,
    "index": 53
  },
  {
    "name": "Require(44) node_modules/egg-static/app.js",
    "start": 1622012272177,
    "end": 1622012272178,
    "duration": 1,
    "pid": 14476,
    "index": 54
  },
  {
    "name": "Require(45) node_modules/egg-view-nunjucks/app.js",
    "start": 1622012272183,
    "end": 1622012272184,
    "duration": 1,
    "pid": 14476,
    "index": 55
  },
  {
    "name": "Require(46) node_modules/egg-view-ejs/app.js",
    "start": 1622012272184,
    "end": 1622012272185,
    "duration": 1,
    "pid": 14476,
    "index": 56
  },
  {
    "name": "Require(47) node_modules/egg-mongoose/app.js",
    "start": 1622012272186,
    "end": 1622012272186,
    "duration": 0,
    "pid": 14476,
    "index": 57
  },
  {
    "name": "Before Start in node_modules/egg-watcher/lib/init.js:15:14",
    "start": 1622012272205,
    "end": 1622012273813,
    "duration": 1608,
    "pid": 14476,
    "index": 58
  },
  {
    "name": "Before Start in node_modules/egg-mongoose/lib/mongoose.js:104:7",
    "start": 1622012273020,
    "end": 1622012273976,
    "duration": 956,
    "pid": 14476,
    "index": 59
  },
  {
    "name": "Before Start in node_modules/egg-mongoose/lib/mongoose.js:52:9",
    "start": 1622012273021,
    "end": 1622012273797,
    "duration": 776,
    "pid": 14476,
    "index": 60
  },
  {
    "name": "Load Service",
    "start": 1622012273021,
    "end": 1622012273482,
    "duration": 461,
    "pid": 14476,
    "index": 61
  },
  {
    "name": "Load \"service\" to Context",
    "start": 1622012273021,
    "end": 1622012273482,
    "duration": 461,
    "pid": 14476,
    "index": 62
  },
  {
    "name": "Load Middleware",
    "start": 1622012273482,
    "end": 1622012273706,
    "duration": 224,
    "pid": 14476,
    "index": 63
  },
  {
    "name": "Load \"middlewares\" to Application",
    "start": 1622012273483,
    "end": 1622012273688,
    "duration": 205,
    "pid": 14476,
    "index": 64
  },
  {
    "name": "Load Controller",
    "start": 1622012273706,
    "end": 1622012273738,
    "duration": 32,
    "pid": 14476,
    "index": 65
  },
  {
    "name": "Load \"controller\" to Application",
    "start": 1622012273706,
    "end": 1622012273737,
    "duration": 31,
    "pid": 14476,
    "index": 66
  },
  {
    "name": "Load Router",
    "start": 1622012273738,
    "end": 1622012273744,
    "duration": 6,
    "pid": 14476,
    "index": 67
  },
  {
    "name": "Require(48) app/router.js",
    "start": 1622012273738,
    "end": 1622012273739,
    "duration": 1,
    "pid": 14476,
    "index": 68
  },
  {
    "name": "Before Start in node_modules/egg-core/lib/egg.js:303:10",
    "start": 1622012273740,
    "end": 1622012273797,
    "duration": 57,
    "pid": 14476,
    "index": 69
  },
  {
    "name": "Load \"model\" to Application",
    "start": 1622012273755,
    "end": 1622012273796,
    "duration": 41,
    "pid": 14476,
    "index": 70
  }
]