[
  {
    "name": "Process Start",
    "start": 1622012515328,
    "end": 1622012516771,
    "duration": 1443,
    "pid": 18280,
    "index": 0
  },
  {
    "name": "Application Start",
    "start": 1622012516772,
    "end": 1622012519029,
    "duration": 2257,
    "pid": 18280,
    "index": 1
  },
  {
    "name": "Load Plugin",
    "start": 1622012516782,
    "end": 1622012516845,
    "duration": 63,
    "pid": 18280,
    "index": 2
  },
  {
    "name": "Load Config",
    "start": 1622012516845,
    "end": 1622012516887,
    "duration": 42,
    "pid": 18280,
    "index": 3
  },
  {
    "name": "Require(0) config/config.default.js",
    "start": 1622012516846,
    "end": 1622012516846,
    "duration": 0,
    "pid": 18280,
    "index": 4
  },
  {
    "name": "Require(1) node_modules/egg-session/config/config.default.js",
    "start": 1622012516849,
    "end": 1622012516850,
    "duration": 1,
    "pid": 18280,
    "index": 5
  },
  {
    "name": "Require(2) node_modules/egg-security/config/config.default.js",
    "start": 1622012516851,
    "end": 1622012516852,
    "duration": 1,
    "pid": 18280,
    "index": 6
  },
  {
    "name": "Require(3) node_modules/egg-jsonp/config/config.default.js",
    "start": 1622012516853,
    "end": 1622012516854,
    "duration": 1,
    "pid": 18280,
    "index": 7
  },
  {
    "name": "Require(4) node_modules/egg-onerror/config/config.default.js",
    "start": 1622012516855,
    "end": 1622012516856,
    "duration": 1,
    "pid": 18280,
    "index": 8
  },
  {
    "name": "Require(5) node_modules/egg-i18n/config/config.default.js",
    "start": 1622012516857,
    "end": 1622012516858,
    "duration": 1,
    "pid": 18280,
    "index": 9
  },
  {
    "name": "Require(6) node_modules/egg-watcher/config/config.default.js",
    "start": 1622012516859,
    "end": 1622012516860,
    "duration": 1,
    "pid": 18280,
    "index": 10
  },
  {
    "name": "Require(7) node_modules/egg-schedule/config/config.default.js",
    "start": 1622012516861,
    "end": 1622012516862,
    "duration": 1,
    "pid": 18280,
    "index": 11
  },
  {
    "name": "Require(8) node_modules/egg-multipart/config/config.default.js",
    "start": 1622012516863,
    "end": 1622012516863,
    "duration": 0,
    "pid": 18280,
    "index": 12
  },
  {
    "name": "Require(9) node_modules/egg-logrotator/config/config.default.js",
    "start": 1622012516865,
    "end": 1622012516865,
    "duration": 0,
    "pid": 18280,
    "index": 13
  },
  {
    "name": "Require(10) node_modules/egg-static/config/config.default.js",
    "start": 1622012516866,
    "end": 1622012516867,
    "duration": 1,
    "pid": 18280,
    "index": 14
  },
  {
    "name": "Require(11) node_modules/egg-view/config/config.default.js",
    "start": 1622012516869,
    "end": 1622012516869,
    "duration": 0,
    "pid": 18280,
    "index": 15
  },
  {
    "name": "Require(12) node_modules/egg-view-nunjucks/config/config.default.js",
    "start": 1622012516871,
    "end": 1622012516872,
    "duration": 1,
    "pid": 18280,
    "index": 16
  },
  {
    "name": "Require(13) node_modules/egg-view-ejs/config/config.default.js",
    "start": 1622012516873,
    "end": 1622012516874,
    "duration": 1,
    "pid": 18280,
    "index": 17
  },
  {
    "name": "Require(14) node_modules/egg-mongoose/config/config.default.js",
    "start": 1622012516875,
    "end": 1622012516876,
    "duration": 1,
    "pid": 18280,
    "index": 18
  },
  {
    "name": "Require(15) node_modules/egg/config/config.default.js",
    "start": 1622012516876,
    "end": 1622012516877,
    "duration": 1,
    "pid": 18280,
    "index": 19
  },
  {
    "name": "Require(16) config/config.default.js",
    "start": 1622012516879,
    "end": 1622012516879,
    "duration": 0,
    "pid": 18280,
    "index": 20
  },
  {
    "name": "Require(17) node_modules/egg-static/config/config.prod.js",
    "start": 1622012516884,
    "end": 1622012516885,
    "duration": 1,
    "pid": 18280,
    "index": 21
  },
  {
    "name": "Load extend/application.js",
    "start": 1622012516889,
    "end": 1622012516978,
    "duration": 89,
    "pid": 18280,
    "index": 22
  },
  {
    "name": "Require(18) node_modules/egg-session/app/extend/application.js",
    "start": 1622012516890,
    "end": 1622012516891,
    "duration": 1,
    "pid": 18280,
    "index": 23
  },
  {
    "name": "Require(19) node_modules/egg-security/app/extend/application.js",
    "start": 1622012516892,
    "end": 1622012516894,
    "duration": 2,
    "pid": 18280,
    "index": 24
  },
  {
    "name": "Require(20) node_modules/egg-jsonp/app/extend/application.js",
    "start": 1622012516896,
    "end": 1622012516898,
    "duration": 2,
    "pid": 18280,
    "index": 25
  },
  {
    "name": "Require(21) node_modules/egg-logrotator/app/extend/application.js",
    "start": 1622012516903,
    "end": 1622012516906,
    "duration": 3,
    "pid": 18280,
    "index": 26
  },
  {
    "name": "Require(22) node_modules/egg-view/app/extend/application.js",
    "start": 1622012516908,
    "end": 1622012516910,
    "duration": 2,
    "pid": 18280,
    "index": 27
  },
  {
    "name": "Require(23) node_modules/egg-view-nunjucks/app/extend/application.js",
    "start": 1622012516911,
    "end": 1622012516964,
    "duration": 53,
    "pid": 18280,
    "index": 28
  },
  {
    "name": "Load extend/request.js",
    "start": 1622012516978,
    "end": 1622012516999,
    "duration": 21,
    "pid": 18280,
    "index": 29
  },
  {
    "name": "Require(24) node_modules/egg/app/extend/request.js",
    "start": 1622012516987,
    "end": 1622012516989,
    "duration": 2,
    "pid": 18280,
    "index": 30
  },
  {
    "name": "Load extend/response.js",
    "start": 1622012516999,
    "end": 1622012517021,
    "duration": 22,
    "pid": 18280,
    "index": 31
  },
  {
    "name": "Require(25) node_modules/egg/app/extend/response.js",
    "start": 1622012517008,
    "end": 1622012517012,
    "duration": 4,
    "pid": 18280,
    "index": 32
  },
  {
    "name": "Load extend/context.js",
    "start": 1622012517021,
    "end": 1622012517147,
    "duration": 126,
    "pid": 18280,
    "index": 33
  },
  {
    "name": "Require(26) node_modules/egg-security/app/extend/context.js",
    "start": 1622012517022,
    "end": 1622012517046,
    "duration": 24,
    "pid": 18280,
    "index": 34
  },
  {
    "name": "Require(27) node_modules/egg-jsonp/app/extend/context.js",
    "start": 1622012517046,
    "end": 1622012517049,
    "duration": 3,
    "pid": 18280,
    "index": 35
  },
  {
    "name": "Require(28) node_modules/egg-i18n/app/extend/context.js",
    "start": 1622012517051,
    "end": 1622012517052,
    "duration": 1,
    "pid": 18280,
    "index": 36
  },
  {
    "name": "Require(29) node_modules/egg-multipart/app/extend/context.js",
    "start": 1622012517053,
    "end": 1622012517125,
    "duration": 72,
    "pid": 18280,
    "index": 37
  },
  {
    "name": "Require(30) node_modules/egg-view/app/extend/context.js",
    "start": 1622012517127,
    "end": 1622012517129,
    "duration": 2,
    "pid": 18280,
    "index": 38
  },
  {
    "name": "Require(31) node_modules/egg-mongoose/app/extend/context.js",
    "start": 1622012517131,
    "end": 1622012517132,
    "duration": 1,
    "pid": 18280,
    "index": 39
  },
  {
    "name": "Require(32) node_modules/egg/app/extend/context.js",
    "start": 1622012517133,
    "end": 1622012517134,
    "duration": 1,
    "pid": 18280,
    "index": 40
  },
  {
    "name": "Load extend/helper.js",
    "start": 1622012517147,
    "end": 1622012517205,
    "duration": 58,
    "pid": 18280,
    "index": 41
  },
  {
    "name": "Require(33) node_modules/egg-security/app/extend/helper.js",
    "start": 1622012517148,
    "end": 1622012517183,
    "duration": 35,
    "pid": 18280,
    "index": 42
  },
  {
    "name": "Require(34) node_modules/egg/app/extend/helper.js",
    "start": 1622012517191,
    "end": 1622012517192,
    "duration": 1,
    "pid": 18280,
    "index": 43
  },
  {
    "name": "Require(35) app/extend/helper.js",
    "start": 1622012517193,
    "end": 1622012517196,
    "duration": 3,
    "pid": 18280,
    "index": 44
  },
  {
    "name": "Load app.js",
    "start": 1622012517206,
    "end": 1622012517284,
    "duration": 78,
    "pid": 18280,
    "index": 45
  },
  {
    "name": "Require(36) node_modules/egg-session/app.js",
    "start": 1622012517209,
    "end": 1622012517209,
    "duration": 0,
    "pid": 18280,
    "index": 46
  },
  {
    "name": "Require(37) node_modules/egg-security/app.js",
    "start": 1622012517210,
    "end": 1622012517213,
    "duration": 3,
    "pid": 18280,
    "index": 47
  },
  {
    "name": "Require(38) node_modules/egg-onerror/app.js",
    "start": 1622012517214,
    "end": 1622012517229,
    "duration": 15,
    "pid": 18280,
    "index": 48
  },
  {
    "name": "Require(39) node_modules/egg-i18n/app.js",
    "start": 1622012517230,
    "end": 1622012517257,
    "duration": 27,
    "pid": 18280,
    "index": 49
  },
  {
    "name": "Require(40) node_modules/egg-watcher/app.js",
    "start": 1622012517258,
    "end": 1622012517266,
    "duration": 8,
    "pid": 18280,
    "index": 50
  },
  {
    "name": "Require(41) node_modules/egg-schedule/app.js",
    "start": 1622012517266,
    "end": 1622012517271,
    "duration": 5,
    "pid": 18280,
    "index": 51
  },
  {
    "name": "Require(42) node_modules/egg-multipart/app.js",
    "start": 1622012517272,
    "end": 1622012517273,
    "duration": 1,
    "pid": 18280,
    "index": 52
  },
  {
    "name": "Require(43) node_modules/egg-logrotator/app.js",
    "start": 1622012517274,
    "end": 1622012517274,
    "duration": 0,
    "pid": 18280,
    "index": 53
  },
  {
    "name": "Require(44) node_modules/egg-static/app.js",
    "start": 1622012517275,
    "end": 1622012517275,
    "duration": 0,
    "pid": 18280,
    "index": 54
  },
  {
    "name": "Require(45) node_modules/egg-view-nunjucks/app.js",
    "start": 1622012517277,
    "end": 1622012517277,
    "duration": 0,
    "pid": 18280,
    "index": 55
  },
  {
    "name": "Require(46) node_modules/egg-view-ejs/app.js",
    "start": 1622012517278,
    "end": 1622012517278,
    "duration": 0,
    "pid": 18280,
    "index": 56
  },
  {
    "name": "Require(47) node_modules/egg-mongoose/app.js",
    "start": 1622012517279,
    "end": 1622012517280,
    "duration": 1,
    "pid": 18280,
    "index": 57
  },
  {
    "name": "Before Start in node_modules/egg-watcher/lib/init.js:15:14",
    "start": 1622012517300,
    "end": 1622012518887,
    "duration": 1587,
    "pid": 18280,
    "index": 58
  },
  {
    "name": "Before Start in node_modules/egg-mongoose/lib/mongoose.js:104:7",
    "start": 1622012518075,
    "end": 1622012519029,
    "duration": 954,
    "pid": 18280,
    "index": 59
  },
  {
    "name": "Before Start in node_modules/egg-mongoose/lib/mongoose.js:52:9",
    "start": 1622012518075,
    "end": 1622012518869,
    "duration": 794,
    "pid": 18280,
    "index": 60
  },
  {
    "name": "Load Service",
    "start": 1622012518076,
    "end": 1622012518531,
    "duration": 455,
    "pid": 18280,
    "index": 61
  },
  {
    "name": "Load \"service\" to Context",
    "start": 1622012518076,
    "end": 1622012518531,
    "duration": 455,
    "pid": 18280,
    "index": 62
  },
  {
    "name": "Load Middleware",
    "start": 1622012518531,
    "end": 1622012518757,
    "duration": 226,
    "pid": 18280,
    "index": 63
  },
  {
    "name": "Load \"middlewares\" to Application",
    "start": 1622012518531,
    "end": 1622012518739,
    "duration": 208,
    "pid": 18280,
    "index": 64
  },
  {
    "name": "Load Controller",
    "start": 1622012518757,
    "end": 1622012518793,
    "duration": 36,
    "pid": 18280,
    "index": 65
  },
  {
    "name": "Load \"controller\" to Application",
    "start": 1622012518757,
    "end": 1622012518793,
    "duration": 36,
    "pid": 18280,
    "index": 66
  },
  {
    "name": "Load Router",
    "start": 1622012518793,
    "end": 1622012518801,
    "duration": 8,
    "pid": 18280,
    "index": 67
  },
  {
    "name": "Require(48) app/router.js",
    "start": 1622012518794,
    "end": 1622012518794,
    "duration": 0,
    "pid": 18280,
    "index": 68
  },
  {
    "name": "Before Start in node_modules/egg-core/lib/egg.js:303:10",
    "start": 1622012518796,
    "end": 1622012518869,
    "duration": 73,
    "pid": 18280,
    "index": 69
  },
  {
    "name": "Load \"model\" to Application",
    "start": 1622012518813,
    "end": 1622012518868,
    "duration": 55,
    "pid": 18280,
    "index": 70
  }
]