[
  {
    "name": "Process Start",
    "start": 1622012083633,
    "end": 1622012084979,
    "duration": 1346,
    "pid": 13812,
    "index": 0
  },
  {
    "name": "Application Start",
    "start": 1622012084980,
    "end": 1622012087322,
    "duration": 2342,
    "pid": 13812,
    "index": 1
  },
  {
    "name": "Load Plugin",
    "start": 1622012084990,
    "end": 1622012085050,
    "duration": 60,
    "pid": 13812,
    "index": 2
  },
  {
    "name": "Load Config",
    "start": 1622012085050,
    "end": 1622012085093,
    "duration": 43,
    "pid": 13812,
    "index": 3
  },
  {
    "name": "Require(0) config/config.default.js",
    "start": 1622012085051,
    "end": 1622012085052,
    "duration": 1,
    "pid": 13812,
    "index": 4
  },
  {
    "name": "Require(1) node_modules/egg-session/config/config.default.js",
    "start": 1622012085055,
    "end": 1622012085056,
    "duration": 1,
    "pid": 13812,
    "index": 5
  },
  {
    "name": "Require(2) node_modules/egg-security/config/config.default.js",
    "start": 1622012085057,
    "end": 1622012085057,
    "duration": 0,
    "pid": 13812,
    "index": 6
  },
  {
    "name": "Require(3) node_modules/egg-jsonp/config/config.default.js",
    "start": 1622012085059,
    "end": 1622012085060,
    "duration": 1,
    "pid": 13812,
    "index": 7
  },
  {
    "name": "Require(4) node_modules/egg-onerror/config/config.default.js",
    "start": 1622012085061,
    "end": 1622012085062,
    "duration": 1,
    "pid": 13812,
    "index": 8
  },
  {
    "name": "Require(5) node_modules/egg-i18n/config/config.default.js",
    "start": 1622012085063,
    "end": 1622012085064,
    "duration": 1,
    "pid": 13812,
    "index": 9
  },
  {
    "name": "Require(6) node_modules/egg-watcher/config/config.default.js",
    "start": 1622012085065,
    "end": 1622012085065,
    "duration": 0,
    "pid": 13812,
    "index": 10
  },
  {
    "name": "Require(7) node_modules/egg-schedule/config/config.default.js",
    "start": 1622012085066,
    "end": 1622012085067,
    "duration": 1,
    "pid": 13812,
    "index": 11
  },
  {
    "name": "Require(8) node_modules/egg-multipart/config/config.default.js",
    "start": 1622012085068,
    "end": 1622012085069,
    "duration": 1,
    "pid": 13812,
    "index": 12
  },
  {
    "name": "Require(9) node_modules/egg-logrotator/config/config.default.js",
    "start": 1622012085070,
    "end": 1622012085071,
    "duration": 1,
    "pid": 13812,
    "index": 13
  },
  {
    "name": "Require(10) node_modules/egg-static/config/config.default.js",
    "start": 1622012085072,
    "end": 1622012085073,
    "duration": 1,
    "pid": 13812,
    "index": 14
  },
  {
    "name": "Require(11) node_modules/egg-view/config/config.default.js",
    "start": 1622012085074,
    "end": 1622012085075,
    "duration": 1,
    "pid": 13812,
    "index": 15
  },
  {
    "name": "Require(12) node_modules/egg-view-nunjucks/config/config.default.js",
    "start": 1622012085076,
    "end": 1622012085077,
    "duration": 1,
    "pid": 13812,
    "index": 16
  },
  {
    "name": "Require(13) node_modules/egg-view-ejs/config/config.default.js",
    "start": 1622012085078,
    "end": 1622012085079,
    "duration": 1,
    "pid": 13812,
    "index": 17
  },
  {
    "name": "Require(14) node_modules/egg-mongoose/config/config.default.js",
    "start": 1622012085080,
    "end": 1622012085081,
    "duration": 1,
    "pid": 13812,
    "index": 18
  },
  {
    "name": "Require(15) node_modules/egg/config/config.default.js",
    "start": 1622012085082,
    "end": 1622012085082,
    "duration": 0,
    "pid": 13812,
    "index": 19
  },
  {
    "name": "Require(16) config/config.default.js",
    "start": 1622012085084,
    "end": 1622012085084,
    "duration": 0,
    "pid": 13812,
    "index": 20
  },
  {
    "name": "Require(17) node_modules/egg-static/config/config.prod.js",
    "start": 1622012085089,
    "end": 1622012085090,
    "duration": 1,
    "pid": 13812,
    "index": 21
  },
  {
    "name": "Load extend/application.js",
    "start": 1622012085094,
    "end": 1622012085183,
    "duration": 89,
    "pid": 13812,
    "index": 22
  },
  {
    "name": "Require(18) node_modules/egg-session/app/extend/application.js",
    "start": 1622012085100,
    "end": 1622012085100,
    "duration": 0,
    "pid": 13812,
    "index": 23
  },
  {
    "name": "Require(19) node_modules/egg-security/app/extend/application.js",
    "start": 1622012085102,
    "end": 1622012085104,
    "duration": 2,
    "pid": 13812,
    "index": 24
  },
  {
    "name": "Require(20) node_modules/egg-jsonp/app/extend/application.js",
    "start": 1622012085105,
    "end": 1622012085108,
    "duration": 3,
    "pid": 13812,
    "index": 25
  },
  {
    "name": "Require(21) node_modules/egg-logrotator/app/extend/application.js",
    "start": 1622012085112,
    "end": 1622012085115,
    "duration": 3,
    "pid": 13812,
    "index": 26
  },
  {
    "name": "Require(22) node_modules/egg-view/app/extend/application.js",
    "start": 1622012085117,
    "end": 1622012085119,
    "duration": 2,
    "pid": 13812,
    "index": 27
  },
  {
    "name": "Require(23) node_modules/egg-view-nunjucks/app/extend/application.js",
    "start": 1622012085121,
    "end": 1622012085172,
    "duration": 51,
    "pid": 13812,
    "index": 28
  },
  {
    "name": "Load extend/request.js",
    "start": 1622012085183,
    "end": 1622012085215,
    "duration": 32,
    "pid": 13812,
    "index": 29
  },
  {
    "name": "Require(24) node_modules/egg/app/extend/request.js",
    "start": 1622012085200,
    "end": 1622012085201,
    "duration": 1,
    "pid": 13812,
    "index": 30
  },
  {
    "name": "Load extend/response.js",
    "start": 1622012085215,
    "end": 1622012085239,
    "duration": 24,
    "pid": 13812,
    "index": 31
  },
  {
    "name": "Require(25) node_modules/egg/app/extend/response.js",
    "start": 1622012085224,
    "end": 1622012085227,
    "duration": 3,
    "pid": 13812,
    "index": 32
  },
  {
    "name": "Load extend/context.js",
    "start": 1622012085239,
    "end": 1622012085363,
    "duration": 124,
    "pid": 13812,
    "index": 33
  },
  {
    "name": "Require(26) node_modules/egg-security/app/extend/context.js",
    "start": 1622012085240,
    "end": 1622012085259,
    "duration": 19,
    "pid": 13812,
    "index": 34
  },
  {
    "name": "Require(27) node_modules/egg-jsonp/app/extend/context.js",
    "start": 1622012085259,
    "end": 1622012085263,
    "duration": 4,
    "pid": 13812,
    "index": 35
  },
  {
    "name": "Require(28) node_modules/egg-i18n/app/extend/context.js",
    "start": 1622012085264,
    "end": 1622012085265,
    "duration": 1,
    "pid": 13812,
    "index": 36
  },
  {
    "name": "Require(29) node_modules/egg-multipart/app/extend/context.js",
    "start": 1622012085267,
    "end": 1622012085345,
    "duration": 78,
    "pid": 13812,
    "index": 37
  },
  {
    "name": "Require(30) node_modules/egg-view/app/extend/context.js",
    "start": 1622012085346,
    "end": 1622012085349,
    "duration": 3,
    "pid": 13812,
    "index": 38
  },
  {
    "name": "Require(31) node_modules/egg-mongoose/app/extend/context.js",
    "start": 1622012085351,
    "end": 1622012085352,
    "duration": 1,
    "pid": 13812,
    "index": 39
  },
  {
    "name": "Require(32) node_modules/egg/app/extend/context.js",
    "start": 1622012085353,
    "end": 1622012085354,
    "duration": 1,
    "pid": 13812,
    "index": 40
  },
  {
    "name": "Load extend/helper.js",
    "start": 1622012085363,
    "end": 1622012085416,
    "duration": 53,
    "pid": 13812,
    "index": 41
  },
  {
    "name": "Require(33) node_modules/egg-security/app/extend/helper.js",
    "start": 1622012085364,
    "end": 1622012085397,
    "duration": 33,
    "pid": 13812,
    "index": 42
  },
  {
    "name": "Require(34) node_modules/egg/app/extend/helper.js",
    "start": 1622012085403,
    "end": 1622012085404,
    "duration": 1,
    "pid": 13812,
    "index": 43
  },
  {
    "name": "Require(35) app/extend/helper.js",
    "start": 1622012085405,
    "end": 1622012085408,
    "duration": 3,
    "pid": 13812,
    "index": 44
  },
  {
    "name": "Load app.js",
    "start": 1622012085417,
    "end": 1622012085492,
    "duration": 75,
    "pid": 13812,
    "index": 45
  },
  {
    "name": "Require(36) node_modules/egg-session/app.js",
    "start": 1622012085418,
    "end": 1622012085418,
    "duration": 0,
    "pid": 13812,
    "index": 46
  },
  {
    "name": "Require(37) node_modules/egg-security/app.js",
    "start": 1622012085419,
    "end": 1622012085421,
    "duration": 2,
    "pid": 13812,
    "index": 47
  },
  {
    "name": "Require(38) node_modules/egg-onerror/app.js",
    "start": 1622012085423,
    "end": 1622012085439,
    "duration": 16,
    "pid": 13812,
    "index": 48
  },
  {
    "name": "Require(39) node_modules/egg-i18n/app.js",
    "start": 1622012085440,
    "end": 1622012085472,
    "duration": 32,
    "pid": 13812,
    "index": 49
  },
  {
    "name": "Require(40) node_modules/egg-watcher/app.js",
    "start": 1622012085473,
    "end": 1622012085480,
    "duration": 7,
    "pid": 13812,
    "index": 50
  },
  {
    "name": "Require(41) node_modules/egg-schedule/app.js",
    "start": 1622012085480,
    "end": 1622012085483,
    "duration": 3,
    "pid": 13812,
    "index": 51
  },
  {
    "name": "Require(42) node_modules/egg-multipart/app.js",
    "start": 1622012085483,
    "end": 1622012085484,
    "duration": 1,
    "pid": 13812,
    "index": 52
  },
  {
    "name": "Require(43) node_modules/egg-logrotator/app.js",
    "start": 1622012085485,
    "end": 1622012085485,
    "duration": 0,
    "pid": 13812,
    "index": 53
  },
  {
    "name": "Require(44) node_modules/egg-static/app.js",
    "start": 1622012085486,
    "end": 1622012085486,
    "duration": 0,
    "pid": 13812,
    "index": 54
  },
  {
    "name": "Require(45) node_modules/egg-view-nunjucks/app.js",
    "start": 1622012085488,
    "end": 1622012085488,
    "duration": 0,
    "pid": 13812,
    "index": 55
  },
  {
    "name": "Require(46) node_modules/egg-view-ejs/app.js",
    "start": 1622012085489,
    "end": 1622012085489,
    "duration": 0,
    "pid": 13812,
    "index": 56
  },
  {
    "name": "Require(47) node_modules/egg-mongoose/app.js",
    "start": 1622012085490,
    "end": 1622012085491,
    "duration": 1,
    "pid": 13812,
    "index": 57
  },
  {
    "name": "Before Start in node_modules/egg-watcher/lib/init.js:15:14",
    "start": 1622012085507,
    "end": 1622012087145,
    "duration": 1638,
    "pid": 13812,
    "index": 58
  },
  {
    "name": "Before Start in node_modules/egg-mongoose/lib/mongoose.js:104:7",
    "start": 1622012086317,
    "end": 1622012087321,
    "duration": 1004,
    "pid": 13812,
    "index": 59
  },
  {
    "name": "Before Start in node_modules/egg-mongoose/lib/mongoose.js:52:9",
    "start": 1622012086318,
    "end": 1622012087127,
    "duration": 809,
    "pid": 13812,
    "index": 60
  },
  {
    "name": "Load Service",
    "start": 1622012086318,
    "end": 1622012086774,
    "duration": 456,
    "pid": 13812,
    "index": 61
  },
  {
    "name": "Load \"service\" to Context",
    "start": 1622012086318,
    "end": 1622012086774,
    "duration": 456,
    "pid": 13812,
    "index": 62
  },
  {
    "name": "Load Middleware",
    "start": 1622012086774,
    "end": 1622012087020,
    "duration": 246,
    "pid": 13812,
    "index": 63
  },
  {
    "name": "Load \"middlewares\" to Application",
    "start": 1622012086774,
    "end": 1622012086992,
    "duration": 218,
    "pid": 13812,
    "index": 64
  },
  {
    "name": "Load Controller",
    "start": 1622012087020,
    "end": 1622012087055,
    "duration": 35,
    "pid": 13812,
    "index": 65
  },
  {
    "name": "Load \"controller\" to Application",
    "start": 1622012087020,
    "end": 1622012087055,
    "duration": 35,
    "pid": 13812,
    "index": 66
  },
  {
    "name": "Load Router",
    "start": 1622012087055,
    "end": 1622012087062,
    "duration": 7,
    "pid": 13812,
    "index": 67
  },
  {
    "name": "Require(48) app/router.js",
    "start": 1622012087056,
    "end": 1622012087056,
    "duration": 0,
    "pid": 13812,
    "index": 68
  },
  {
    "name": "Before Start in node_modules/egg-core/lib/egg.js:303:10",
    "start": 1622012087058,
    "end": 1622012087127,
    "duration": 69,
    "pid": 13812,
    "index": 69
  },
  {
    "name": "Load \"model\" to Application",
    "start": 1622012087075,
    "end": 1622012087126,
    "duration": 51,
    "pid": 13812,
    "index": 70
  }
]