[
  {
    "name": "Process Start",
    "start": 1622012515745,
    "end": 1622012517285,
    "duration": 1540,
    "pid": 20648,
    "index": 0
  },
  {
    "name": "Application Start",
    "start": 1622012517287,
    "end": 1622012519375,
    "duration": 2088,
    "pid": 20648,
    "index": 1
  },
  {
    "name": "Load Plugin",
    "start": 1622012517297,
    "end": 1622012517353,
    "duration": 56,
    "pid": 20648,
    "index": 2
  },
  {
    "name": "Load Config",
    "start": 1622012517353,
    "end": 1622012517398,
    "duration": 45,
    "pid": 20648,
    "index": 3
  },
  {
    "name": "Require(0) config/config.default.js",
    "start": 1622012517354,
    "end": 1622012517355,
    "duration": 1,
    "pid": 20648,
    "index": 4
  },
  {
    "name": "Require(1) node_modules/egg-session/config/config.default.js",
    "start": 1622012517357,
    "end": 1622012517358,
    "duration": 1,
    "pid": 20648,
    "index": 5
  },
  {
    "name": "Require(2) node_modules/egg-security/config/config.default.js",
    "start": 1622012517359,
    "end": 1622012517360,
    "duration": 1,
    "pid": 20648,
    "index": 6
  },
  {
    "name": "Require(3) node_modules/egg-jsonp/config/config.default.js",
    "start": 1622012517361,
    "end": 1622012517362,
    "duration": 1,
    "pid": 20648,
    "index": 7
  },
  {
    "name": "Require(4) node_modules/egg-onerror/config/config.default.js",
    "start": 1622012517363,
    "end": 1622012517364,
    "duration": 1,
    "pid": 20648,
    "index": 8
  },
  {
    "name": "Require(5) node_modules/egg-i18n/config/config.default.js",
    "start": 1622012517365,
    "end": 1622012517366,
    "duration": 1,
    "pid": 20648,
    "index": 9
  },
  {
    "name": "Require(6) node_modules/egg-watcher/config/config.default.js",
    "start": 1622012517367,
    "end": 1622012517368,
    "duration": 1,
    "pid": 20648,
    "index": 10
  },
  {
    "name": "Require(7) node_modules/egg-schedule/config/config.default.js",
    "start": 1622012517369,
    "end": 1622012517369,
    "duration": 0,
    "pid": 20648,
    "index": 11
  },
  {
    "name": "Require(8) node_modules/egg-multipart/config/config.default.js",
    "start": 1622012517371,
    "end": 1622012517371,
    "duration": 0,
    "pid": 20648,
    "index": 12
  },
  {
    "name": "Require(9) node_modules/egg-logrotator/config/config.default.js",
    "start": 1622012517373,
    "end": 1622012517373,
    "duration": 0,
    "pid": 20648,
    "index": 13
  },
  {
    "name": "Require(10) node_modules/egg-static/config/config.default.js",
    "start": 1622012517374,
    "end": 1622012517375,
    "duration": 1,
    "pid": 20648,
    "index": 14
  },
  {
    "name": "Require(11) node_modules/egg-view/config/config.default.js",
    "start": 1622012517376,
    "end": 1622012517377,
    "duration": 1,
    "pid": 20648,
    "index": 15
  },
  {
    "name": "Require(12) node_modules/egg-view-nunjucks/config/config.default.js",
    "start": 1622012517379,
    "end": 1622012517380,
    "duration": 1,
    "pid": 20648,
    "index": 16
  },
  {
    "name": "Require(13) node_modules/egg-view-ejs/config/config.default.js",
    "start": 1622012517381,
    "end": 1622012517382,
    "duration": 1,
    "pid": 20648,
    "index": 17
  },
  {
    "name": "Require(14) node_modules/egg-mongoose/config/config.default.js",
    "start": 1622012517383,
    "end": 1622012517384,
    "duration": 1,
    "pid": 20648,
    "index": 18
  },
  {
    "name": "Require(15) node_modules/egg/config/config.default.js",
    "start": 1622012517384,
    "end": 1622012517385,
    "duration": 1,
    "pid": 20648,
    "index": 19
  },
  {
    "name": "Require(16) config/config.default.js",
    "start": 1622012517386,
    "end": 1622012517386,
    "duration": 0,
    "pid": 20648,
    "index": 20
  },
  {
    "name": "Require(17) node_modules/egg-static/config/config.prod.js",
    "start": 1622012517393,
    "end": 1622012517393,
    "duration": 0,
    "pid": 20648,
    "index": 21
  },
  {
    "name": "Load extend/application.js",
    "start": 1622012517400,
    "end": 1622012517479,
    "duration": 79,
    "pid": 20648,
    "index": 22
  },
  {
    "name": "Require(18) node_modules/egg-session/app/extend/application.js",
    "start": 1622012517401,
    "end": 1622012517402,
    "duration": 1,
    "pid": 20648,
    "index": 23
  },
  {
    "name": "Require(19) node_modules/egg-security/app/extend/application.js",
    "start": 1622012517403,
    "end": 1622012517405,
    "duration": 2,
    "pid": 20648,
    "index": 24
  },
  {
    "name": "Require(20) node_modules/egg-jsonp/app/extend/application.js",
    "start": 1622012517406,
    "end": 1622012517409,
    "duration": 3,
    "pid": 20648,
    "index": 25
  },
  {
    "name": "Require(21) node_modules/egg-logrotator/app/extend/application.js",
    "start": 1622012517412,
    "end": 1622012517415,
    "duration": 3,
    "pid": 20648,
    "index": 26
  },
  {
    "name": "Require(22) node_modules/egg-view/app/extend/application.js",
    "start": 1622012517416,
    "end": 1622012517419,
    "duration": 3,
    "pid": 20648,
    "index": 27
  },
  {
    "name": "Require(23) node_modules/egg-view-nunjucks/app/extend/application.js",
    "start": 1622012517420,
    "end": 1622012517468,
    "duration": 48,
    "pid": 20648,
    "index": 28
  },
  {
    "name": "Load extend/request.js",
    "start": 1622012517479,
    "end": 1622012517497,
    "duration": 18,
    "pid": 20648,
    "index": 29
  },
  {
    "name": "Require(24) node_modules/egg/app/extend/request.js",
    "start": 1622012517487,
    "end": 1622012517489,
    "duration": 2,
    "pid": 20648,
    "index": 30
  },
  {
    "name": "Load extend/response.js",
    "start": 1622012517497,
    "end": 1622012517516,
    "duration": 19,
    "pid": 20648,
    "index": 31
  },
  {
    "name": "Require(25) node_modules/egg/app/extend/response.js",
    "start": 1622012517505,
    "end": 1622012517508,
    "duration": 3,
    "pid": 20648,
    "index": 32
  },
  {
    "name": "Load extend/context.js",
    "start": 1622012517517,
    "end": 1622012517634,
    "duration": 117,
    "pid": 20648,
    "index": 33
  },
  {
    "name": "Require(26) node_modules/egg-security/app/extend/context.js",
    "start": 1622012517518,
    "end": 1622012517536,
    "duration": 18,
    "pid": 20648,
    "index": 34
  },
  {
    "name": "Require(27) node_modules/egg-jsonp/app/extend/context.js",
    "start": 1622012517537,
    "end": 1622012517540,
    "duration": 3,
    "pid": 20648,
    "index": 35
  },
  {
    "name": "Require(28) node_modules/egg-i18n/app/extend/context.js",
    "start": 1622012517541,
    "end": 1622012517542,
    "duration": 1,
    "pid": 20648,
    "index": 36
  },
  {
    "name": "Require(29) node_modules/egg-multipart/app/extend/context.js",
    "start": 1622012517544,
    "end": 1622012517615,
    "duration": 71,
    "pid": 20648,
    "index": 37
  },
  {
    "name": "Require(30) node_modules/egg-view/app/extend/context.js",
    "start": 1622012517617,
    "end": 1622012517619,
    "duration": 2,
    "pid": 20648,
    "index": 38
  },
  {
    "name": "Require(31) node_modules/egg-mongoose/app/extend/context.js",
    "start": 1622012517622,
    "end": 1622012517623,
    "duration": 1,
    "pid": 20648,
    "index": 39
  },
  {
    "name": "Require(32) node_modules/egg/app/extend/context.js",
    "start": 1622012517623,
    "end": 1622012517624,
    "duration": 1,
    "pid": 20648,
    "index": 40
  },
  {
    "name": "Load extend/helper.js",
    "start": 1622012517634,
    "end": 1622012517693,
    "duration": 59,
    "pid": 20648,
    "index": 41
  },
  {
    "name": "Require(33) node_modules/egg-security/app/extend/helper.js",
    "start": 1622012517636,
    "end": 1622012517672,
    "duration": 36,
    "pid": 20648,
    "index": 42
  },
  {
    "name": "Require(34) node_modules/egg/app/extend/helper.js",
    "start": 1622012517679,
    "end": 1622012517680,
    "duration": 1,
    "pid": 20648,
    "index": 43
  },
  {
    "name": "Require(35) app/extend/helper.js",
    "start": 1622012517681,
    "end": 1622012517684,
    "duration": 3,
    "pid": 20648,
    "index": 44
  },
  {
    "name": "Load app.js",
    "start": 1622012517693,
    "end": 1622012517764,
    "duration": 71,
    "pid": 20648,
    "index": 45
  },
  {
    "name": "Require(36) node_modules/egg-session/app.js",
    "start": 1622012517694,
    "end": 1622012517694,
    "duration": 0,
    "pid": 20648,
    "index": 46
  },
  {
    "name": "Require(37) node_modules/egg-security/app.js",
    "start": 1622012517695,
    "end": 1622012517698,
    "duration": 3,
    "pid": 20648,
    "index": 47
  },
  {
    "name": "Require(38) node_modules/egg-onerror/app.js",
    "start": 1622012517699,
    "end": 1622012517714,
    "duration": 15,
    "pid": 20648,
    "index": 48
  },
  {
    "name": "Require(39) node_modules/egg-i18n/app.js",
    "start": 1622012517715,
    "end": 1622012517743,
    "duration": 28,
    "pid": 20648,
    "index": 49
  },
  {
    "name": "Require(40) node_modules/egg-watcher/app.js",
    "start": 1622012517743,
    "end": 1622012517750,
    "duration": 7,
    "pid": 20648,
    "index": 50
  },
  {
    "name": "Require(41) node_modules/egg-schedule/app.js",
    "start": 1622012517750,
    "end": 1622012517753,
    "duration": 3,
    "pid": 20648,
    "index": 51
  },
  {
    "name": "Require(42) node_modules/egg-multipart/app.js",
    "start": 1622012517753,
    "end": 1622012517754,
    "duration": 1,
    "pid": 20648,
    "index": 52
  },
  {
    "name": "Require(43) node_modules/egg-logrotator/app.js",
    "start": 1622012517755,
    "end": 1622012517755,
    "duration": 0,
    "pid": 20648,
    "index": 53
  },
  {
    "name": "Require(44) node_modules/egg-static/app.js",
    "start": 1622012517757,
    "end": 1622012517757,
    "duration": 0,
    "pid": 20648,
    "index": 54
  },
  {
    "name": "Require(45) node_modules/egg-view-nunjucks/app.js",
    "start": 1622012517759,
    "end": 1622012517760,
    "duration": 1,
    "pid": 20648,
    "index": 55
  },
  {
    "name": "Require(46) node_modules/egg-view-ejs/app.js",
    "start": 1622012517760,
    "end": 1622012517761,
    "duration": 1,
    "pid": 20648,
    "index": 56
  },
  {
    "name": "Require(47) node_modules/egg-mongoose/app.js",
    "start": 1622012517761,
    "end": 1622012517762,
    "duration": 1,
    "pid": 20648,
    "index": 57
  },
  {
    "name": "Before Start in node_modules/egg-watcher/lib/init.js:15:14",
    "start": 1622012517780,
    "end": 1622012519239,
    "duration": 1459,
    "pid": 20648,
    "index": 58
  },
  {
    "name": "Before Start in node_modules/egg-mongoose/lib/mongoose.js:104:7",
    "start": 1622012518563,
    "end": 1622012519374,
    "duration": 811,
    "pid": 20648,
    "index": 59
  },
  {
    "name": "Before Start in node_modules/egg-mongoose/lib/mongoose.js:52:9",
    "start": 1622012518563,
    "end": 1622012519227,
    "duration": 664,
    "pid": 20648,
    "index": 60
  },
  {
    "name": "Load Service",
    "start": 1622012518563,
    "end": 1622012518981,
    "duration": 418,
    "pid": 20648,
    "index": 61
  },
  {
    "name": "Load \"service\" to Context",
    "start": 1622012518564,
    "end": 1622012518981,
    "duration": 417,
    "pid": 20648,
    "index": 62
  },
  {
    "name": "Load Middleware",
    "start": 1622012518981,
    "end": 1622012519146,
    "duration": 165,
    "pid": 20648,
    "index": 63
  },
  {
    "name": "Load \"middlewares\" to Application",
    "start": 1622012518981,
    "end": 1622012519130,
    "duration": 149,
    "pid": 20648,
    "index": 64
  },
  {
    "name": "Load Controller",
    "start": 1622012519146,
    "end": 1622012519170,
    "duration": 24,
    "pid": 20648,
    "index": 65
  },
  {
    "name": "Load \"controller\" to Application",
    "start": 1622012519146,
    "end": 1622012519170,
    "duration": 24,
    "pid": 20648,
    "index": 66
  },
  {
    "name": "Load Router",
    "start": 1622012519170,
    "end": 1622012519176,
    "duration": 6,
    "pid": 20648,
    "index": 67
  },
  {
    "name": "Require(48) app/router.js",
    "start": 1622012519171,
    "end": 1622012519171,
    "duration": 0,
    "pid": 20648,
    "index": 68
  },
  {
    "name": "Before Start in node_modules/egg-core/lib/egg.js:303:10",
    "start": 1622012519172,
    "end": 1622012519227,
    "duration": 55,
    "pid": 20648,
    "index": 69
  },
  {
    "name": "Load \"model\" to Application",
    "start": 1622012519187,
    "end": 1622012519227,
    "duration": 40,
    "pid": 20648,
    "index": 70
  }
]