[
  {
    "name": "Process Start",
    "start": 1622012269924,
    "end": 1622012271222,
    "duration": 1298,
    "pid": 3784,
    "index": 0
  },
  {
    "name": "Application Start",
    "start": 1622012271223,
    "end": 1622012273573,
    "duration": 2350,
    "pid": 3784,
    "index": 1
  },
  {
    "name": "Load Plugin",
    "start": 1622012271233,
    "end": 1622012271295,
    "duration": 62,
    "pid": 3784,
    "index": 2
  },
  {
    "name": "Load Config",
    "start": 1622012271295,
    "end": 1622012271337,
    "duration": 42,
    "pid": 3784,
    "index": 3
  },
  {
    "name": "Require(0) config/config.default.js",
    "start": 1622012271296,
    "end": 1622012271297,
    "duration": 1,
    "pid": 3784,
    "index": 4
  },
  {
    "name": "Require(1) node_modules/egg-session/config/config.default.js",
    "start": 1622012271299,
    "end": 1622012271300,
    "duration": 1,
    "pid": 3784,
    "index": 5
  },
  {
    "name": "Require(2) node_modules/egg-security/config/config.default.js",
    "start": 1622012271301,
    "end": 1622012271302,
    "duration": 1,
    "pid": 3784,
    "index": 6
  },
  {
    "name": "Require(3) node_modules/egg-jsonp/config/config.default.js",
    "start": 1622012271304,
    "end": 1622012271304,
    "duration": 0,
    "pid": 3784,
    "index": 7
  },
  {
    "name": "Require(4) node_modules/egg-onerror/config/config.default.js",
    "start": 1622012271305,
    "end": 1622012271306,
    "duration": 1,
    "pid": 3784,
    "index": 8
  },
  {
    "name": "Require(5) node_modules/egg-i18n/config/config.default.js",
    "start": 1622012271307,
    "end": 1622012271308,
    "duration": 1,
    "pid": 3784,
    "index": 9
  },
  {
    "name": "Require(6) node_modules/egg-watcher/config/config.default.js",
    "start": 1622012271309,
    "end": 1622012271310,
    "duration": 1,
    "pid": 3784,
    "index": 10
  },
  {
    "name": "Require(7) node_modules/egg-schedule/config/config.default.js",
    "start": 1622012271311,
    "end": 1622012271312,
    "duration": 1,
    "pid": 3784,
    "index": 11
  },
  {
    "name": "Require(8) node_modules/egg-multipart/config/config.default.js",
    "start": 1622012271313,
    "end": 1622012271313,
    "duration": 0,
    "pid": 3784,
    "index": 12
  },
  {
    "name": "Require(9) node_modules/egg-logrotator/config/config.default.js",
    "start": 1622012271315,
    "end": 1622012271315,
    "duration": 0,
    "pid": 3784,
    "index": 13
  },
  {
    "name": "Require(10) node_modules/egg-static/config/config.default.js",
    "start": 1622012271316,
    "end": 1622012271317,
    "duration": 1,
    "pid": 3784,
    "index": 14
  },
  {
    "name": "Require(11) node_modules/egg-view/config/config.default.js",
    "start": 1622012271318,
    "end": 1622012271319,
    "duration": 1,
    "pid": 3784,
    "index": 15
  },
  {
    "name": "Require(12) node_modules/egg-view-nunjucks/config/config.default.js",
    "start": 1622012271320,
    "end": 1622012271321,
    "duration": 1,
    "pid": 3784,
    "index": 16
  },
  {
    "name": "Require(13) node_modules/egg-view-ejs/config/config.default.js",
    "start": 1622012271322,
    "end": 1622012271323,
    "duration": 1,
    "pid": 3784,
    "index": 17
  },
  {
    "name": "Require(14) node_modules/egg-mongoose/config/config.default.js",
    "start": 1622012271324,
    "end": 1622012271324,
    "duration": 0,
    "pid": 3784,
    "index": 18
  },
  {
    "name": "Require(15) node_modules/egg/config/config.default.js",
    "start": 1622012271325,
    "end": 1622012271326,
    "duration": 1,
    "pid": 3784,
    "index": 19
  },
  {
    "name": "Require(16) config/config.default.js",
    "start": 1622012271328,
    "end": 1622012271328,
    "duration": 0,
    "pid": 3784,
    "index": 20
  },
  {
    "name": "Require(17) node_modules/egg-static/config/config.prod.js",
    "start": 1622012271333,
    "end": 1622012271334,
    "duration": 1,
    "pid": 3784,
    "index": 21
  },
  {
    "name": "Load extend/application.js",
    "start": 1622012271338,
    "end": 1622012271415,
    "duration": 77,
    "pid": 3784,
    "index": 22
  },
  {
    "name": "Require(18) node_modules/egg-session/app/extend/application.js",
    "start": 1622012271339,
    "end": 1622012271340,
    "duration": 1,
    "pid": 3784,
    "index": 23
  },
  {
    "name": "Require(19) node_modules/egg-security/app/extend/application.js",
    "start": 1622012271341,
    "end": 1622012271343,
    "duration": 2,
    "pid": 3784,
    "index": 24
  },
  {
    "name": "Require(20) node_modules/egg-jsonp/app/extend/application.js",
    "start": 1622012271344,
    "end": 1622012271347,
    "duration": 3,
    "pid": 3784,
    "index": 25
  },
  {
    "name": "Require(21) node_modules/egg-logrotator/app/extend/application.js",
    "start": 1622012271351,
    "end": 1622012271353,
    "duration": 2,
    "pid": 3784,
    "index": 26
  },
  {
    "name": "Require(22) node_modules/egg-view/app/extend/application.js",
    "start": 1622012271355,
    "end": 1622012271357,
    "duration": 2,
    "pid": 3784,
    "index": 27
  },
  {
    "name": "Require(23) node_modules/egg-view-nunjucks/app/extend/application.js",
    "start": 1622012271358,
    "end": 1622012271404,
    "duration": 46,
    "pid": 3784,
    "index": 28
  },
  {
    "name": "Load extend/request.js",
    "start": 1622012271415,
    "end": 1622012271439,
    "duration": 24,
    "pid": 3784,
    "index": 29
  },
  {
    "name": "Require(24) node_modules/egg/app/extend/request.js",
    "start": 1622012271427,
    "end": 1622012271428,
    "duration": 1,
    "pid": 3784,
    "index": 30
  },
  {
    "name": "Load extend/response.js",
    "start": 1622012271439,
    "end": 1622012271459,
    "duration": 20,
    "pid": 3784,
    "index": 31
  },
  {
    "name": "Require(25) node_modules/egg/app/extend/response.js",
    "start": 1622012271448,
    "end": 1622012271451,
    "duration": 3,
    "pid": 3784,
    "index": 32
  },
  {
    "name": "Load extend/context.js",
    "start": 1622012271459,
    "end": 1622012271577,
    "duration": 118,
    "pid": 3784,
    "index": 33
  },
  {
    "name": "Require(26) node_modules/egg-security/app/extend/context.js",
    "start": 1622012271460,
    "end": 1622012271480,
    "duration": 20,
    "pid": 3784,
    "index": 34
  },
  {
    "name": "Require(27) node_modules/egg-jsonp/app/extend/context.js",
    "start": 1622012271480,
    "end": 1622012271483,
    "duration": 3,
    "pid": 3784,
    "index": 35
  },
  {
    "name": "Require(28) node_modules/egg-i18n/app/extend/context.js",
    "start": 1622012271484,
    "end": 1622012271485,
    "duration": 1,
    "pid": 3784,
    "index": 36
  },
  {
    "name": "Require(29) node_modules/egg-multipart/app/extend/context.js",
    "start": 1622012271487,
    "end": 1622012271559,
    "duration": 72,
    "pid": 3784,
    "index": 37
  },
  {
    "name": "Require(30) node_modules/egg-view/app/extend/context.js",
    "start": 1622012271561,
    "end": 1622012271563,
    "duration": 2,
    "pid": 3784,
    "index": 38
  },
  {
    "name": "Require(31) node_modules/egg-mongoose/app/extend/context.js",
    "start": 1622012271565,
    "end": 1622012271566,
    "duration": 1,
    "pid": 3784,
    "index": 39
  },
  {
    "name": "Require(32) node_modules/egg/app/extend/context.js",
    "start": 1622012271566,
    "end": 1622012271567,
    "duration": 1,
    "pid": 3784,
    "index": 40
  },
  {
    "name": "Load extend/helper.js",
    "start": 1622012271577,
    "end": 1622012271639,
    "duration": 62,
    "pid": 3784,
    "index": 41
  },
  {
    "name": "Require(33) node_modules/egg-security/app/extend/helper.js",
    "start": 1622012271578,
    "end": 1622012271615,
    "duration": 37,
    "pid": 3784,
    "index": 42
  },
  {
    "name": "Require(34) node_modules/egg/app/extend/helper.js",
    "start": 1622012271624,
    "end": 1622012271624,
    "duration": 0,
    "pid": 3784,
    "index": 43
  },
  {
    "name": "Require(35) app/extend/helper.js",
    "start": 1622012271625,
    "end": 1622012271630,
    "duration": 5,
    "pid": 3784,
    "index": 44
  },
  {
    "name": "Load app.js",
    "start": 1622012271639,
    "end": 1622012271710,
    "duration": 71,
    "pid": 3784,
    "index": 45
  },
  {
    "name": "Require(36) node_modules/egg-session/app.js",
    "start": 1622012271640,
    "end": 1622012271641,
    "duration": 1,
    "pid": 3784,
    "index": 46
  },
  {
    "name": "Require(37) node_modules/egg-security/app.js",
    "start": 1622012271641,
    "end": 1622012271644,
    "duration": 3,
    "pid": 3784,
    "index": 47
  },
  {
    "name": "Require(38) node_modules/egg-onerror/app.js",
    "start": 1622012271646,
    "end": 1622012271661,
    "duration": 15,
    "pid": 3784,
    "index": 48
  },
  {
    "name": "Require(39) node_modules/egg-i18n/app.js",
    "start": 1622012271662,
    "end": 1622012271690,
    "duration": 28,
    "pid": 3784,
    "index": 49
  },
  {
    "name": "Require(40) node_modules/egg-watcher/app.js",
    "start": 1622012271690,
    "end": 1622012271697,
    "duration": 7,
    "pid": 3784,
    "index": 50
  },
  {
    "name": "Require(41) node_modules/egg-schedule/app.js",
    "start": 1622012271697,
    "end": 1622012271700,
    "duration": 3,
    "pid": 3784,
    "index": 51
  },
  {
    "name": "Require(42) node_modules/egg-multipart/app.js",
    "start": 1622012271700,
    "end": 1622012271701,
    "duration": 1,
    "pid": 3784,
    "index": 52
  },
  {
    "name": "Require(43) node_modules/egg-logrotator/app.js",
    "start": 1622012271702,
    "end": 1622012271702,
    "duration": 0,
    "pid": 3784,
    "index": 53
  },
  {
    "name": "Require(44) node_modules/egg-static/app.js",
    "start": 1622012271703,
    "end": 1622012271704,
    "duration": 1,
    "pid": 3784,
    "index": 54
  },
  {
    "name": "Require(45) node_modules/egg-view-nunjucks/app.js",
    "start": 1622012271705,
    "end": 1622012271706,
    "duration": 1,
    "pid": 3784,
    "index": 55
  },
  {
    "name": "Require(46) node_modules/egg-view-ejs/app.js",
    "start": 1622012271706,
    "end": 1622012271707,
    "duration": 1,
    "pid": 3784,
    "index": 56
  },
  {
    "name": "Require(47) node_modules/egg-mongoose/app.js",
    "start": 1622012271707,
    "end": 1622012271708,
    "duration": 1,
    "pid": 3784,
    "index": 57
  },
  {
    "name": "Before Start in node_modules/egg-watcher/lib/init.js:15:14",
    "start": 1622012271725,
    "end": 1622012273387,
    "duration": 1662,
    "pid": 3784,
    "index": 58
  },
  {
    "name": "Before Start in node_modules/egg-mongoose/lib/mongoose.js:104:7",
    "start": 1622012272547,
    "end": 1622012273573,
    "duration": 1026,
    "pid": 3784,
    "index": 59
  },
  {
    "name": "Before Start in node_modules/egg-mongoose/lib/mongoose.js:52:9",
    "start": 1622012272547,
    "end": 1622012273369,
    "duration": 822,
    "pid": 3784,
    "index": 60
  },
  {
    "name": "Load Service",
    "start": 1622012272548,
    "end": 1622012273015,
    "duration": 467,
    "pid": 3784,
    "index": 61
  },
  {
    "name": "Load \"service\" to Context",
    "start": 1622012272548,
    "end": 1622012273015,
    "duration": 467,
    "pid": 3784,
    "index": 62
  },
  {
    "name": "Load Middleware",
    "start": 1622012273015,
    "end": 1622012273252,
    "duration": 237,
    "pid": 3784,
    "index": 63
  },
  {
    "name": "Load \"middlewares\" to Application",
    "start": 1622012273015,
    "end": 1622012273226,
    "duration": 211,
    "pid": 3784,
    "index": 64
  },
  {
    "name": "Load Controller",
    "start": 1622012273252,
    "end": 1622012273294,
    "duration": 42,
    "pid": 3784,
    "index": 65
  },
  {
    "name": "Load \"controller\" to Application",
    "start": 1622012273252,
    "end": 1622012273294,
    "duration": 42,
    "pid": 3784,
    "index": 66
  },
  {
    "name": "Load Router",
    "start": 1622012273294,
    "end": 1622012273301,
    "duration": 7,
    "pid": 3784,
    "index": 67
  },
  {
    "name": "Require(48) app/router.js",
    "start": 1622012273295,
    "end": 1622012273295,
    "duration": 0,
    "pid": 3784,
    "index": 68
  },
  {
    "name": "Before Start in node_modules/egg-core/lib/egg.js:303:10",
    "start": 1622012273297,
    "end": 1622012273369,
    "duration": 72,
    "pid": 3784,
    "index": 69
  },
  {
    "name": "Load \"model\" to Application",
    "start": 1622012273317,
    "end": 1622012273368,
    "duration": 51,
    "pid": 3784,
    "index": 70
  }
]