[
  {
    "name": "Process Start",
    "start": 1622012515492,
    "end": 1622012516989,
    "duration": 1497,
    "pid": 14384,
    "index": 0
  },
  {
    "name": "Application Start",
    "start": 1622012516990,
    "end": 1622012519212,
    "duration": 2222,
    "pid": 14384,
    "index": 1
  },
  {
    "name": "Load Plugin",
    "start": 1622012517001,
    "end": 1622012517063,
    "duration": 62,
    "pid": 14384,
    "index": 2
  },
  {
    "name": "Load Config",
    "start": 1622012517063,
    "end": 1622012517106,
    "duration": 43,
    "pid": 14384,
    "index": 3
  },
  {
    "name": "Require(0) config/config.default.js",
    "start": 1622012517065,
    "end": 1622012517065,
    "duration": 0,
    "pid": 14384,
    "index": 4
  },
  {
    "name": "Require(1) node_modules/egg-session/config/config.default.js",
    "start": 1622012517068,
    "end": 1622012517069,
    "duration": 1,
    "pid": 14384,
    "index": 5
  },
  {
    "name": "Require(2) node_modules/egg-security/config/config.default.js",
    "start": 1622012517070,
    "end": 1622012517071,
    "duration": 1,
    "pid": 14384,
    "index": 6
  },
  {
    "name": "Require(3) node_modules/egg-jsonp/config/config.default.js",
    "start": 1622012517072,
    "end": 1622012517073,
    "duration": 1,
    "pid": 14384,
    "index": 7
  },
  {
    "name": "Require(4) node_modules/egg-onerror/config/config.default.js",
    "start": 1622012517074,
    "end": 1622012517075,
    "duration": 1,
    "pid": 14384,
    "index": 8
  },
  {
    "name": "Require(5) node_modules/egg-i18n/config/config.default.js",
    "start": 1622012517076,
    "end": 1622012517076,
    "duration": 0,
    "pid": 14384,
    "index": 9
  },
  {
    "name": "Require(6) node_modules/egg-watcher/config/config.default.js",
    "start": 1622012517077,
    "end": 1622012517078,
    "duration": 1,
    "pid": 14384,
    "index": 10
  },
  {
    "name": "Require(7) node_modules/egg-schedule/config/config.default.js",
    "start": 1622012517080,
    "end": 1622012517080,
    "duration": 0,
    "pid": 14384,
    "index": 11
  },
  {
    "name": "Require(8) node_modules/egg-multipart/config/config.default.js",
    "start": 1622012517082,
    "end": 1622012517082,
    "duration": 0,
    "pid": 14384,
    "index": 12
  },
  {
    "name": "Require(9) node_modules/egg-logrotator/config/config.default.js",
    "start": 1622012517085,
    "end": 1622012517085,
    "duration": 0,
    "pid": 14384,
    "index": 13
  },
  {
    "name": "Require(10) node_modules/egg-static/config/config.default.js",
    "start": 1622012517086,
    "end": 1622012517088,
    "duration": 2,
    "pid": 14384,
    "index": 14
  },
  {
    "name": "Require(11) node_modules/egg-view/config/config.default.js",
    "start": 1622012517089,
    "end": 1622012517090,
    "duration": 1,
    "pid": 14384,
    "index": 15
  },
  {
    "name": "Require(12) node_modules/egg-view-nunjucks/config/config.default.js",
    "start": 1622012517091,
    "end": 1622012517091,
    "duration": 0,
    "pid": 14384,
    "index": 16
  },
  {
    "name": "Require(13) node_modules/egg-view-ejs/config/config.default.js",
    "start": 1622012517092,
    "end": 1622012517093,
    "duration": 1,
    "pid": 14384,
    "index": 17
  },
  {
    "name": "Require(14) node_modules/egg-mongoose/config/config.default.js",
    "start": 1622012517094,
    "end": 1622012517095,
    "duration": 1,
    "pid": 14384,
    "index": 18
  },
  {
    "name": "Require(15) node_modules/egg/config/config.default.js",
    "start": 1622012517095,
    "end": 1622012517096,
    "duration": 1,
    "pid": 14384,
    "index": 19
  },
  {
    "name": "Require(16) config/config.default.js",
    "start": 1622012517097,
    "end": 1622012517098,
    "duration": 1,
    "pid": 14384,
    "index": 20
  },
  {
    "name": "Require(17) node_modules/egg-static/config/config.prod.js",
    "start": 1622012517103,
    "end": 1622012517103,
    "duration": 0,
    "pid": 14384,
    "index": 21
  },
  {
    "name": "Load extend/application.js",
    "start": 1622012517107,
    "end": 1622012517193,
    "duration": 86,
    "pid": 14384,
    "index": 22
  },
  {
    "name": "Require(18) node_modules/egg-session/app/extend/application.js",
    "start": 1622012517109,
    "end": 1622012517109,
    "duration": 0,
    "pid": 14384,
    "index": 23
  },
  {
    "name": "Require(19) node_modules/egg-security/app/extend/application.js",
    "start": 1622012517110,
    "end": 1622012517113,
    "duration": 3,
    "pid": 14384,
    "index": 24
  },
  {
    "name": "Require(20) node_modules/egg-jsonp/app/extend/application.js",
    "start": 1622012517114,
    "end": 1622012517117,
    "duration": 3,
    "pid": 14384,
    "index": 25
  },
  {
    "name": "Require(21) node_modules/egg-logrotator/app/extend/application.js",
    "start": 1622012517121,
    "end": 1622012517124,
    "duration": 3,
    "pid": 14384,
    "index": 26
  },
  {
    "name": "Require(22) node_modules/egg-view/app/extend/application.js",
    "start": 1622012517125,
    "end": 1622012517128,
    "duration": 3,
    "pid": 14384,
    "index": 27
  },
  {
    "name": "Require(23) node_modules/egg-view-nunjucks/app/extend/application.js",
    "start": 1622012517129,
    "end": 1622012517182,
    "duration": 53,
    "pid": 14384,
    "index": 28
  },
  {
    "name": "Load extend/request.js",
    "start": 1622012517193,
    "end": 1622012517213,
    "duration": 20,
    "pid": 14384,
    "index": 29
  },
  {
    "name": "Require(24) node_modules/egg/app/extend/request.js",
    "start": 1622012517201,
    "end": 1622012517202,
    "duration": 1,
    "pid": 14384,
    "index": 30
  },
  {
    "name": "Load extend/response.js",
    "start": 1622012517213,
    "end": 1622012517235,
    "duration": 22,
    "pid": 14384,
    "index": 31
  },
  {
    "name": "Require(25) node_modules/egg/app/extend/response.js",
    "start": 1622012517224,
    "end": 1622012517227,
    "duration": 3,
    "pid": 14384,
    "index": 32
  },
  {
    "name": "Load extend/context.js",
    "start": 1622012517235,
    "end": 1622012517357,
    "duration": 122,
    "pid": 14384,
    "index": 33
  },
  {
    "name": "Require(26) node_modules/egg-security/app/extend/context.js",
    "start": 1622012517236,
    "end": 1622012517256,
    "duration": 20,
    "pid": 14384,
    "index": 34
  },
  {
    "name": "Require(27) node_modules/egg-jsonp/app/extend/context.js",
    "start": 1622012517257,
    "end": 1622012517261,
    "duration": 4,
    "pid": 14384,
    "index": 35
  },
  {
    "name": "Require(28) node_modules/egg-i18n/app/extend/context.js",
    "start": 1622012517263,
    "end": 1622012517264,
    "duration": 1,
    "pid": 14384,
    "index": 36
  },
  {
    "name": "Require(29) node_modules/egg-multipart/app/extend/context.js",
    "start": 1622012517266,
    "end": 1622012517338,
    "duration": 72,
    "pid": 14384,
    "index": 37
  },
  {
    "name": "Require(30) node_modules/egg-view/app/extend/context.js",
    "start": 1622012517341,
    "end": 1622012517343,
    "duration": 2,
    "pid": 14384,
    "index": 38
  },
  {
    "name": "Require(31) node_modules/egg-mongoose/app/extend/context.js",
    "start": 1622012517345,
    "end": 1622012517346,
    "duration": 1,
    "pid": 14384,
    "index": 39
  },
  {
    "name": "Require(32) node_modules/egg/app/extend/context.js",
    "start": 1622012517346,
    "end": 1622012517347,
    "duration": 1,
    "pid": 14384,
    "index": 40
  },
  {
    "name": "Load extend/helper.js",
    "start": 1622012517357,
    "end": 1622012517416,
    "duration": 59,
    "pid": 14384,
    "index": 41
  },
  {
    "name": "Require(33) node_modules/egg-security/app/extend/helper.js",
    "start": 1622012517359,
    "end": 1622012517392,
    "duration": 33,
    "pid": 14384,
    "index": 42
  },
  {
    "name": "Require(34) node_modules/egg/app/extend/helper.js",
    "start": 1622012517400,
    "end": 1622012517401,
    "duration": 1,
    "pid": 14384,
    "index": 43
  },
  {
    "name": "Require(35) app/extend/helper.js",
    "start": 1622012517402,
    "end": 1622012517407,
    "duration": 5,
    "pid": 14384,
    "index": 44
  },
  {
    "name": "Load app.js",
    "start": 1622012517416,
    "end": 1622012517488,
    "duration": 72,
    "pid": 14384,
    "index": 45
  },
  {
    "name": "Require(36) node_modules/egg-session/app.js",
    "start": 1622012517417,
    "end": 1622012517417,
    "duration": 0,
    "pid": 14384,
    "index": 46
  },
  {
    "name": "Require(37) node_modules/egg-security/app.js",
    "start": 1622012517418,
    "end": 1622012517421,
    "duration": 3,
    "pid": 14384,
    "index": 47
  },
  {
    "name": "Require(38) node_modules/egg-onerror/app.js",
    "start": 1622012517422,
    "end": 1622012517437,
    "duration": 15,
    "pid": 14384,
    "index": 48
  },
  {
    "name": "Require(39) node_modules/egg-i18n/app.js",
    "start": 1622012517440,
    "end": 1622012517468,
    "duration": 28,
    "pid": 14384,
    "index": 49
  },
  {
    "name": "Require(40) node_modules/egg-watcher/app.js",
    "start": 1622012517469,
    "end": 1622012517476,
    "duration": 7,
    "pid": 14384,
    "index": 50
  },
  {
    "name": "Require(41) node_modules/egg-schedule/app.js",
    "start": 1622012517476,
    "end": 1622012517479,
    "duration": 3,
    "pid": 14384,
    "index": 51
  },
  {
    "name": "Require(42) node_modules/egg-multipart/app.js",
    "start": 1622012517480,
    "end": 1622012517480,
    "duration": 0,
    "pid": 14384,
    "index": 52
  },
  {
    "name": "Require(43) node_modules/egg-logrotator/app.js",
    "start": 1622012517481,
    "end": 1622012517481,
    "duration": 0,
    "pid": 14384,
    "index": 53
  },
  {
    "name": "Require(44) node_modules/egg-static/app.js",
    "start": 1622012517482,
    "end": 1622012517483,
    "duration": 1,
    "pid": 14384,
    "index": 54
  },
  {
    "name": "Require(45) node_modules/egg-view-nunjucks/app.js",
    "start": 1622012517484,
    "end": 1622012517484,
    "duration": 0,
    "pid": 14384,
    "index": 55
  },
  {
    "name": "Require(46) node_modules/egg-view-ejs/app.js",
    "start": 1622012517485,
    "end": 1622012517486,
    "duration": 1,
    "pid": 14384,
    "index": 56
  },
  {
    "name": "Require(47) node_modules/egg-mongoose/app.js",
    "start": 1622012517486,
    "end": 1622012517487,
    "duration": 1,
    "pid": 14384,
    "index": 57
  },
  {
    "name": "Before Start in node_modules/egg-watcher/lib/init.js:15:14",
    "start": 1622012517504,
    "end": 1622012519070,
    "duration": 1566,
    "pid": 14384,
    "index": 58
  },
  {
    "name": "Before Start in node_modules/egg-mongoose/lib/mongoose.js:104:7",
    "start": 1622012518297,
    "end": 1622012519211,
    "duration": 914,
    "pid": 14384,
    "index": 59
  },
  {
    "name": "Before Start in node_modules/egg-mongoose/lib/mongoose.js:52:9",
    "start": 1622012518297,
    "end": 1622012519053,
    "duration": 756,
    "pid": 14384,
    "index": 60
  },
  {
    "name": "Load Service",
    "start": 1622012518297,
    "end": 1622012518751,
    "duration": 454,
    "pid": 14384,
    "index": 61
  },
  {
    "name": "Load \"service\" to Context",
    "start": 1622012518297,
    "end": 1622012518751,
    "duration": 454,
    "pid": 14384,
    "index": 62
  },
  {
    "name": "Load Middleware",
    "start": 1622012518751,
    "end": 1622012518965,
    "duration": 214,
    "pid": 14384,
    "index": 63
  },
  {
    "name": "Load \"middlewares\" to Application",
    "start": 1622012518752,
    "end": 1622012518945,
    "duration": 193,
    "pid": 14384,
    "index": 64
  },
  {
    "name": "Load Controller",
    "start": 1622012518965,
    "end": 1622012518992,
    "duration": 27,
    "pid": 14384,
    "index": 65
  },
  {
    "name": "Load \"controller\" to Application",
    "start": 1622012518965,
    "end": 1622012518992,
    "duration": 27,
    "pid": 14384,
    "index": 66
  },
  {
    "name": "Load Router",
    "start": 1622012518992,
    "end": 1622012518997,
    "duration": 5,
    "pid": 14384,
    "index": 67
  },
  {
    "name": "Require(48) app/router.js",
    "start": 1622012518993,
    "end": 1622012518993,
    "duration": 0,
    "pid": 14384,
    "index": 68
  },
  {
    "name": "Before Start in node_modules/egg-core/lib/egg.js:303:10",
    "start": 1622012518994,
    "end": 1622012519053,
    "duration": 59,
    "pid": 14384,
    "index": 69
  },
  {
    "name": "Load \"model\" to Application",
    "start": 1622012519008,
    "end": 1622012519052,
    "duration": 44,
    "pid": 14384,
    "index": 70
  }
]