[
  {
    "name": "Process Start",
    "start": 1622012083730,
    "end": 1622012085119,
    "duration": 1389,
    "pid": 14048,
    "index": 0
  },
  {
    "name": "Application Start",
    "start": 1622012085120,
    "end": 1622012087410,
    "duration": 2290,
    "pid": 14048,
    "index": 1
  },
  {
    "name": "Load Plugin",
    "start": 1622012085132,
    "end": 1622012085195,
    "duration": 63,
    "pid": 14048,
    "index": 2
  },
  {
    "name": "Load Config",
    "start": 1622012085196,
    "end": 1622012085240,
    "duration": 44,
    "pid": 14048,
    "index": 3
  },
  {
    "name": "Require(0) config/config.default.js",
    "start": 1622012085197,
    "end": 1622012085197,
    "duration": 0,
    "pid": 14048,
    "index": 4
  },
  {
    "name": "Require(1) node_modules/egg-session/config/config.default.js",
    "start": 1622012085202,
    "end": 1622012085202,
    "duration": 0,
    "pid": 14048,
    "index": 5
  },
  {
    "name": "Require(2) node_modules/egg-security/config/config.default.js",
    "start": 1622012085203,
    "end": 1622012085204,
    "duration": 1,
    "pid": 14048,
    "index": 6
  },
  {
    "name": "Require(3) node_modules/egg-jsonp/config/config.default.js",
    "start": 1622012085206,
    "end": 1622012085206,
    "duration": 0,
    "pid": 14048,
    "index": 7
  },
  {
    "name": "Require(4) node_modules/egg-onerror/config/config.default.js",
    "start": 1622012085207,
    "end": 1622012085208,
    "duration": 1,
    "pid": 14048,
    "index": 8
  },
  {
    "name": "Require(5) node_modules/egg-i18n/config/config.default.js",
    "start": 1622012085209,
    "end": 1622012085210,
    "duration": 1,
    "pid": 14048,
    "index": 9
  },
  {
    "name": "Require(6) node_modules/egg-watcher/config/config.default.js",
    "start": 1622012085211,
    "end": 1622012085212,
    "duration": 1,
    "pid": 14048,
    "index": 10
  },
  {
    "name": "Require(7) node_modules/egg-schedule/config/config.default.js",
    "start": 1622012085213,
    "end": 1622012085213,
    "duration": 0,
    "pid": 14048,
    "index": 11
  },
  {
    "name": "Require(8) node_modules/egg-multipart/config/config.default.js",
    "start": 1622012085215,
    "end": 1622012085215,
    "duration": 0,
    "pid": 14048,
    "index": 12
  },
  {
    "name": "Require(9) node_modules/egg-logrotator/config/config.default.js",
    "start": 1622012085217,
    "end": 1622012085217,
    "duration": 0,
    "pid": 14048,
    "index": 13
  },
  {
    "name": "Require(10) node_modules/egg-static/config/config.default.js",
    "start": 1622012085218,
    "end": 1622012085219,
    "duration": 1,
    "pid": 14048,
    "index": 14
  },
  {
    "name": "Require(11) node_modules/egg-view/config/config.default.js",
    "start": 1622012085220,
    "end": 1622012085221,
    "duration": 1,
    "pid": 14048,
    "index": 15
  },
  {
    "name": "Require(12) node_modules/egg-view-nunjucks/config/config.default.js",
    "start": 1622012085222,
    "end": 1622012085223,
    "duration": 1,
    "pid": 14048,
    "index": 16
  },
  {
    "name": "Require(13) node_modules/egg-view-ejs/config/config.default.js",
    "start": 1622012085224,
    "end": 1622012085225,
    "duration": 1,
    "pid": 14048,
    "index": 17
  },
  {
    "name": "Require(14) node_modules/egg-mongoose/config/config.default.js",
    "start": 1622012085226,
    "end": 1622012085227,
    "duration": 1,
    "pid": 14048,
    "index": 18
  },
  {
    "name": "Require(15) node_modules/egg/config/config.default.js",
    "start": 1622012085228,
    "end": 1622012085229,
    "duration": 1,
    "pid": 14048,
    "index": 19
  },
  {
    "name": "Require(16) config/config.default.js",
    "start": 1622012085230,
    "end": 1622012085230,
    "duration": 0,
    "pid": 14048,
    "index": 20
  },
  {
    "name": "Require(17) node_modules/egg-static/config/config.prod.js",
    "start": 1622012085237,
    "end": 1622012085237,
    "duration": 0,
    "pid": 14048,
    "index": 21
  },
  {
    "name": "Load extend/application.js",
    "start": 1622012085241,
    "end": 1622012085329,
    "duration": 88,
    "pid": 14048,
    "index": 22
  },
  {
    "name": "Require(18) node_modules/egg-session/app/extend/application.js",
    "start": 1622012085242,
    "end": 1622012085243,
    "duration": 1,
    "pid": 14048,
    "index": 23
  },
  {
    "name": "Require(19) node_modules/egg-security/app/extend/application.js",
    "start": 1622012085244,
    "end": 1622012085247,
    "duration": 3,
    "pid": 14048,
    "index": 24
  },
  {
    "name": "Require(20) node_modules/egg-jsonp/app/extend/application.js",
    "start": 1622012085248,
    "end": 1622012085250,
    "duration": 2,
    "pid": 14048,
    "index": 25
  },
  {
    "name": "Require(21) node_modules/egg-logrotator/app/extend/application.js",
    "start": 1622012085254,
    "end": 1622012085257,
    "duration": 3,
    "pid": 14048,
    "index": 26
  },
  {
    "name": "Require(22) node_modules/egg-view/app/extend/application.js",
    "start": 1622012085258,
    "end": 1622012085261,
    "duration": 3,
    "pid": 14048,
    "index": 27
  },
  {
    "name": "Require(23) node_modules/egg-view-nunjucks/app/extend/application.js",
    "start": 1622012085261,
    "end": 1622012085316,
    "duration": 55,
    "pid": 14048,
    "index": 28
  },
  {
    "name": "Load extend/request.js",
    "start": 1622012085329,
    "end": 1622012085349,
    "duration": 20,
    "pid": 14048,
    "index": 29
  },
  {
    "name": "Require(24) node_modules/egg/app/extend/request.js",
    "start": 1622012085338,
    "end": 1622012085339,
    "duration": 1,
    "pid": 14048,
    "index": 30
  },
  {
    "name": "Load extend/response.js",
    "start": 1622012085349,
    "end": 1622012085370,
    "duration": 21,
    "pid": 14048,
    "index": 31
  },
  {
    "name": "Require(25) node_modules/egg/app/extend/response.js",
    "start": 1622012085358,
    "end": 1622012085361,
    "duration": 3,
    "pid": 14048,
    "index": 32
  },
  {
    "name": "Load extend/context.js",
    "start": 1622012085370,
    "end": 1622012085488,
    "duration": 118,
    "pid": 14048,
    "index": 33
  },
  {
    "name": "Require(26) node_modules/egg-security/app/extend/context.js",
    "start": 1622012085371,
    "end": 1622012085391,
    "duration": 20,
    "pid": 14048,
    "index": 34
  },
  {
    "name": "Require(27) node_modules/egg-jsonp/app/extend/context.js",
    "start": 1622012085392,
    "end": 1622012085394,
    "duration": 2,
    "pid": 14048,
    "index": 35
  },
  {
    "name": "Require(28) node_modules/egg-i18n/app/extend/context.js",
    "start": 1622012085396,
    "end": 1622012085396,
    "duration": 0,
    "pid": 14048,
    "index": 36
  },
  {
    "name": "Require(29) node_modules/egg-multipart/app/extend/context.js",
    "start": 1622012085398,
    "end": 1622012085470,
    "duration": 72,
    "pid": 14048,
    "index": 37
  },
  {
    "name": "Require(30) node_modules/egg-view/app/extend/context.js",
    "start": 1622012085472,
    "end": 1622012085474,
    "duration": 2,
    "pid": 14048,
    "index": 38
  },
  {
    "name": "Require(31) node_modules/egg-mongoose/app/extend/context.js",
    "start": 1622012085477,
    "end": 1622012085478,
    "duration": 1,
    "pid": 14048,
    "index": 39
  },
  {
    "name": "Require(32) node_modules/egg/app/extend/context.js",
    "start": 1622012085478,
    "end": 1622012085479,
    "duration": 1,
    "pid": 14048,
    "index": 40
  },
  {
    "name": "Load extend/helper.js",
    "start": 1622012085488,
    "end": 1622012085543,
    "duration": 55,
    "pid": 14048,
    "index": 41
  },
  {
    "name": "Require(33) node_modules/egg-security/app/extend/helper.js",
    "start": 1622012085489,
    "end": 1622012085523,
    "duration": 34,
    "pid": 14048,
    "index": 42
  },
  {
    "name": "Require(34) node_modules/egg/app/extend/helper.js",
    "start": 1622012085530,
    "end": 1622012085530,
    "duration": 0,
    "pid": 14048,
    "index": 43
  },
  {
    "name": "Require(35) app/extend/helper.js",
    "start": 1622012085531,
    "end": 1622012085535,
    "duration": 4,
    "pid": 14048,
    "index": 44
  },
  {
    "name": "Load app.js",
    "start": 1622012085543,
    "end": 1622012085617,
    "duration": 74,
    "pid": 14048,
    "index": 45
  },
  {
    "name": "Require(36) node_modules/egg-session/app.js",
    "start": 1622012085544,
    "end": 1622012085545,
    "duration": 1,
    "pid": 14048,
    "index": 46
  },
  {
    "name": "Require(37) node_modules/egg-security/app.js",
    "start": 1622012085545,
    "end": 1622012085548,
    "duration": 3,
    "pid": 14048,
    "index": 47
  },
  {
    "name": "Require(38) node_modules/egg-onerror/app.js",
    "start": 1622012085550,
    "end": 1622012085564,
    "duration": 14,
    "pid": 14048,
    "index": 48
  },
  {
    "name": "Require(39) node_modules/egg-i18n/app.js",
    "start": 1622012085565,
    "end": 1622012085596,
    "duration": 31,
    "pid": 14048,
    "index": 49
  },
  {
    "name": "Require(40) node_modules/egg-watcher/app.js",
    "start": 1622012085596,
    "end": 1622012085603,
    "duration": 7,
    "pid": 14048,
    "index": 50
  },
  {
    "name": "Require(41) node_modules/egg-schedule/app.js",
    "start": 1622012085604,
    "end": 1622012085606,
    "duration": 2,
    "pid": 14048,
    "index": 51
  },
  {
    "name": "Require(42) node_modules/egg-multipart/app.js",
    "start": 1622012085607,
    "end": 1622012085608,
    "duration": 1,
    "pid": 14048,
    "index": 52
  },
  {
    "name": "Require(43) node_modules/egg-logrotator/app.js",
    "start": 1622012085609,
    "end": 1622012085609,
    "duration": 0,
    "pid": 14048,
    "index": 53
  },
  {
    "name": "Require(44) node_modules/egg-static/app.js",
    "start": 1622012085610,
    "end": 1622012085610,
    "duration": 0,
    "pid": 14048,
    "index": 54
  },
  {
    "name": "Require(45) node_modules/egg-view-nunjucks/app.js",
    "start": 1622012085612,
    "end": 1622012085613,
    "duration": 1,
    "pid": 14048,
    "index": 55
  },
  {
    "name": "Require(46) node_modules/egg-view-ejs/app.js",
    "start": 1622012085613,
    "end": 1622012085614,
    "duration": 1,
    "pid": 14048,
    "index": 56
  },
  {
    "name": "Require(47) node_modules/egg-mongoose/app.js",
    "start": 1622012085614,
    "end": 1622012085615,
    "duration": 1,
    "pid": 14048,
    "index": 57
  },
  {
    "name": "Before Start in node_modules/egg-watcher/lib/init.js:15:14",
    "start": 1622012085632,
    "end": 1622012087255,
    "duration": 1623,
    "pid": 14048,
    "index": 58
  },
  {
    "name": "Before Start in node_modules/egg-mongoose/lib/mongoose.js:104:7",
    "start": 1622012086430,
    "end": 1622012087409,
    "duration": 979,
    "pid": 14048,
    "index": 59
  },
  {
    "name": "Before Start in node_modules/egg-mongoose/lib/mongoose.js:52:9",
    "start": 1622012086430,
    "end": 1622012087239,
    "duration": 809,
    "pid": 14048,
    "index": 60
  },
  {
    "name": "Load Service",
    "start": 1622012086430,
    "end": 1622012086889,
    "duration": 459,
    "pid": 14048,
    "index": 61
  },
  {
    "name": "Load \"service\" to Context",
    "start": 1622012086431,
    "end": 1622012086889,
    "duration": 458,
    "pid": 14048,
    "index": 62
  },
  {
    "name": "Load Middleware",
    "start": 1622012086889,
    "end": 1622012087128,
    "duration": 239,
    "pid": 14048,
    "index": 63
  },
  {
    "name": "Load \"middlewares\" to Application",
    "start": 1622012086889,
    "end": 1622012087107,
    "duration": 218,
    "pid": 14048,
    "index": 64
  },
  {
    "name": "Load Controller",
    "start": 1622012087129,
    "end": 1622012087165,
    "duration": 36,
    "pid": 14048,
    "index": 65
  },
  {
    "name": "Load \"controller\" to Application",
    "start": 1622012087129,
    "end": 1622012087165,
    "duration": 36,
    "pid": 14048,
    "index": 66
  },
  {
    "name": "Load Router",
    "start": 1622012087165,
    "end": 1622012087172,
    "duration": 7,
    "pid": 14048,
    "index": 67
  },
  {
    "name": "Require(48) app/router.js",
    "start": 1622012087165,
    "end": 1622012087166,
    "duration": 1,
    "pid": 14048,
    "index": 68
  },
  {
    "name": "Before Start in node_modules/egg-core/lib/egg.js:303:10",
    "start": 1622012087167,
    "end": 1622012087239,
    "duration": 72,
    "pid": 14048,
    "index": 69
  },
  {
    "name": "Load \"model\" to Application",
    "start": 1622012087184,
    "end": 1622012087238,
    "duration": 54,
    "pid": 14048,
    "index": 70
  }
]