[
  {
    "name": "Process Start",
    "start": 1622012270076,
    "end": 1622012271445,
    "duration": 1369,
    "pid": 14624,
    "index": 0
  },
  {
    "name": "Application Start",
    "start": 1622012271446,
    "end": 1622012273801,
    "duration": 2355,
    "pid": 14624,
    "index": 1
  },
  {
    "name": "Load Plugin",
    "start": 1622012271456,
    "end": 1622012271513,
    "duration": 57,
    "pid": 14624,
    "index": 2
  },
  {
    "name": "Load Config",
    "start": 1622012271513,
    "end": 1622012271557,
    "duration": 44,
    "pid": 14624,
    "index": 3
  },
  {
    "name": "Require(0) config/config.default.js",
    "start": 1622012271514,
    "end": 1622012271514,
    "duration": 0,
    "pid": 14624,
    "index": 4
  },
  {
    "name": "Require(1) node_modules/egg-session/config/config.default.js",
    "start": 1622012271517,
    "end": 1622012271518,
    "duration": 1,
    "pid": 14624,
    "index": 5
  },
  {
    "name": "Require(2) node_modules/egg-security/config/config.default.js",
    "start": 1622012271519,
    "end": 1622012271520,
    "duration": 1,
    "pid": 14624,
    "index": 6
  },
  {
    "name": "Require(3) node_modules/egg-jsonp/config/config.default.js",
    "start": 1622012271521,
    "end": 1622012271522,
    "duration": 1,
    "pid": 14624,
    "index": 7
  },
  {
    "name": "Require(4) node_modules/egg-onerror/config/config.default.js",
    "start": 1622012271523,
    "end": 1622012271524,
    "duration": 1,
    "pid": 14624,
    "index": 8
  },
  {
    "name": "Require(5) node_modules/egg-i18n/config/config.default.js",
    "start": 1622012271525,
    "end": 1622012271526,
    "duration": 1,
    "pid": 14624,
    "index": 9
  },
  {
    "name": "Require(6) node_modules/egg-watcher/config/config.default.js",
    "start": 1622012271527,
    "end": 1622012271528,
    "duration": 1,
    "pid": 14624,
    "index": 10
  },
  {
    "name": "Require(7) node_modules/egg-schedule/config/config.default.js",
    "start": 1622012271529,
    "end": 1622012271530,
    "duration": 1,
    "pid": 14624,
    "index": 11
  },
  {
    "name": "Require(8) node_modules/egg-multipart/config/config.default.js",
    "start": 1622012271531,
    "end": 1622012271532,
    "duration": 1,
    "pid": 14624,
    "index": 12
  },
  {
    "name": "Require(9) node_modules/egg-logrotator/config/config.default.js",
    "start": 1622012271533,
    "end": 1622012271534,
    "duration": 1,
    "pid": 14624,
    "index": 13
  },
  {
    "name": "Require(10) node_modules/egg-static/config/config.default.js",
    "start": 1622012271535,
    "end": 1622012271536,
    "duration": 1,
    "pid": 14624,
    "index": 14
  },
  {
    "name": "Require(11) node_modules/egg-view/config/config.default.js",
    "start": 1622012271537,
    "end": 1622012271538,
    "duration": 1,
    "pid": 14624,
    "index": 15
  },
  {
    "name": "Require(12) node_modules/egg-view-nunjucks/config/config.default.js",
    "start": 1622012271539,
    "end": 1622012271539,
    "duration": 0,
    "pid": 14624,
    "index": 16
  },
  {
    "name": "Require(13) node_modules/egg-view-ejs/config/config.default.js",
    "start": 1622012271540,
    "end": 1622012271541,
    "duration": 1,
    "pid": 14624,
    "index": 17
  },
  {
    "name": "Require(14) node_modules/egg-mongoose/config/config.default.js",
    "start": 1622012271542,
    "end": 1622012271543,
    "duration": 1,
    "pid": 14624,
    "index": 18
  },
  {
    "name": "Require(15) node_modules/egg/config/config.default.js",
    "start": 1622012271544,
    "end": 1622012271544,
    "duration": 0,
    "pid": 14624,
    "index": 19
  },
  {
    "name": "Require(16) config/config.default.js",
    "start": 1622012271546,
    "end": 1622012271546,
    "duration": 0,
    "pid": 14624,
    "index": 20
  },
  {
    "name": "Require(17) node_modules/egg-static/config/config.prod.js",
    "start": 1622012271552,
    "end": 1622012271552,
    "duration": 0,
    "pid": 14624,
    "index": 21
  },
  {
    "name": "Load extend/application.js",
    "start": 1622012271558,
    "end": 1622012271641,
    "duration": 83,
    "pid": 14624,
    "index": 22
  },
  {
    "name": "Require(18) node_modules/egg-session/app/extend/application.js",
    "start": 1622012271559,
    "end": 1622012271560,
    "duration": 1,
    "pid": 14624,
    "index": 23
  },
  {
    "name": "Require(19) node_modules/egg-security/app/extend/application.js",
    "start": 1622012271563,
    "end": 1622012271565,
    "duration": 2,
    "pid": 14624,
    "index": 24
  },
  {
    "name": "Require(20) node_modules/egg-jsonp/app/extend/application.js",
    "start": 1622012271566,
    "end": 1622012271569,
    "duration": 3,
    "pid": 14624,
    "index": 25
  },
  {
    "name": "Require(21) node_modules/egg-logrotator/app/extend/application.js",
    "start": 1622012271573,
    "end": 1622012271576,
    "duration": 3,
    "pid": 14624,
    "index": 26
  },
  {
    "name": "Require(22) node_modules/egg-view/app/extend/application.js",
    "start": 1622012271577,
    "end": 1622012271580,
    "duration": 3,
    "pid": 14624,
    "index": 27
  },
  {
    "name": "Require(23) node_modules/egg-view-nunjucks/app/extend/application.js",
    "start": 1622012271581,
    "end": 1622012271629,
    "duration": 48,
    "pid": 14624,
    "index": 28
  },
  {
    "name": "Load extend/request.js",
    "start": 1622012271641,
    "end": 1622012271661,
    "duration": 20,
    "pid": 14624,
    "index": 29
  },
  {
    "name": "Require(24) node_modules/egg/app/extend/request.js",
    "start": 1622012271651,
    "end": 1622012271653,
    "duration": 2,
    "pid": 14624,
    "index": 30
  },
  {
    "name": "Load extend/response.js",
    "start": 1622012271661,
    "end": 1622012271680,
    "duration": 19,
    "pid": 14624,
    "index": 31
  },
  {
    "name": "Require(25) node_modules/egg/app/extend/response.js",
    "start": 1622012271669,
    "end": 1622012271672,
    "duration": 3,
    "pid": 14624,
    "index": 32
  },
  {
    "name": "Load extend/context.js",
    "start": 1622012271680,
    "end": 1622012271794,
    "duration": 114,
    "pid": 14624,
    "index": 33
  },
  {
    "name": "Require(26) node_modules/egg-security/app/extend/context.js",
    "start": 1622012271681,
    "end": 1622012271700,
    "duration": 19,
    "pid": 14624,
    "index": 34
  },
  {
    "name": "Require(27) node_modules/egg-jsonp/app/extend/context.js",
    "start": 1622012271700,
    "end": 1622012271703,
    "duration": 3,
    "pid": 14624,
    "index": 35
  },
  {
    "name": "Require(28) node_modules/egg-i18n/app/extend/context.js",
    "start": 1622012271705,
    "end": 1622012271706,
    "duration": 1,
    "pid": 14624,
    "index": 36
  },
  {
    "name": "Require(29) node_modules/egg-multipart/app/extend/context.js",
    "start": 1622012271708,
    "end": 1622012271777,
    "duration": 69,
    "pid": 14624,
    "index": 37
  },
  {
    "name": "Require(30) node_modules/egg-view/app/extend/context.js",
    "start": 1622012271779,
    "end": 1622012271781,
    "duration": 2,
    "pid": 14624,
    "index": 38
  },
  {
    "name": "Require(31) node_modules/egg-mongoose/app/extend/context.js",
    "start": 1622012271783,
    "end": 1622012271784,
    "duration": 1,
    "pid": 14624,
    "index": 39
  },
  {
    "name": "Require(32) node_modules/egg/app/extend/context.js",
    "start": 1622012271785,
    "end": 1622012271786,
    "duration": 1,
    "pid": 14624,
    "index": 40
  },
  {
    "name": "Load extend/helper.js",
    "start": 1622012271794,
    "end": 1622012271853,
    "duration": 59,
    "pid": 14624,
    "index": 41
  },
  {
    "name": "Require(33) node_modules/egg-security/app/extend/helper.js",
    "start": 1622012271796,
    "end": 1622012271830,
    "duration": 34,
    "pid": 14624,
    "index": 42
  },
  {
    "name": "Require(34) node_modules/egg/app/extend/helper.js",
    "start": 1622012271839,
    "end": 1622012271839,
    "duration": 0,
    "pid": 14624,
    "index": 43
  },
  {
    "name": "Require(35) app/extend/helper.js",
    "start": 1622012271840,
    "end": 1622012271844,
    "duration": 4,
    "pid": 14624,
    "index": 44
  },
  {
    "name": "Load app.js",
    "start": 1622012271853,
    "end": 1622012271929,
    "duration": 76,
    "pid": 14624,
    "index": 45
  },
  {
    "name": "Require(36) node_modules/egg-session/app.js",
    "start": 1622012271854,
    "end": 1622012271854,
    "duration": 0,
    "pid": 14624,
    "index": 46
  },
  {
    "name": "Require(37) node_modules/egg-security/app.js",
    "start": 1622012271855,
    "end": 1622012271858,
    "duration": 3,
    "pid": 14624,
    "index": 47
  },
  {
    "name": "Require(38) node_modules/egg-onerror/app.js",
    "start": 1622012271860,
    "end": 1622012271878,
    "duration": 18,
    "pid": 14624,
    "index": 48
  },
  {
    "name": "Require(39) node_modules/egg-i18n/app.js",
    "start": 1622012271878,
    "end": 1622012271907,
    "duration": 29,
    "pid": 14624,
    "index": 49
  },
  {
    "name": "Require(40) node_modules/egg-watcher/app.js",
    "start": 1622012271907,
    "end": 1622012271914,
    "duration": 7,
    "pid": 14624,
    "index": 50
  },
  {
    "name": "Require(41) node_modules/egg-schedule/app.js",
    "start": 1622012271914,
    "end": 1622012271918,
    "duration": 4,
    "pid": 14624,
    "index": 51
  },
  {
    "name": "Require(42) node_modules/egg-multipart/app.js",
    "start": 1622012271919,
    "end": 1622012271919,
    "duration": 0,
    "pid": 14624,
    "index": 52
  },
  {
    "name": "Require(43) node_modules/egg-logrotator/app.js",
    "start": 1622012271920,
    "end": 1622012271921,
    "duration": 1,
    "pid": 14624,
    "index": 53
  },
  {
    "name": "Require(44) node_modules/egg-static/app.js",
    "start": 1622012271921,
    "end": 1622012271922,
    "duration": 1,
    "pid": 14624,
    "index": 54
  },
  {
    "name": "Require(45) node_modules/egg-view-nunjucks/app.js",
    "start": 1622012271924,
    "end": 1622012271924,
    "duration": 0,
    "pid": 14624,
    "index": 55
  },
  {
    "name": "Require(46) node_modules/egg-view-ejs/app.js",
    "start": 1622012271925,
    "end": 1622012271926,
    "duration": 1,
    "pid": 14624,
    "index": 56
  },
  {
    "name": "Require(47) node_modules/egg-mongoose/app.js",
    "start": 1622012271927,
    "end": 1622012271927,
    "duration": 0,
    "pid": 14624,
    "index": 57
  },
  {
    "name": "Before Start in node_modules/egg-watcher/lib/init.js:15:14",
    "start": 1622012271945,
    "end": 1622012273647,
    "duration": 1702,
    "pid": 14624,
    "index": 58
  },
  {
    "name": "Before Start in node_modules/egg-mongoose/lib/mongoose.js:104:7",
    "start": 1622012272806,
    "end": 1622012273801,
    "duration": 995,
    "pid": 14624,
    "index": 59
  },
  {
    "name": "Before Start in node_modules/egg-mongoose/lib/mongoose.js:52:9",
    "start": 1622012272806,
    "end": 1622012273632,
    "duration": 826,
    "pid": 14624,
    "index": 60
  },
  {
    "name": "Load Service",
    "start": 1622012272806,
    "end": 1622012273263,
    "duration": 457,
    "pid": 14624,
    "index": 61
  },
  {
    "name": "Load \"service\" to Context",
    "start": 1622012272807,
    "end": 1622012273263,
    "duration": 456,
    "pid": 14624,
    "index": 62
  },
  {
    "name": "Load Middleware",
    "start": 1622012273263,
    "end": 1622012273521,
    "duration": 258,
    "pid": 14624,
    "index": 63
  },
  {
    "name": "Load \"middlewares\" to Application",
    "start": 1622012273263,
    "end": 1622012273499,
    "duration": 236,
    "pid": 14624,
    "index": 64
  },
  {
    "name": "Load Controller",
    "start": 1622012273521,
    "end": 1622012273558,
    "duration": 37,
    "pid": 14624,
    "index": 65
  },
  {
    "name": "Load \"controller\" to Application",
    "start": 1622012273521,
    "end": 1622012273558,
    "duration": 37,
    "pid": 14624,
    "index": 66
  },
  {
    "name": "Load Router",
    "start": 1622012273558,
    "end": 1622012273566,
    "duration": 8,
    "pid": 14624,
    "index": 67
  },
  {
    "name": "Require(48) app/router.js",
    "start": 1622012273559,
    "end": 1622012273559,
    "duration": 0,
    "pid": 14624,
    "index": 68
  },
  {
    "name": "Before Start in node_modules/egg-core/lib/egg.js:303:10",
    "start": 1622012273561,
    "end": 1622012273632,
    "duration": 71,
    "pid": 14624,
    "index": 69
  },
  {
    "name": "Load \"model\" to Application",
    "start": 1622012273579,
    "end": 1622012273631,
    "duration": 52,
    "pid": 14624,
    "index": 70
  }
]