[
  {
    "name": "Process Start",
    "start": 1622012515606,
    "end": 1622012517112,
    "duration": 1506,
    "pid": 23908,
    "index": 0
  },
  {
    "name": "Application Start",
    "start": 1622012517114,
    "end": 1622012519289,
    "duration": 2175,
    "pid": 23908,
    "index": 1
  },
  {
    "name": "Load Plugin",
    "start": 1622012517123,
    "end": 1622012517189,
    "duration": 66,
    "pid": 23908,
    "index": 2
  },
  {
    "name": "Load Config",
    "start": 1622012517189,
    "end": 1622012517234,
    "duration": 45,
    "pid": 23908,
    "index": 3
  },
  {
    "name": "Require(0) config/config.default.js",
    "start": 1622012517190,
    "end": 1622012517191,
    "duration": 1,
    "pid": 23908,
    "index": 4
  },
  {
    "name": "Require(1) node_modules/egg-session/config/config.default.js",
    "start": 1622012517194,
    "end": 1622012517194,
    "duration": 0,
    "pid": 23908,
    "index": 5
  },
  {
    "name": "Require(2) node_modules/egg-security/config/config.default.js",
    "start": 1622012517195,
    "end": 1622012517196,
    "duration": 1,
    "pid": 23908,
    "index": 6
  },
  {
    "name": "Require(3) node_modules/egg-jsonp/config/config.default.js",
    "start": 1622012517198,
    "end": 1622012517199,
    "duration": 1,
    "pid": 23908,
    "index": 7
  },
  {
    "name": "Require(4) node_modules/egg-onerror/config/config.default.js",
    "start": 1622012517201,
    "end": 1622012517201,
    "duration": 0,
    "pid": 23908,
    "index": 8
  },
  {
    "name": "Require(5) node_modules/egg-i18n/config/config.default.js",
    "start": 1622012517202,
    "end": 1622012517203,
    "duration": 1,
    "pid": 23908,
    "index": 9
  },
  {
    "name": "Require(6) node_modules/egg-watcher/config/config.default.js",
    "start": 1622012517205,
    "end": 1622012517206,
    "duration": 1,
    "pid": 23908,
    "index": 10
  },
  {
    "name": "Require(7) node_modules/egg-schedule/config/config.default.js",
    "start": 1622012517207,
    "end": 1622012517208,
    "duration": 1,
    "pid": 23908,
    "index": 11
  },
  {
    "name": "Require(8) node_modules/egg-multipart/config/config.default.js",
    "start": 1622012517209,
    "end": 1622012517210,
    "duration": 1,
    "pid": 23908,
    "index": 12
  },
  {
    "name": "Require(9) node_modules/egg-logrotator/config/config.default.js",
    "start": 1622012517211,
    "end": 1622012517212,
    "duration": 1,
    "pid": 23908,
    "index": 13
  },
  {
    "name": "Require(10) node_modules/egg-static/config/config.default.js",
    "start": 1622012517213,
    "end": 1622012517214,
    "duration": 1,
    "pid": 23908,
    "index": 14
  },
  {
    "name": "Require(11) node_modules/egg-view/config/config.default.js",
    "start": 1622012517215,
    "end": 1622012517216,
    "duration": 1,
    "pid": 23908,
    "index": 15
  },
  {
    "name": "Require(12) node_modules/egg-view-nunjucks/config/config.default.js",
    "start": 1622012517217,
    "end": 1622012517218,
    "duration": 1,
    "pid": 23908,
    "index": 16
  },
  {
    "name": "Require(13) node_modules/egg-view-ejs/config/config.default.js",
    "start": 1622012517219,
    "end": 1622012517220,
    "duration": 1,
    "pid": 23908,
    "index": 17
  },
  {
    "name": "Require(14) node_modules/egg-mongoose/config/config.default.js",
    "start": 1622012517221,
    "end": 1622012517221,
    "duration": 0,
    "pid": 23908,
    "index": 18
  },
  {
    "name": "Require(15) node_modules/egg/config/config.default.js",
    "start": 1622012517222,
    "end": 1622012517223,
    "duration": 1,
    "pid": 23908,
    "index": 19
  },
  {
    "name": "Require(16) config/config.default.js",
    "start": 1622012517225,
    "end": 1622012517225,
    "duration": 0,
    "pid": 23908,
    "index": 20
  },
  {
    "name": "Require(17) node_modules/egg-static/config/config.prod.js",
    "start": 1622012517230,
    "end": 1622012517231,
    "duration": 1,
    "pid": 23908,
    "index": 21
  },
  {
    "name": "Load extend/application.js",
    "start": 1622012517235,
    "end": 1622012517318,
    "duration": 83,
    "pid": 23908,
    "index": 22
  },
  {
    "name": "Require(18) node_modules/egg-session/app/extend/application.js",
    "start": 1622012517237,
    "end": 1622012517237,
    "duration": 0,
    "pid": 23908,
    "index": 23
  },
  {
    "name": "Require(19) node_modules/egg-security/app/extend/application.js",
    "start": 1622012517238,
    "end": 1622012517241,
    "duration": 3,
    "pid": 23908,
    "index": 24
  },
  {
    "name": "Require(20) node_modules/egg-jsonp/app/extend/application.js",
    "start": 1622012517242,
    "end": 1622012517245,
    "duration": 3,
    "pid": 23908,
    "index": 25
  },
  {
    "name": "Require(21) node_modules/egg-logrotator/app/extend/application.js",
    "start": 1622012517249,
    "end": 1622012517252,
    "duration": 3,
    "pid": 23908,
    "index": 26
  },
  {
    "name": "Require(22) node_modules/egg-view/app/extend/application.js",
    "start": 1622012517253,
    "end": 1622012517255,
    "duration": 2,
    "pid": 23908,
    "index": 27
  },
  {
    "name": "Require(23) node_modules/egg-view-nunjucks/app/extend/application.js",
    "start": 1622012517256,
    "end": 1622012517307,
    "duration": 51,
    "pid": 23908,
    "index": 28
  },
  {
    "name": "Load extend/request.js",
    "start": 1622012517318,
    "end": 1622012517344,
    "duration": 26,
    "pid": 23908,
    "index": 29
  },
  {
    "name": "Require(24) node_modules/egg/app/extend/request.js",
    "start": 1622012517328,
    "end": 1622012517330,
    "duration": 2,
    "pid": 23908,
    "index": 30
  },
  {
    "name": "Load extend/response.js",
    "start": 1622012517344,
    "end": 1622012517364,
    "duration": 20,
    "pid": 23908,
    "index": 31
  },
  {
    "name": "Require(25) node_modules/egg/app/extend/response.js",
    "start": 1622012517353,
    "end": 1622012517356,
    "duration": 3,
    "pid": 23908,
    "index": 32
  },
  {
    "name": "Load extend/context.js",
    "start": 1622012517364,
    "end": 1622012517481,
    "duration": 117,
    "pid": 23908,
    "index": 33
  },
  {
    "name": "Require(26) node_modules/egg-security/app/extend/context.js",
    "start": 1622012517366,
    "end": 1622012517385,
    "duration": 19,
    "pid": 23908,
    "index": 34
  },
  {
    "name": "Require(27) node_modules/egg-jsonp/app/extend/context.js",
    "start": 1622012517385,
    "end": 1622012517388,
    "duration": 3,
    "pid": 23908,
    "index": 35
  },
  {
    "name": "Require(28) node_modules/egg-i18n/app/extend/context.js",
    "start": 1622012517390,
    "end": 1622012517391,
    "duration": 1,
    "pid": 23908,
    "index": 36
  },
  {
    "name": "Require(29) node_modules/egg-multipart/app/extend/context.js",
    "start": 1622012517393,
    "end": 1622012517464,
    "duration": 71,
    "pid": 23908,
    "index": 37
  },
  {
    "name": "Require(30) node_modules/egg-view/app/extend/context.js",
    "start": 1622012517466,
    "end": 1622012517468,
    "duration": 2,
    "pid": 23908,
    "index": 38
  },
  {
    "name": "Require(31) node_modules/egg-mongoose/app/extend/context.js",
    "start": 1622012517470,
    "end": 1622012517471,
    "duration": 1,
    "pid": 23908,
    "index": 39
  },
  {
    "name": "Require(32) node_modules/egg/app/extend/context.js",
    "start": 1622012517472,
    "end": 1622012517473,
    "duration": 1,
    "pid": 23908,
    "index": 40
  },
  {
    "name": "Load extend/helper.js",
    "start": 1622012517481,
    "end": 1622012517538,
    "duration": 57,
    "pid": 23908,
    "index": 41
  },
  {
    "name": "Require(33) node_modules/egg-security/app/extend/helper.js",
    "start": 1622012517482,
    "end": 1622012517518,
    "duration": 36,
    "pid": 23908,
    "index": 42
  },
  {
    "name": "Require(34) node_modules/egg/app/extend/helper.js",
    "start": 1622012517526,
    "end": 1622012517526,
    "duration": 0,
    "pid": 23908,
    "index": 43
  },
  {
    "name": "Require(35) app/extend/helper.js",
    "start": 1622012517527,
    "end": 1622012517531,
    "duration": 4,
    "pid": 23908,
    "index": 44
  },
  {
    "name": "Load app.js",
    "start": 1622012517538,
    "end": 1622012517613,
    "duration": 75,
    "pid": 23908,
    "index": 45
  },
  {
    "name": "Require(36) node_modules/egg-session/app.js",
    "start": 1622012517539,
    "end": 1622012517540,
    "duration": 1,
    "pid": 23908,
    "index": 46
  },
  {
    "name": "Require(37) node_modules/egg-security/app.js",
    "start": 1622012517540,
    "end": 1622012517543,
    "duration": 3,
    "pid": 23908,
    "index": 47
  },
  {
    "name": "Require(38) node_modules/egg-onerror/app.js",
    "start": 1622012517545,
    "end": 1622012517560,
    "duration": 15,
    "pid": 23908,
    "index": 48
  },
  {
    "name": "Require(39) node_modules/egg-i18n/app.js",
    "start": 1622012517560,
    "end": 1622012517591,
    "duration": 31,
    "pid": 23908,
    "index": 49
  },
  {
    "name": "Require(40) node_modules/egg-watcher/app.js",
    "start": 1622012517591,
    "end": 1622012517599,
    "duration": 8,
    "pid": 23908,
    "index": 50
  },
  {
    "name": "Require(41) node_modules/egg-schedule/app.js",
    "start": 1622012517599,
    "end": 1622012517602,
    "duration": 3,
    "pid": 23908,
    "index": 51
  },
  {
    "name": "Require(42) node_modules/egg-multipart/app.js",
    "start": 1622012517603,
    "end": 1622012517603,
    "duration": 0,
    "pid": 23908,
    "index": 52
  },
  {
    "name": "Require(43) node_modules/egg-logrotator/app.js",
    "start": 1622012517604,
    "end": 1622012517605,
    "duration": 1,
    "pid": 23908,
    "index": 53
  },
  {
    "name": "Require(44) node_modules/egg-static/app.js",
    "start": 1622012517605,
    "end": 1622012517606,
    "duration": 1,
    "pid": 23908,
    "index": 54
  },
  {
    "name": "Require(45) node_modules/egg-view-nunjucks/app.js",
    "start": 1622012517608,
    "end": 1622012517609,
    "duration": 1,
    "pid": 23908,
    "index": 55
  },
  {
    "name": "Require(46) node_modules/egg-view-ejs/app.js",
    "start": 1622012517609,
    "end": 1622012517610,
    "duration": 1,
    "pid": 23908,
    "index": 56
  },
  {
    "name": "Require(47) node_modules/egg-mongoose/app.js",
    "start": 1622012517611,
    "end": 1622012517611,
    "duration": 0,
    "pid": 23908,
    "index": 57
  },
  {
    "name": "Before Start in node_modules/egg-watcher/lib/init.js:15:14",
    "start": 1622012517628,
    "end": 1622012519127,
    "duration": 1499,
    "pid": 23908,
    "index": 58
  },
  {
    "name": "Before Start in node_modules/egg-mongoose/lib/mongoose.js:104:7",
    "start": 1622012518408,
    "end": 1622012519289,
    "duration": 881,
    "pid": 23908,
    "index": 59
  },
  {
    "name": "Before Start in node_modules/egg-mongoose/lib/mongoose.js:52:9",
    "start": 1622012518408,
    "end": 1622012519115,
    "duration": 707,
    "pid": 23908,
    "index": 60
  },
  {
    "name": "Load Service",
    "start": 1622012518408,
    "end": 1622012518844,
    "duration": 436,
    "pid": 23908,
    "index": 61
  },
  {
    "name": "Load \"service\" to Context",
    "start": 1622012518409,
    "end": 1622012518844,
    "duration": 435,
    "pid": 23908,
    "index": 62
  },
  {
    "name": "Load Middleware",
    "start": 1622012518844,
    "end": 1622012519034,
    "duration": 190,
    "pid": 23908,
    "index": 63
  },
  {
    "name": "Load \"middlewares\" to Application",
    "start": 1622012518844,
    "end": 1622012519012,
    "duration": 168,
    "pid": 23908,
    "index": 64
  },
  {
    "name": "Load Controller",
    "start": 1622012519034,
    "end": 1622012519063,
    "duration": 29,
    "pid": 23908,
    "index": 65
  },
  {
    "name": "Load \"controller\" to Application",
    "start": 1622012519034,
    "end": 1622012519062,
    "duration": 28,
    "pid": 23908,
    "index": 66
  },
  {
    "name": "Load Router",
    "start": 1622012519063,
    "end": 1622012519068,
    "duration": 5,
    "pid": 23908,
    "index": 67
  },
  {
    "name": "Require(48) app/router.js",
    "start": 1622012519063,
    "end": 1622012519064,
    "duration": 1,
    "pid": 23908,
    "index": 68
  },
  {
    "name": "Before Start in node_modules/egg-core/lib/egg.js:303:10",
    "start": 1622012519065,
    "end": 1622012519115,
    "duration": 50,
    "pid": 23908,
    "index": 69
  },
  {
    "name": "Load \"model\" to Application",
    "start": 1622012519078,
    "end": 1622012519114,
    "duration": 36,
    "pid": 23908,
    "index": 70
  }
]