[
  {
    "name": "Process Start",
    "start": 1622012604987,
    "end": 1622012606303,
    "duration": 1316,
    "pid": 17944,
    "index": 0
  },
  {
    "name": "Application Start",
    "start": 1622012606304,
    "end": 1622012608873,
    "duration": 2569,
    "pid": 17944,
    "index": 1
  },
  {
    "name": "Load Plugin",
    "start": 1622012606315,
    "end": 1622012606380,
    "duration": 65,
    "pid": 17944,
    "index": 2
  },
  {
    "name": "Load Config",
    "start": 1622012606380,
    "end": 1622012606423,
    "duration": 43,
    "pid": 17944,
    "index": 3
  },
  {
    "name": "Require(0) config/config.default.js",
    "start": 1622012606381,
    "end": 1622012606382,
    "duration": 1,
    "pid": 17944,
    "index": 4
  },
  {
    "name": "Require(1) node_modules/egg-session/config/config.default.js",
    "start": 1622012606384,
    "end": 1622012606385,
    "duration": 1,
    "pid": 17944,
    "index": 5
  },
  {
    "name": "Require(2) node_modules/egg-security/config/config.default.js",
    "start": 1622012606386,
    "end": 1622012606387,
    "duration": 1,
    "pid": 17944,
    "index": 6
  },
  {
    "name": "Require(3) node_modules/egg-jsonp/config/config.default.js",
    "start": 1622012606389,
    "end": 1622012606389,
    "duration": 0,
    "pid": 17944,
    "index": 7
  },
  {
    "name": "Require(4) node_modules/egg-onerror/config/config.default.js",
    "start": 1622012606391,
    "end": 1622012606392,
    "duration": 1,
    "pid": 17944,
    "index": 8
  },
  {
    "name": "Require(5) node_modules/egg-i18n/config/config.default.js",
    "start": 1622012606393,
    "end": 1622012606394,
    "duration": 1,
    "pid": 17944,
    "index": 9
  },
  {
    "name": "Require(6) node_modules/egg-watcher/config/config.default.js",
    "start": 1622012606395,
    "end": 1622012606395,
    "duration": 0,
    "pid": 17944,
    "index": 10
  },
  {
    "name": "Require(7) node_modules/egg-schedule/config/config.default.js",
    "start": 1622012606396,
    "end": 1622012606397,
    "duration": 1,
    "pid": 17944,
    "index": 11
  },
  {
    "name": "Require(8) node_modules/egg-multipart/config/config.default.js",
    "start": 1622012606399,
    "end": 1622012606400,
    "duration": 1,
    "pid": 17944,
    "index": 12
  },
  {
    "name": "Require(9) node_modules/egg-logrotator/config/config.default.js",
    "start": 1622012606401,
    "end": 1622012606402,
    "duration": 1,
    "pid": 17944,
    "index": 13
  },
  {
    "name": "Require(10) node_modules/egg-static/config/config.default.js",
    "start": 1622012606403,
    "end": 1622012606403,
    "duration": 0,
    "pid": 17944,
    "index": 14
  },
  {
    "name": "Require(11) node_modules/egg-view/config/config.default.js",
    "start": 1622012606404,
    "end": 1622012606405,
    "duration": 1,
    "pid": 17944,
    "index": 15
  },
  {
    "name": "Require(12) node_modules/egg-view-nunjucks/config/config.default.js",
    "start": 1622012606406,
    "end": 1622012606407,
    "duration": 1,
    "pid": 17944,
    "index": 16
  },
  {
    "name": "Require(13) node_modules/egg-view-ejs/config/config.default.js",
    "start": 1622012606408,
    "end": 1622012606409,
    "duration": 1,
    "pid": 17944,
    "index": 17
  },
  {
    "name": "Require(14) node_modules/egg-mongoose/config/config.default.js",
    "start": 1622012606410,
    "end": 1622012606411,
    "duration": 1,
    "pid": 17944,
    "index": 18
  },
  {
    "name": "Require(15) node_modules/egg/config/config.default.js",
    "start": 1622012606411,
    "end": 1622012606412,
    "duration": 1,
    "pid": 17944,
    "index": 19
  },
  {
    "name": "Require(16) config/config.default.js",
    "start": 1622012606414,
    "end": 1622012606414,
    "duration": 0,
    "pid": 17944,
    "index": 20
  },
  {
    "name": "Require(17) node_modules/egg-static/config/config.prod.js",
    "start": 1622012606420,
    "end": 1622012606420,
    "duration": 0,
    "pid": 17944,
    "index": 21
  },
  {
    "name": "Load extend/application.js",
    "start": 1622012606425,
    "end": 1622012606520,
    "duration": 95,
    "pid": 17944,
    "index": 22
  },
  {
    "name": "Require(18) node_modules/egg-session/app/extend/application.js",
    "start": 1622012606426,
    "end": 1622012606427,
    "duration": 1,
    "pid": 17944,
    "index": 23
  },
  {
    "name": "Require(19) node_modules/egg-security/app/extend/application.js",
    "start": 1622012606428,
    "end": 1622012606430,
    "duration": 2,
    "pid": 17944,
    "index": 24
  },
  {
    "name": "Require(20) node_modules/egg-jsonp/app/extend/application.js",
    "start": 1622012606431,
    "end": 1622012606434,
    "duration": 3,
    "pid": 17944,
    "index": 25
  },
  {
    "name": "Require(21) node_modules/egg-logrotator/app/extend/application.js",
    "start": 1622012606437,
    "end": 1622012606441,
    "duration": 4,
    "pid": 17944,
    "index": 26
  },
  {
    "name": "Require(22) node_modules/egg-view/app/extend/application.js",
    "start": 1622012606442,
    "end": 1622012606445,
    "duration": 3,
    "pid": 17944,
    "index": 27
  },
  {
    "name": "Require(23) node_modules/egg-view-nunjucks/app/extend/application.js",
    "start": 1622012606446,
    "end": 1622012606508,
    "duration": 62,
    "pid": 17944,
    "index": 28
  },
  {
    "name": "Load extend/request.js",
    "start": 1622012606520,
    "end": 1622012606552,
    "duration": 32,
    "pid": 17944,
    "index": 29
  },
  {
    "name": "Require(24) node_modules/egg/app/extend/request.js",
    "start": 1622012606537,
    "end": 1622012606539,
    "duration": 2,
    "pid": 17944,
    "index": 30
  },
  {
    "name": "Load extend/response.js",
    "start": 1622012606552,
    "end": 1622012606577,
    "duration": 25,
    "pid": 17944,
    "index": 31
  },
  {
    "name": "Require(25) node_modules/egg/app/extend/response.js",
    "start": 1622012606562,
    "end": 1622012606567,
    "duration": 5,
    "pid": 17944,
    "index": 32
  },
  {
    "name": "Load extend/context.js",
    "start": 1622012606577,
    "end": 1622012606716,
    "duration": 139,
    "pid": 17944,
    "index": 33
  },
  {
    "name": "Require(26) node_modules/egg-security/app/extend/context.js",
    "start": 1622012606578,
    "end": 1622012606605,
    "duration": 27,
    "pid": 17944,
    "index": 34
  },
  {
    "name": "Require(27) node_modules/egg-jsonp/app/extend/context.js",
    "start": 1622012606606,
    "end": 1622012606611,
    "duration": 5,
    "pid": 17944,
    "index": 35
  },
  {
    "name": "Require(28) node_modules/egg-i18n/app/extend/context.js",
    "start": 1622012606612,
    "end": 1622012606613,
    "duration": 1,
    "pid": 17944,
    "index": 36
  },
  {
    "name": "Require(29) node_modules/egg-multipart/app/extend/context.js",
    "start": 1622012606615,
    "end": 1622012606698,
    "duration": 83,
    "pid": 17944,
    "index": 37
  },
  {
    "name": "Require(30) node_modules/egg-view/app/extend/context.js",
    "start": 1622012606700,
    "end": 1622012606702,
    "duration": 2,
    "pid": 17944,
    "index": 38
  },
  {
    "name": "Require(31) node_modules/egg-mongoose/app/extend/context.js",
    "start": 1622012606704,
    "end": 1622012606705,
    "duration": 1,
    "pid": 17944,
    "index": 39
  },
  {
    "name": "Require(32) node_modules/egg/app/extend/context.js",
    "start": 1622012606705,
    "end": 1622012606706,
    "duration": 1,
    "pid": 17944,
    "index": 40
  },
  {
    "name": "Load extend/helper.js",
    "start": 1622012606716,
    "end": 1622012606778,
    "duration": 62,
    "pid": 17944,
    "index": 41
  },
  {
    "name": "Require(33) node_modules/egg-security/app/extend/helper.js",
    "start": 1622012606718,
    "end": 1622012606754,
    "duration": 36,
    "pid": 17944,
    "index": 42
  },
  {
    "name": "Require(34) node_modules/egg/app/extend/helper.js",
    "start": 1622012606764,
    "end": 1622012606764,
    "duration": 0,
    "pid": 17944,
    "index": 43
  },
  {
    "name": "Require(35) app/extend/helper.js",
    "start": 1622012606765,
    "end": 1622012606769,
    "duration": 4,
    "pid": 17944,
    "index": 44
  },
  {
    "name": "Load app.js",
    "start": 1622012606779,
    "end": 1622012606885,
    "duration": 106,
    "pid": 17944,
    "index": 45
  },
  {
    "name": "Require(36) node_modules/egg-session/app.js",
    "start": 1622012606779,
    "end": 1622012606780,
    "duration": 1,
    "pid": 17944,
    "index": 46
  },
  {
    "name": "Require(37) node_modules/egg-security/app.js",
    "start": 1622012606780,
    "end": 1622012606783,
    "duration": 3,
    "pid": 17944,
    "index": 47
  },
  {
    "name": "Require(38) node_modules/egg-onerror/app.js",
    "start": 1622012606785,
    "end": 1622012606805,
    "duration": 20,
    "pid": 17944,
    "index": 48
  },
  {
    "name": "Require(39) node_modules/egg-i18n/app.js",
    "start": 1622012606806,
    "end": 1622012606844,
    "duration": 38,
    "pid": 17944,
    "index": 49
  },
  {
    "name": "Require(40) node_modules/egg-watcher/app.js",
    "start": 1622012606845,
    "end": 1622012606866,
    "duration": 21,
    "pid": 17944,
    "index": 50
  },
  {
    "name": "Require(41) node_modules/egg-schedule/app.js",
    "start": 1622012606867,
    "end": 1622012606870,
    "duration": 3,
    "pid": 17944,
    "index": 51
  },
  {
    "name": "Require(42) node_modules/egg-multipart/app.js",
    "start": 1622012606871,
    "end": 1622012606872,
    "duration": 1,
    "pid": 17944,
    "index": 52
  },
  {
    "name": "Require(43) node_modules/egg-logrotator/app.js",
    "start": 1622012606873,
    "end": 1622012606873,
    "duration": 0,
    "pid": 17944,
    "index": 53
  },
  {
    "name": "Require(44) node_modules/egg-static/app.js",
    "start": 1622012606878,
    "end": 1622012606879,
    "duration": 1,
    "pid": 17944,
    "index": 54
  },
  {
    "name": "Require(45) node_modules/egg-view-nunjucks/app.js",
    "start": 1622012606881,
    "end": 1622012606881,
    "duration": 0,
    "pid": 17944,
    "index": 55
  },
  {
    "name": "Require(46) node_modules/egg-view-ejs/app.js",
    "start": 1622012606882,
    "end": 1622012606882,
    "duration": 0,
    "pid": 17944,
    "index": 56
  },
  {
    "name": "Require(47) node_modules/egg-mongoose/app.js",
    "start": 1622012606883,
    "end": 1622012606883,
    "duration": 0,
    "pid": 17944,
    "index": 57
  },
  {
    "name": "Before Start in node_modules/egg-watcher/lib/init.js:15:14",
    "start": 1622012606904,
    "end": 1622012608698,
    "duration": 1794,
    "pid": 17944,
    "index": 58
  },
  {
    "name": "Before Start in node_modules/egg-mongoose/lib/mongoose.js:104:7",
    "start": 1622012607794,
    "end": 1622012608872,
    "duration": 1078,
    "pid": 17944,
    "index": 59
  },
  {
    "name": "Before Start in node_modules/egg-mongoose/lib/mongoose.js:52:9",
    "start": 1622012607794,
    "end": 1622012608673,
    "duration": 879,
    "pid": 17944,
    "index": 60
  },
  {
    "name": "Load Service",
    "start": 1622012607794,
    "end": 1622012608282,
    "duration": 488,
    "pid": 17944,
    "index": 61
  },
  {
    "name": "Load \"service\" to Context",
    "start": 1622012607795,
    "end": 1622012608282,
    "duration": 487,
    "pid": 17944,
    "index": 62
  },
  {
    "name": "Load Middleware",
    "start": 1622012608282,
    "end": 1622012608553,
    "duration": 271,
    "pid": 17944,
    "index": 63
  },
  {
    "name": "Load \"middlewares\" to Application",
    "start": 1622012608282,
    "end": 1622012608528,
    "duration": 246,
    "pid": 17944,
    "index": 64
  },
  {
    "name": "Load Controller",
    "start": 1622012608553,
    "end": 1622012608593,
    "duration": 40,
    "pid": 17944,
    "index": 65
  },
  {
    "name": "Load \"controller\" to Application",
    "start": 1622012608553,
    "end": 1622012608593,
    "duration": 40,
    "pid": 17944,
    "index": 66
  },
  {
    "name": "Load Router",
    "start": 1622012608593,
    "end": 1622012608601,
    "duration": 8,
    "pid": 17944,
    "index": 67
  },
  {
    "name": "Require(48) app/router.js",
    "start": 1622012608594,
    "end": 1622012608594,
    "duration": 0,
    "pid": 17944,
    "index": 68
  },
  {
    "name": "Before Start in node_modules/egg-core/lib/egg.js:303:10",
    "start": 1622012608596,
    "end": 1622012608673,
    "duration": 77,
    "pid": 17944,
    "index": 69
  },
  {
    "name": "Load \"model\" to Application",
    "start": 1622012608614,
    "end": 1622012608672,
    "duration": 58,
    "pid": 17944,
    "index": 70
  }
]