[
  {
    "name": "Process Start",
    "start": 1622012044059,
    "end": 1622012045135,
    "duration": 1076,
    "pid": 10544,
    "index": 0
  },
  {
    "name": "Application Start",
    "start": 1622012045135,
    "end": 1622012046421,
    "duration": 1286,
    "pid": 10544,
    "index": 1
  },
  {
    "name": "Load Plugin",
    "start": 1622012045142,
    "end": 1622012045168,
    "duration": 26,
    "pid": 10544,
    "index": 2
  },
  {
    "name": "Load Config",
    "start": 1622012045168,
    "end": 1622012045194,
    "duration": 26,
    "pid": 10544,
    "index": 3
  },
  {
    "name": "Require(0) config/config.default.js",
    "start": 1622012045169,
    "end": 1622012045169,
    "duration": 0,
    "pid": 10544,
    "index": 4
  },
  {
    "name": "Require(1) node_modules/egg-session/config/config.default.js",
    "start": 1622012045170,
    "end": 1622012045171,
    "duration": 1,
    "pid": 10544,
    "index": 5
  },
  {
    "name": "Require(2) node_modules/egg-security/config/config.default.js",
    "start": 1622012045171,
    "end": 1622012045172,
    "duration": 1,
    "pid": 10544,
    "index": 6
  },
  {
    "name": "Require(3) node_modules/egg-jsonp/config/config.default.js",
    "start": 1622012045173,
    "end": 1622012045173,
    "duration": 0,
    "pid": 10544,
    "index": 7
  },
  {
    "name": "Require(4) node_modules/egg-onerror/config/config.default.js",
    "start": 1622012045174,
    "end": 1622012045174,
    "duration": 0,
    "pid": 10544,
    "index": 8
  },
  {
    "name": "Require(5) node_modules/egg-i18n/config/config.default.js",
    "start": 1622012045175,
    "end": 1622012045175,
    "duration": 0,
    "pid": 10544,
    "index": 9
  },
  {
    "name": "Require(6) node_modules/egg-watcher/config/config.default.js",
    "start": 1622012045176,
    "end": 1622012045176,
    "duration": 0,
    "pid": 10544,
    "index": 10
  },
  {
    "name": "Require(7) node_modules/egg-schedule/config/config.default.js",
    "start": 1622012045177,
    "end": 1622012045177,
    "duration": 0,
    "pid": 10544,
    "index": 11
  },
  {
    "name": "Require(8) node_modules/egg-multipart/config/config.default.js",
    "start": 1622012045178,
    "end": 1622012045178,
    "duration": 0,
    "pid": 10544,
    "index": 12
  },
  {
    "name": "Require(9) node_modules/egg-development/config/config.default.js",
    "start": 1622012045179,
    "end": 1622012045179,
    "duration": 0,
    "pid": 10544,
    "index": 13
  },
  {
    "name": "Require(10) node_modules/egg-logrotator/config/config.default.js",
    "start": 1622012045180,
    "end": 1622012045180,
    "duration": 0,
    "pid": 10544,
    "index": 14
  },
  {
    "name": "Require(11) node_modules/egg-static/config/config.default.js",
    "start": 1622012045181,
    "end": 1622012045181,
    "duration": 0,
    "pid": 10544,
    "index": 15
  },
  {
    "name": "Require(12) node_modules/egg-view/config/config.default.js",
    "start": 1622012045182,
    "end": 1622012045182,
    "duration": 0,
    "pid": 10544,
    "index": 16
  },
  {
    "name": "Require(13) node_modules/egg-view-nunjucks/config/config.default.js",
    "start": 1622012045183,
    "end": 1622012045184,
    "duration": 1,
    "pid": 10544,
    "index": 17
  },
  {
    "name": "Require(14) node_modules/egg-view-ejs/config/config.default.js",
    "start": 1622012045184,
    "end": 1622012045184,
    "duration": 0,
    "pid": 10544,
    "index": 18
  },
  {
    "name": "Require(15) node_modules/egg-mongoose/config/config.default.js",
    "start": 1622012045185,
    "end": 1622012045185,
    "duration": 0,
    "pid": 10544,
    "index": 19
  },
  {
    "name": "Require(16) node_modules/egg/config/config.default.js",
    "start": 1622012045186,
    "end": 1622012045187,
    "duration": 1,
    "pid": 10544,
    "index": 20
  },
  {
    "name": "Require(17) config/config.default.js",
    "start": 1622012045187,
    "end": 1622012045187,
    "duration": 0,
    "pid": 10544,
    "index": 21
  },
  {
    "name": "Require(18) node_modules/egg-security/config/config.local.js",
    "start": 1622012045188,
    "end": 1622012045189,
    "duration": 1,
    "pid": 10544,
    "index": 22
  },
  {
    "name": "Require(19) node_modules/egg-watcher/config/config.local.js",
    "start": 1622012045190,
    "end": 1622012045190,
    "duration": 0,
    "pid": 10544,
    "index": 23
  },
  {
    "name": "Require(20) node_modules/egg-view/config/config.local.js",
    "start": 1622012045192,
    "end": 1622012045192,
    "duration": 0,
    "pid": 10544,
    "index": 24
  },
  {
    "name": "Require(21) node_modules/egg-view-nunjucks/config/config.local.js",
    "start": 1622012045192,
    "end": 1622012045193,
    "duration": 1,
    "pid": 10544,
    "index": 25
  },
  {
    "name": "Require(22) node_modules/egg-view-ejs/config/config.local.js",
    "start": 1622012045193,
    "end": 1622012045193,
    "duration": 0,
    "pid": 10544,
    "index": 26
  },
  {
    "name": "Require(23) node_modules/egg/config/config.local.js",
    "start": 1622012045194,
    "end": 1622012045194,
    "duration": 0,
    "pid": 10544,
    "index": 27
  },
  {
    "name": "Load extend/application.js",
    "start": 1622012045195,
    "end": 1622012045240,
    "duration": 45,
    "pid": 10544,
    "index": 28
  },
  {
    "name": "Require(24) node_modules/egg-session/app/extend/application.js",
    "start": 1622012045196,
    "end": 1622012045196,
    "duration": 0,
    "pid": 10544,
    "index": 29
  },
  {
    "name": "Require(25) node_modules/egg-security/app/extend/application.js",
    "start": 1622012045197,
    "end": 1622012045198,
    "duration": 1,
    "pid": 10544,
    "index": 30
  },
  {
    "name": "Require(26) node_modules/egg-jsonp/app/extend/application.js",
    "start": 1622012045199,
    "end": 1622012045201,
    "duration": 2,
    "pid": 10544,
    "index": 31
  },
  {
    "name": "Require(27) node_modules/egg-logrotator/app/extend/application.js",
    "start": 1622012045203,
    "end": 1622012045204,
    "duration": 1,
    "pid": 10544,
    "index": 32
  },
  {
    "name": "Require(28) node_modules/egg-view/app/extend/application.js",
    "start": 1622012045205,
    "end": 1622012045206,
    "duration": 1,
    "pid": 10544,
    "index": 33
  },
  {
    "name": "Require(29) node_modules/egg-view-nunjucks/app/extend/application.js",
    "start": 1622012045207,
    "end": 1622012045235,
    "duration": 28,
    "pid": 10544,
    "index": 34
  },
  {
    "name": "Load extend/request.js",
    "start": 1622012045240,
    "end": 1622012045253,
    "duration": 13,
    "pid": 10544,
    "index": 35
  },
  {
    "name": "Require(30) node_modules/egg/app/extend/request.js",
    "start": 1622012045246,
    "end": 1622012045247,
    "duration": 1,
    "pid": 10544,
    "index": 36
  },
  {
    "name": "Load extend/response.js",
    "start": 1622012045253,
    "end": 1622012045264,
    "duration": 11,
    "pid": 10544,
    "index": 37
  },
  {
    "name": "Require(31) node_modules/egg/app/extend/response.js",
    "start": 1622012045258,
    "end": 1622012045259,
    "duration": 1,
    "pid": 10544,
    "index": 38
  },
  {
    "name": "Load extend/context.js",
    "start": 1622012045264,
    "end": 1622012045331,
    "duration": 67,
    "pid": 10544,
    "index": 39
  },
  {
    "name": "Require(32) node_modules/egg-security/app/extend/context.js",
    "start": 1622012045264,
    "end": 1622012045275,
    "duration": 11,
    "pid": 10544,
    "index": 40
  },
  {
    "name": "Require(33) node_modules/egg-jsonp/app/extend/context.js",
    "start": 1622012045275,
    "end": 1622012045276,
    "duration": 1,
    "pid": 10544,
    "index": 41
  },
  {
    "name": "Require(34) node_modules/egg-i18n/app/extend/context.js",
    "start": 1622012045277,
    "end": 1622012045278,
    "duration": 1,
    "pid": 10544,
    "index": 42
  },
  {
    "name": "Require(35) node_modules/egg-multipart/app/extend/context.js",
    "start": 1622012045279,
    "end": 1622012045321,
    "duration": 42,
    "pid": 10544,
    "index": 43
  },
  {
    "name": "Require(36) node_modules/egg-view/app/extend/context.js",
    "start": 1622012045322,
    "end": 1622012045323,
    "duration": 1,
    "pid": 10544,
    "index": 44
  },
  {
    "name": "Require(37) node_modules/egg-mongoose/app/extend/context.js",
    "start": 1622012045324,
    "end": 1622012045324,
    "duration": 0,
    "pid": 10544,
    "index": 45
  },
  {
    "name": "Require(38) node_modules/egg/app/extend/context.js",
    "start": 1622012045325,
    "end": 1622012045325,
    "duration": 0,
    "pid": 10544,
    "index": 46
  },
  {
    "name": "Load extend/helper.js",
    "start": 1622012045331,
    "end": 1622012045362,
    "duration": 31,
    "pid": 10544,
    "index": 47
  },
  {
    "name": "Require(39) node_modules/egg-security/app/extend/helper.js",
    "start": 1622012045332,
    "end": 1622012045350,
    "duration": 18,
    "pid": 10544,
    "index": 48
  },
  {
    "name": "Require(40) node_modules/egg/app/extend/helper.js",
    "start": 1622012045354,
    "end": 1622012045354,
    "duration": 0,
    "pid": 10544,
    "index": 49
  },
  {
    "name": "Require(41) app/extend/helper.js",
    "start": 1622012045355,
    "end": 1622012045357,
    "duration": 2,
    "pid": 10544,
    "index": 50
  },
  {
    "name": "Load app.js",
    "start": 1622012045363,
    "end": 1622012045401,
    "duration": 38,
    "pid": 10544,
    "index": 51
  },
  {
    "name": "Require(42) node_modules/egg-session/app.js",
    "start": 1622012045363,
    "end": 1622012045364,
    "duration": 1,
    "pid": 10544,
    "index": 52
  },
  {
    "name": "Require(43) node_modules/egg-security/app.js",
    "start": 1622012045364,
    "end": 1622012045366,
    "duration": 2,
    "pid": 10544,
    "index": 53
  },
  {
    "name": "Require(44) node_modules/egg-onerror/app.js",
    "start": 1622012045367,
    "end": 1622012045375,
    "duration": 8,
    "pid": 10544,
    "index": 54
  },
  {
    "name": "Require(45) node_modules/egg-i18n/app.js",
    "start": 1622012045375,
    "end": 1622012045390,
    "duration": 15,
    "pid": 10544,
    "index": 55
  },
  {
    "name": "Require(46) node_modules/egg-watcher/app.js",
    "start": 1622012045390,
    "end": 1622012045394,
    "duration": 4,
    "pid": 10544,
    "index": 56
  },
  {
    "name": "Require(47) node_modules/egg-schedule/app.js",
    "start": 1622012045394,
    "end": 1622012045395,
    "duration": 1,
    "pid": 10544,
    "index": 57
  },
  {
    "name": "Require(48) node_modules/egg-multipart/app.js",
    "start": 1622012045396,
    "end": 1622012045396,
    "duration": 0,
    "pid": 10544,
    "index": 58
  },
  {
    "name": "Require(49) node_modules/egg-development/app.js",
    "start": 1622012045397,
    "end": 1622012045397,
    "duration": 0,
    "pid": 10544,
    "index": 59
  },
  {
    "name": "Require(50) node_modules/egg-logrotator/app.js",
    "start": 1622012045397,
    "end": 1622012045398,
    "duration": 1,
    "pid": 10544,
    "index": 60
  },
  {
    "name": "Require(51) node_modules/egg-static/app.js",
    "start": 1622012045398,
    "end": 1622012045398,
    "duration": 0,
    "pid": 10544,
    "index": 61
  },
  {
    "name": "Require(52) node_modules/egg-view-nunjucks/app.js",
    "start": 1622012045399,
    "end": 1622012045399,
    "duration": 0,
    "pid": 10544,
    "index": 62
  },
  {
    "name": "Require(53) node_modules/egg-view-ejs/app.js",
    "start": 1622012045400,
    "end": 1622012045400,
    "duration": 0,
    "pid": 10544,
    "index": 63
  },
  {
    "name": "Require(54) node_modules/egg-mongoose/app.js",
    "start": 1622012045400,
    "end": 1622012045400,
    "duration": 0,
    "pid": 10544,
    "index": 64
  },
  {
    "name": "Before Start in node_modules/egg-watcher/lib/init.js:15:14",
    "start": 1622012045410,
    "end": 1622012046242,
    "duration": 832,
    "pid": 10544,
    "index": 65
  },
  {
    "name": "Before Start in node_modules/egg-mongoose/lib/mongoose.js:104:7",
    "start": 1622012045821,
    "end": 1622012046417,
    "duration": 596,
    "pid": 10544,
    "index": 66
  },
  {
    "name": "Before Start in node_modules/egg-mongoose/lib/mongoose.js:52:9",
    "start": 1622012045821,
    "end": 1622012046231,
    "duration": 410,
    "pid": 10544,
    "index": 67
  },
  {
    "name": "Load Service",
    "start": 1622012045822,
    "end": 1622012046045,
    "duration": 223,
    "pid": 10544,
    "index": 68
  },
  {
    "name": "Load \"service\" to Context",
    "start": 1622012045822,
    "end": 1622012046045,
    "duration": 223,
    "pid": 10544,
    "index": 69
  },
  {
    "name": "Load Middleware",
    "start": 1622012046045,
    "end": 1622012046166,
    "duration": 121,
    "pid": 10544,
    "index": 70
  },
  {
    "name": "Load \"middlewares\" to Application",
    "start": 1622012046045,
    "end": 1622012046154,
    "duration": 109,
    "pid": 10544,
    "index": 71
  },
  {
    "name": "Load Controller",
    "start": 1622012046166,
    "end": 1622012046186,
    "duration": 20,
    "pid": 10544,
    "index": 72
  },
  {
    "name": "Load \"controller\" to Application",
    "start": 1622012046166,
    "end": 1622012046186,
    "duration": 20,
    "pid": 10544,
    "index": 73
  },
  {
    "name": "Load Router",
    "start": 1622012046186,
    "end": 1622012046190,
    "duration": 4,
    "pid": 10544,
    "index": 74
  },
  {
    "name": "Require(55) app/router.js",
    "start": 1622012046186,
    "end": 1622012046187,
    "duration": 1,
    "pid": 10544,
    "index": 75
  },
  {
    "name": "Before Start in node_modules/egg-core/lib/egg.js:303:10",
    "start": 1622012046188,
    "end": 1622012046231,
    "duration": 43,
    "pid": 10544,
    "index": 76
  },
  {
    "name": "Load \"model\" to Application",
    "start": 1622012046198,
    "end": 1622012046230,
    "duration": 32,
    "pid": 10544,
    "index": 77
  }
]