[
  {
    "name": "Process Start",
    "start": 1622012605225,
    "end": 1622012606753,
    "duration": 1528,
    "pid": 16276,
    "index": 0
  },
  {
    "name": "Application Start",
    "start": 1622012606755,
    "end": 1622012609250,
    "duration": 2495,
    "pid": 16276,
    "index": 1
  },
  {
    "name": "Load Plugin",
    "start": 1622012606767,
    "end": 1622012606836,
    "duration": 69,
    "pid": 16276,
    "index": 2
  },
  {
    "name": "Load Config",
    "start": 1622012606836,
    "end": 1622012606895,
    "duration": 59,
    "pid": 16276,
    "index": 3
  },
  {
    "name": "Require(0) config/config.default.js",
    "start": 1622012606837,
    "end": 1622012606838,
    "duration": 1,
    "pid": 16276,
    "index": 4
  },
  {
    "name": "Require(1) node_modules/egg-session/config/config.default.js",
    "start": 1622012606841,
    "end": 1622012606841,
    "duration": 0,
    "pid": 16276,
    "index": 5
  },
  {
    "name": "Require(2) node_modules/egg-security/config/config.default.js",
    "start": 1622012606843,
    "end": 1622012606844,
    "duration": 1,
    "pid": 16276,
    "index": 6
  },
  {
    "name": "Require(3) node_modules/egg-jsonp/config/config.default.js",
    "start": 1622012606846,
    "end": 1622012606847,
    "duration": 1,
    "pid": 16276,
    "index": 7
  },
  {
    "name": "Require(4) node_modules/egg-onerror/config/config.default.js",
    "start": 1622012606848,
    "end": 1622012606849,
    "duration": 1,
    "pid": 16276,
    "index": 8
  },
  {
    "name": "Require(5) node_modules/egg-i18n/config/config.default.js",
    "start": 1622012606855,
    "end": 1622012606856,
    "duration": 1,
    "pid": 16276,
    "index": 9
  },
  {
    "name": "Require(6) node_modules/egg-watcher/config/config.default.js",
    "start": 1622012606858,
    "end": 1622012606859,
    "duration": 1,
    "pid": 16276,
    "index": 10
  },
  {
    "name": "Require(7) node_modules/egg-schedule/config/config.default.js",
    "start": 1622012606859,
    "end": 1622012606860,
    "duration": 1,
    "pid": 16276,
    "index": 11
  },
  {
    "name": "Require(8) node_modules/egg-multipart/config/config.default.js",
    "start": 1622012606861,
    "end": 1622012606862,
    "duration": 1,
    "pid": 16276,
    "index": 12
  },
  {
    "name": "Require(9) node_modules/egg-logrotator/config/config.default.js",
    "start": 1622012606864,
    "end": 1622012606864,
    "duration": 0,
    "pid": 16276,
    "index": 13
  },
  {
    "name": "Require(10) node_modules/egg-static/config/config.default.js",
    "start": 1622012606865,
    "end": 1622012606867,
    "duration": 2,
    "pid": 16276,
    "index": 14
  },
  {
    "name": "Require(11) node_modules/egg-view/config/config.default.js",
    "start": 1622012606868,
    "end": 1622012606869,
    "duration": 1,
    "pid": 16276,
    "index": 15
  },
  {
    "name": "Require(12) node_modules/egg-view-nunjucks/config/config.default.js",
    "start": 1622012606878,
    "end": 1622012606879,
    "duration": 1,
    "pid": 16276,
    "index": 16
  },
  {
    "name": "Require(13) node_modules/egg-view-ejs/config/config.default.js",
    "start": 1622012606880,
    "end": 1622012606881,
    "duration": 1,
    "pid": 16276,
    "index": 17
  },
  {
    "name": "Require(14) node_modules/egg-mongoose/config/config.default.js",
    "start": 1622012606882,
    "end": 1622012606883,
    "duration": 1,
    "pid": 16276,
    "index": 18
  },
  {
    "name": "Require(15) node_modules/egg/config/config.default.js",
    "start": 1622012606884,
    "end": 1622012606884,
    "duration": 0,
    "pid": 16276,
    "index": 19
  },
  {
    "name": "Require(16) config/config.default.js",
    "start": 1622012606886,
    "end": 1622012606886,
    "duration": 0,
    "pid": 16276,
    "index": 20
  },
  {
    "name": "Require(17) node_modules/egg-static/config/config.prod.js",
    "start": 1622012606892,
    "end": 1622012606892,
    "duration": 0,
    "pid": 16276,
    "index": 21
  },
  {
    "name": "Load extend/application.js",
    "start": 1622012606896,
    "end": 1622012606982,
    "duration": 86,
    "pid": 16276,
    "index": 22
  },
  {
    "name": "Require(18) node_modules/egg-session/app/extend/application.js",
    "start": 1622012606898,
    "end": 1622012606898,
    "duration": 0,
    "pid": 16276,
    "index": 23
  },
  {
    "name": "Require(19) node_modules/egg-security/app/extend/application.js",
    "start": 1622012606900,
    "end": 1622012606902,
    "duration": 2,
    "pid": 16276,
    "index": 24
  },
  {
    "name": "Require(20) node_modules/egg-jsonp/app/extend/application.js",
    "start": 1622012606903,
    "end": 1622012606906,
    "duration": 3,
    "pid": 16276,
    "index": 25
  },
  {
    "name": "Require(21) node_modules/egg-logrotator/app/extend/application.js",
    "start": 1622012606911,
    "end": 1622012606914,
    "duration": 3,
    "pid": 16276,
    "index": 26
  },
  {
    "name": "Require(22) node_modules/egg-view/app/extend/application.js",
    "start": 1622012606915,
    "end": 1622012606918,
    "duration": 3,
    "pid": 16276,
    "index": 27
  },
  {
    "name": "Require(23) node_modules/egg-view-nunjucks/app/extend/application.js",
    "start": 1622012606919,
    "end": 1622012606970,
    "duration": 51,
    "pid": 16276,
    "index": 28
  },
  {
    "name": "Load extend/request.js",
    "start": 1622012606982,
    "end": 1622012607002,
    "duration": 20,
    "pid": 16276,
    "index": 29
  },
  {
    "name": "Require(24) node_modules/egg/app/extend/request.js",
    "start": 1622012606991,
    "end": 1622012606992,
    "duration": 1,
    "pid": 16276,
    "index": 30
  },
  {
    "name": "Load extend/response.js",
    "start": 1622012607002,
    "end": 1622012607028,
    "duration": 26,
    "pid": 16276,
    "index": 31
  },
  {
    "name": "Require(25) node_modules/egg/app/extend/response.js",
    "start": 1622012607015,
    "end": 1622012607018,
    "duration": 3,
    "pid": 16276,
    "index": 32
  },
  {
    "name": "Load extend/context.js",
    "start": 1622012607028,
    "end": 1622012607174,
    "duration": 146,
    "pid": 16276,
    "index": 33
  },
  {
    "name": "Require(26) node_modules/egg-security/app/extend/context.js",
    "start": 1622012607030,
    "end": 1622012607057,
    "duration": 27,
    "pid": 16276,
    "index": 34
  },
  {
    "name": "Require(27) node_modules/egg-jsonp/app/extend/context.js",
    "start": 1622012607059,
    "end": 1622012607062,
    "duration": 3,
    "pid": 16276,
    "index": 35
  },
  {
    "name": "Require(28) node_modules/egg-i18n/app/extend/context.js",
    "start": 1622012607064,
    "end": 1622012607064,
    "duration": 0,
    "pid": 16276,
    "index": 36
  },
  {
    "name": "Require(29) node_modules/egg-multipart/app/extend/context.js",
    "start": 1622012607067,
    "end": 1622012607153,
    "duration": 86,
    "pid": 16276,
    "index": 37
  },
  {
    "name": "Require(30) node_modules/egg-view/app/extend/context.js",
    "start": 1622012607154,
    "end": 1622012607157,
    "duration": 3,
    "pid": 16276,
    "index": 38
  },
  {
    "name": "Require(31) node_modules/egg-mongoose/app/extend/context.js",
    "start": 1622012607160,
    "end": 1622012607161,
    "duration": 1,
    "pid": 16276,
    "index": 39
  },
  {
    "name": "Require(32) node_modules/egg/app/extend/context.js",
    "start": 1622012607163,
    "end": 1622012607165,
    "duration": 2,
    "pid": 16276,
    "index": 40
  },
  {
    "name": "Load extend/helper.js",
    "start": 1622012607174,
    "end": 1622012607236,
    "duration": 62,
    "pid": 16276,
    "index": 41
  },
  {
    "name": "Require(33) node_modules/egg-security/app/extend/helper.js",
    "start": 1622012607175,
    "end": 1622012607213,
    "duration": 38,
    "pid": 16276,
    "index": 42
  },
  {
    "name": "Require(34) node_modules/egg/app/extend/helper.js",
    "start": 1622012607221,
    "end": 1622012607221,
    "duration": 0,
    "pid": 16276,
    "index": 43
  },
  {
    "name": "Require(35) app/extend/helper.js",
    "start": 1622012607222,
    "end": 1622012607226,
    "duration": 4,
    "pid": 16276,
    "index": 44
  },
  {
    "name": "Load app.js",
    "start": 1622012607236,
    "end": 1622012607318,
    "duration": 82,
    "pid": 16276,
    "index": 45
  },
  {
    "name": "Require(36) node_modules/egg-session/app.js",
    "start": 1622012607237,
    "end": 1622012607237,
    "duration": 0,
    "pid": 16276,
    "index": 46
  },
  {
    "name": "Require(37) node_modules/egg-security/app.js",
    "start": 1622012607239,
    "end": 1622012607242,
    "duration": 3,
    "pid": 16276,
    "index": 47
  },
  {
    "name": "Require(38) node_modules/egg-onerror/app.js",
    "start": 1622012607245,
    "end": 1622012607261,
    "duration": 16,
    "pid": 16276,
    "index": 48
  },
  {
    "name": "Require(39) node_modules/egg-i18n/app.js",
    "start": 1622012607261,
    "end": 1622012607292,
    "duration": 31,
    "pid": 16276,
    "index": 49
  },
  {
    "name": "Require(40) node_modules/egg-watcher/app.js",
    "start": 1622012607293,
    "end": 1622012607302,
    "duration": 9,
    "pid": 16276,
    "index": 50
  },
  {
    "name": "Require(41) node_modules/egg-schedule/app.js",
    "start": 1622012607304,
    "end": 1622012607306,
    "duration": 2,
    "pid": 16276,
    "index": 51
  },
  {
    "name": "Require(42) node_modules/egg-multipart/app.js",
    "start": 1622012607308,
    "end": 1622012607309,
    "duration": 1,
    "pid": 16276,
    "index": 52
  },
  {
    "name": "Require(43) node_modules/egg-logrotator/app.js",
    "start": 1622012607310,
    "end": 1622012607310,
    "duration": 0,
    "pid": 16276,
    "index": 53
  },
  {
    "name": "Require(44) node_modules/egg-static/app.js",
    "start": 1622012607311,
    "end": 1622012607311,
    "duration": 0,
    "pid": 16276,
    "index": 54
  },
  {
    "name": "Require(45) node_modules/egg-view-nunjucks/app.js",
    "start": 1622012607313,
    "end": 1622012607313,
    "duration": 0,
    "pid": 16276,
    "index": 55
  },
  {
    "name": "Require(46) node_modules/egg-view-ejs/app.js",
    "start": 1622012607314,
    "end": 1622012607314,
    "duration": 0,
    "pid": 16276,
    "index": 56
  },
  {
    "name": "Require(47) node_modules/egg-mongoose/app.js",
    "start": 1622012607315,
    "end": 1622012607315,
    "duration": 0,
    "pid": 16276,
    "index": 57
  },
  {
    "name": "Before Start in node_modules/egg-watcher/lib/init.js:15:14",
    "start": 1622012607334,
    "end": 1622012609077,
    "duration": 1743,
    "pid": 16276,
    "index": 58
  },
  {
    "name": "Before Start in node_modules/egg-mongoose/lib/mongoose.js:104:7",
    "start": 1622012608209,
    "end": 1622012609249,
    "duration": 1040,
    "pid": 16276,
    "index": 59
  },
  {
    "name": "Before Start in node_modules/egg-mongoose/lib/mongoose.js:52:9",
    "start": 1622012608209,
    "end": 1622012609054,
    "duration": 845,
    "pid": 16276,
    "index": 60
  },
  {
    "name": "Load Service",
    "start": 1622012608210,
    "end": 1622012608693,
    "duration": 483,
    "pid": 16276,
    "index": 61
  },
  {
    "name": "Load \"service\" to Context",
    "start": 1622012608210,
    "end": 1622012608693,
    "duration": 483,
    "pid": 16276,
    "index": 62
  },
  {
    "name": "Load Middleware",
    "start": 1622012608693,
    "end": 1622012608939,
    "duration": 246,
    "pid": 16276,
    "index": 63
  },
  {
    "name": "Load \"middlewares\" to Application",
    "start": 1622012608693,
    "end": 1622012608916,
    "duration": 223,
    "pid": 16276,
    "index": 64
  },
  {
    "name": "Load Controller",
    "start": 1622012608939,
    "end": 1622012608977,
    "duration": 38,
    "pid": 16276,
    "index": 65
  },
  {
    "name": "Load \"controller\" to Application",
    "start": 1622012608939,
    "end": 1622012608977,
    "duration": 38,
    "pid": 16276,
    "index": 66
  },
  {
    "name": "Load Router",
    "start": 1622012608977,
    "end": 1622012608984,
    "duration": 7,
    "pid": 16276,
    "index": 67
  },
  {
    "name": "Require(48) app/router.js",
    "start": 1622012608978,
    "end": 1622012608978,
    "duration": 0,
    "pid": 16276,
    "index": 68
  },
  {
    "name": "Before Start in node_modules/egg-core/lib/egg.js:303:10",
    "start": 1622012608980,
    "end": 1622012609054,
    "duration": 74,
    "pid": 16276,
    "index": 69
  },
  {
    "name": "Load \"model\" to Application",
    "start": 1622012609001,
    "end": 1622012609052,
    "duration": 51,
    "pid": 16276,
    "index": 70
  }
]