[
  {
    "name": "Process Start",
    "start": 1622012270176,
    "end": 1622012271577,
    "duration": 1401,
    "pid": 16252,
    "index": 0
  },
  {
    "name": "Application Start",
    "start": 1622012271579,
    "end": 1622012273873,
    "duration": 2294,
    "pid": 16252,
    "index": 1
  },
  {
    "name": "Load Plugin",
    "start": 1622012271588,
    "end": 1622012271653,
    "duration": 65,
    "pid": 16252,
    "index": 2
  },
  {
    "name": "Load Config",
    "start": 1622012271653,
    "end": 1622012271693,
    "duration": 40,
    "pid": 16252,
    "index": 3
  },
  {
    "name": "Require(0) config/config.default.js",
    "start": 1622012271654,
    "end": 1622012271654,
    "duration": 0,
    "pid": 16252,
    "index": 4
  },
  {
    "name": "Require(1) node_modules/egg-session/config/config.default.js",
    "start": 1622012271657,
    "end": 1622012271658,
    "duration": 1,
    "pid": 16252,
    "index": 5
  },
  {
    "name": "Require(2) node_modules/egg-security/config/config.default.js",
    "start": 1622012271659,
    "end": 1622012271659,
    "duration": 0,
    "pid": 16252,
    "index": 6
  },
  {
    "name": "Require(3) node_modules/egg-jsonp/config/config.default.js",
    "start": 1622012271661,
    "end": 1622012271662,
    "duration": 1,
    "pid": 16252,
    "index": 7
  },
  {
    "name": "Require(4) node_modules/egg-onerror/config/config.default.js",
    "start": 1622012271663,
    "end": 1622012271663,
    "duration": 0,
    "pid": 16252,
    "index": 8
  },
  {
    "name": "Require(5) node_modules/egg-i18n/config/config.default.js",
    "start": 1622012271664,
    "end": 1622012271665,
    "duration": 1,
    "pid": 16252,
    "index": 9
  },
  {
    "name": "Require(6) node_modules/egg-watcher/config/config.default.js",
    "start": 1622012271666,
    "end": 1622012271667,
    "duration": 1,
    "pid": 16252,
    "index": 10
  },
  {
    "name": "Require(7) node_modules/egg-schedule/config/config.default.js",
    "start": 1622012271668,
    "end": 1622012271669,
    "duration": 1,
    "pid": 16252,
    "index": 11
  },
  {
    "name": "Require(8) node_modules/egg-multipart/config/config.default.js",
    "start": 1622012271670,
    "end": 1622012271671,
    "duration": 1,
    "pid": 16252,
    "index": 12
  },
  {
    "name": "Require(9) node_modules/egg-logrotator/config/config.default.js",
    "start": 1622012271672,
    "end": 1622012271672,
    "duration": 0,
    "pid": 16252,
    "index": 13
  },
  {
    "name": "Require(10) node_modules/egg-static/config/config.default.js",
    "start": 1622012271673,
    "end": 1622012271674,
    "duration": 1,
    "pid": 16252,
    "index": 14
  },
  {
    "name": "Require(11) node_modules/egg-view/config/config.default.js",
    "start": 1622012271675,
    "end": 1622012271676,
    "duration": 1,
    "pid": 16252,
    "index": 15
  },
  {
    "name": "Require(12) node_modules/egg-view-nunjucks/config/config.default.js",
    "start": 1622012271677,
    "end": 1622012271677,
    "duration": 0,
    "pid": 16252,
    "index": 16
  },
  {
    "name": "Require(13) node_modules/egg-view-ejs/config/config.default.js",
    "start": 1622012271678,
    "end": 1622012271679,
    "duration": 1,
    "pid": 16252,
    "index": 17
  },
  {
    "name": "Require(14) node_modules/egg-mongoose/config/config.default.js",
    "start": 1622012271680,
    "end": 1622012271681,
    "duration": 1,
    "pid": 16252,
    "index": 18
  },
  {
    "name": "Require(15) node_modules/egg/config/config.default.js",
    "start": 1622012271682,
    "end": 1622012271682,
    "duration": 0,
    "pid": 16252,
    "index": 19
  },
  {
    "name": "Require(16) config/config.default.js",
    "start": 1622012271684,
    "end": 1622012271684,
    "duration": 0,
    "pid": 16252,
    "index": 20
  },
  {
    "name": "Require(17) node_modules/egg-static/config/config.prod.js",
    "start": 1622012271690,
    "end": 1622012271690,
    "duration": 0,
    "pid": 16252,
    "index": 21
  },
  {
    "name": "Load extend/application.js",
    "start": 1622012271695,
    "end": 1622012271775,
    "duration": 80,
    "pid": 16252,
    "index": 22
  },
  {
    "name": "Require(18) node_modules/egg-session/app/extend/application.js",
    "start": 1622012271696,
    "end": 1622012271696,
    "duration": 0,
    "pid": 16252,
    "index": 23
  },
  {
    "name": "Require(19) node_modules/egg-security/app/extend/application.js",
    "start": 1622012271697,
    "end": 1622012271700,
    "duration": 3,
    "pid": 16252,
    "index": 24
  },
  {
    "name": "Require(20) node_modules/egg-jsonp/app/extend/application.js",
    "start": 1622012271701,
    "end": 1622012271703,
    "duration": 2,
    "pid": 16252,
    "index": 25
  },
  {
    "name": "Require(21) node_modules/egg-logrotator/app/extend/application.js",
    "start": 1622012271708,
    "end": 1622012271711,
    "duration": 3,
    "pid": 16252,
    "index": 26
  },
  {
    "name": "Require(22) node_modules/egg-view/app/extend/application.js",
    "start": 1622012271713,
    "end": 1622012271715,
    "duration": 2,
    "pid": 16252,
    "index": 27
  },
  {
    "name": "Require(23) node_modules/egg-view-nunjucks/app/extend/application.js",
    "start": 1622012271717,
    "end": 1622012271764,
    "duration": 47,
    "pid": 16252,
    "index": 28
  },
  {
    "name": "Load extend/request.js",
    "start": 1622012271775,
    "end": 1622012271793,
    "duration": 18,
    "pid": 16252,
    "index": 29
  },
  {
    "name": "Require(24) node_modules/egg/app/extend/request.js",
    "start": 1622012271784,
    "end": 1622012271785,
    "duration": 1,
    "pid": 16252,
    "index": 30
  },
  {
    "name": "Load extend/response.js",
    "start": 1622012271793,
    "end": 1622012271813,
    "duration": 20,
    "pid": 16252,
    "index": 31
  },
  {
    "name": "Require(25) node_modules/egg/app/extend/response.js",
    "start": 1622012271801,
    "end": 1622012271805,
    "duration": 4,
    "pid": 16252,
    "index": 32
  },
  {
    "name": "Load extend/context.js",
    "start": 1622012271813,
    "end": 1622012271940,
    "duration": 127,
    "pid": 16252,
    "index": 33
  },
  {
    "name": "Require(26) node_modules/egg-security/app/extend/context.js",
    "start": 1622012271814,
    "end": 1622012271836,
    "duration": 22,
    "pid": 16252,
    "index": 34
  },
  {
    "name": "Require(27) node_modules/egg-jsonp/app/extend/context.js",
    "start": 1622012271837,
    "end": 1622012271840,
    "duration": 3,
    "pid": 16252,
    "index": 35
  },
  {
    "name": "Require(28) node_modules/egg-i18n/app/extend/context.js",
    "start": 1622012271842,
    "end": 1622012271843,
    "duration": 1,
    "pid": 16252,
    "index": 36
  },
  {
    "name": "Require(29) node_modules/egg-multipart/app/extend/context.js",
    "start": 1622012271846,
    "end": 1622012271922,
    "duration": 76,
    "pid": 16252,
    "index": 37
  },
  {
    "name": "Require(30) node_modules/egg-view/app/extend/context.js",
    "start": 1622012271924,
    "end": 1622012271927,
    "duration": 3,
    "pid": 16252,
    "index": 38
  },
  {
    "name": "Require(31) node_modules/egg-mongoose/app/extend/context.js",
    "start": 1622012271929,
    "end": 1622012271930,
    "duration": 1,
    "pid": 16252,
    "index": 39
  },
  {
    "name": "Require(32) node_modules/egg/app/extend/context.js",
    "start": 1622012271930,
    "end": 1622012271931,
    "duration": 1,
    "pid": 16252,
    "index": 40
  },
  {
    "name": "Load extend/helper.js",
    "start": 1622012271941,
    "end": 1622012272009,
    "duration": 68,
    "pid": 16252,
    "index": 41
  },
  {
    "name": "Require(33) node_modules/egg-security/app/extend/helper.js",
    "start": 1622012271943,
    "end": 1622012271982,
    "duration": 39,
    "pid": 16252,
    "index": 42
  },
  {
    "name": "Require(34) node_modules/egg/app/extend/helper.js",
    "start": 1622012271989,
    "end": 1622012271989,
    "duration": 0,
    "pid": 16252,
    "index": 43
  },
  {
    "name": "Require(35) app/extend/helper.js",
    "start": 1622012271990,
    "end": 1622012271995,
    "duration": 5,
    "pid": 16252,
    "index": 44
  },
  {
    "name": "Load app.js",
    "start": 1622012272010,
    "end": 1622012272087,
    "duration": 77,
    "pid": 16252,
    "index": 45
  },
  {
    "name": "Require(36) node_modules/egg-session/app.js",
    "start": 1622012272010,
    "end": 1622012272011,
    "duration": 1,
    "pid": 16252,
    "index": 46
  },
  {
    "name": "Require(37) node_modules/egg-security/app.js",
    "start": 1622012272012,
    "end": 1622012272015,
    "duration": 3,
    "pid": 16252,
    "index": 47
  },
  {
    "name": "Require(38) node_modules/egg-onerror/app.js",
    "start": 1622012272017,
    "end": 1622012272032,
    "duration": 15,
    "pid": 16252,
    "index": 48
  },
  {
    "name": "Require(39) node_modules/egg-i18n/app.js",
    "start": 1622012272033,
    "end": 1622012272063,
    "duration": 30,
    "pid": 16252,
    "index": 49
  },
  {
    "name": "Require(40) node_modules/egg-watcher/app.js",
    "start": 1622012272064,
    "end": 1622012272072,
    "duration": 8,
    "pid": 16252,
    "index": 50
  },
  {
    "name": "Require(41) node_modules/egg-schedule/app.js",
    "start": 1622012272073,
    "end": 1622012272076,
    "duration": 3,
    "pid": 16252,
    "index": 51
  },
  {
    "name": "Require(42) node_modules/egg-multipart/app.js",
    "start": 1622012272078,
    "end": 1622012272078,
    "duration": 0,
    "pid": 16252,
    "index": 52
  },
  {
    "name": "Require(43) node_modules/egg-logrotator/app.js",
    "start": 1622012272079,
    "end": 1622012272079,
    "duration": 0,
    "pid": 16252,
    "index": 53
  },
  {
    "name": "Require(44) node_modules/egg-static/app.js",
    "start": 1622012272080,
    "end": 1622012272081,
    "duration": 1,
    "pid": 16252,
    "index": 54
  },
  {
    "name": "Require(45) node_modules/egg-view-nunjucks/app.js",
    "start": 1622012272082,
    "end": 1622012272083,
    "duration": 1,
    "pid": 16252,
    "index": 55
  },
  {
    "name": "Require(46) node_modules/egg-view-ejs/app.js",
    "start": 1622012272083,
    "end": 1622012272084,
    "duration": 1,
    "pid": 16252,
    "index": 56
  },
  {
    "name": "Require(47) node_modules/egg-mongoose/app.js",
    "start": 1622012272084,
    "end": 1622012272085,
    "duration": 1,
    "pid": 16252,
    "index": 57
  },
  {
    "name": "Before Start in node_modules/egg-watcher/lib/init.js:15:14",
    "start": 1622012272114,
    "end": 1622012273719,
    "duration": 1605,
    "pid": 16252,
    "index": 58
  },
  {
    "name": "Before Start in node_modules/egg-mongoose/lib/mongoose.js:104:7",
    "start": 1622012272933,
    "end": 1622012273873,
    "duration": 940,
    "pid": 16252,
    "index": 59
  },
  {
    "name": "Before Start in node_modules/egg-mongoose/lib/mongoose.js:52:9",
    "start": 1622012272933,
    "end": 1622012273705,
    "duration": 772,
    "pid": 16252,
    "index": 60
  },
  {
    "name": "Load Service",
    "start": 1622012272933,
    "end": 1622012273378,
    "duration": 445,
    "pid": 16252,
    "index": 61
  },
  {
    "name": "Load \"service\" to Context",
    "start": 1622012272933,
    "end": 1622012273378,
    "duration": 445,
    "pid": 16252,
    "index": 62
  },
  {
    "name": "Load Middleware",
    "start": 1622012273379,
    "end": 1622012273607,
    "duration": 228,
    "pid": 16252,
    "index": 63
  },
  {
    "name": "Load \"middlewares\" to Application",
    "start": 1622012273379,
    "end": 1622012273585,
    "duration": 206,
    "pid": 16252,
    "index": 64
  },
  {
    "name": "Load Controller",
    "start": 1622012273607,
    "end": 1622012273642,
    "duration": 35,
    "pid": 16252,
    "index": 65
  },
  {
    "name": "Load \"controller\" to Application",
    "start": 1622012273607,
    "end": 1622012273642,
    "duration": 35,
    "pid": 16252,
    "index": 66
  },
  {
    "name": "Load Router",
    "start": 1622012273642,
    "end": 1622012273649,
    "duration": 7,
    "pid": 16252,
    "index": 67
  },
  {
    "name": "Require(48) app/router.js",
    "start": 1622012273642,
    "end": 1622012273643,
    "duration": 1,
    "pid": 16252,
    "index": 68
  },
  {
    "name": "Before Start in node_modules/egg-core/lib/egg.js:303:10",
    "start": 1622012273644,
    "end": 1622012273705,
    "duration": 61,
    "pid": 16252,
    "index": 69
  },
  {
    "name": "Load \"model\" to Application",
    "start": 1622012273663,
    "end": 1622012273705,
    "duration": 42,
    "pid": 16252,
    "index": 70
  }
]