[
  {
    "name": "Process Start",
    "start": 1622012269967,
    "end": 1622012271298,
    "duration": 1331,
    "pid": 15652,
    "index": 0
  },
  {
    "name": "Application Start",
    "start": 1622012271299,
    "end": 1622012273640,
    "duration": 2341,
    "pid": 15652,
    "index": 1
  },
  {
    "name": "Load Plugin",
    "start": 1622012271310,
    "end": 1622012271373,
    "duration": 63,
    "pid": 15652,
    "index": 2
  },
  {
    "name": "Load Config",
    "start": 1622012271373,
    "end": 1622012271415,
    "duration": 42,
    "pid": 15652,
    "index": 3
  },
  {
    "name": "Require(0) config/config.default.js",
    "start": 1622012271374,
    "end": 1622012271375,
    "duration": 1,
    "pid": 15652,
    "index": 4
  },
  {
    "name": "Require(1) node_modules/egg-session/config/config.default.js",
    "start": 1622012271377,
    "end": 1622012271378,
    "duration": 1,
    "pid": 15652,
    "index": 5
  },
  {
    "name": "Require(2) node_modules/egg-security/config/config.default.js",
    "start": 1622012271379,
    "end": 1622012271380,
    "duration": 1,
    "pid": 15652,
    "index": 6
  },
  {
    "name": "Require(3) node_modules/egg-jsonp/config/config.default.js",
    "start": 1622012271382,
    "end": 1622012271382,
    "duration": 0,
    "pid": 15652,
    "index": 7
  },
  {
    "name": "Require(4) node_modules/egg-onerror/config/config.default.js",
    "start": 1622012271383,
    "end": 1622012271384,
    "duration": 1,
    "pid": 15652,
    "index": 8
  },
  {
    "name": "Require(5) node_modules/egg-i18n/config/config.default.js",
    "start": 1622012271385,
    "end": 1622012271386,
    "duration": 1,
    "pid": 15652,
    "index": 9
  },
  {
    "name": "Require(6) node_modules/egg-watcher/config/config.default.js",
    "start": 1622012271387,
    "end": 1622012271388,
    "duration": 1,
    "pid": 15652,
    "index": 10
  },
  {
    "name": "Require(7) node_modules/egg-schedule/config/config.default.js",
    "start": 1622012271389,
    "end": 1622012271389,
    "duration": 0,
    "pid": 15652,
    "index": 11
  },
  {
    "name": "Require(8) node_modules/egg-multipart/config/config.default.js",
    "start": 1622012271390,
    "end": 1622012271391,
    "duration": 1,
    "pid": 15652,
    "index": 12
  },
  {
    "name": "Require(9) node_modules/egg-logrotator/config/config.default.js",
    "start": 1622012271392,
    "end": 1622012271393,
    "duration": 1,
    "pid": 15652,
    "index": 13
  },
  {
    "name": "Require(10) node_modules/egg-static/config/config.default.js",
    "start": 1622012271394,
    "end": 1622012271395,
    "duration": 1,
    "pid": 15652,
    "index": 14
  },
  {
    "name": "Require(11) node_modules/egg-view/config/config.default.js",
    "start": 1622012271396,
    "end": 1622012271397,
    "duration": 1,
    "pid": 15652,
    "index": 15
  },
  {
    "name": "Require(12) node_modules/egg-view-nunjucks/config/config.default.js",
    "start": 1622012271398,
    "end": 1622012271399,
    "duration": 1,
    "pid": 15652,
    "index": 16
  },
  {
    "name": "Require(13) node_modules/egg-view-ejs/config/config.default.js",
    "start": 1622012271400,
    "end": 1622012271401,
    "duration": 1,
    "pid": 15652,
    "index": 17
  },
  {
    "name": "Require(14) node_modules/egg-mongoose/config/config.default.js",
    "start": 1622012271402,
    "end": 1622012271403,
    "duration": 1,
    "pid": 15652,
    "index": 18
  },
  {
    "name": "Require(15) node_modules/egg/config/config.default.js",
    "start": 1622012271403,
    "end": 1622012271404,
    "duration": 1,
    "pid": 15652,
    "index": 19
  },
  {
    "name": "Require(16) config/config.default.js",
    "start": 1622012271406,
    "end": 1622012271406,
    "duration": 0,
    "pid": 15652,
    "index": 20
  },
  {
    "name": "Require(17) node_modules/egg-static/config/config.prod.js",
    "start": 1622012271412,
    "end": 1622012271412,
    "duration": 0,
    "pid": 15652,
    "index": 21
  },
  {
    "name": "Load extend/application.js",
    "start": 1622012271417,
    "end": 1622012271498,
    "duration": 81,
    "pid": 15652,
    "index": 22
  },
  {
    "name": "Require(18) node_modules/egg-session/app/extend/application.js",
    "start": 1622012271418,
    "end": 1622012271419,
    "duration": 1,
    "pid": 15652,
    "index": 23
  },
  {
    "name": "Require(19) node_modules/egg-security/app/extend/application.js",
    "start": 1622012271420,
    "end": 1622012271423,
    "duration": 3,
    "pid": 15652,
    "index": 24
  },
  {
    "name": "Require(20) node_modules/egg-jsonp/app/extend/application.js",
    "start": 1622012271425,
    "end": 1622012271427,
    "duration": 2,
    "pid": 15652,
    "index": 25
  },
  {
    "name": "Require(21) node_modules/egg-logrotator/app/extend/application.js",
    "start": 1622012271431,
    "end": 1622012271434,
    "duration": 3,
    "pid": 15652,
    "index": 26
  },
  {
    "name": "Require(22) node_modules/egg-view/app/extend/application.js",
    "start": 1622012271436,
    "end": 1622012271438,
    "duration": 2,
    "pid": 15652,
    "index": 27
  },
  {
    "name": "Require(23) node_modules/egg-view-nunjucks/app/extend/application.js",
    "start": 1622012271439,
    "end": 1622012271485,
    "duration": 46,
    "pid": 15652,
    "index": 28
  },
  {
    "name": "Load extend/request.js",
    "start": 1622012271498,
    "end": 1622012271518,
    "duration": 20,
    "pid": 15652,
    "index": 29
  },
  {
    "name": "Require(24) node_modules/egg/app/extend/request.js",
    "start": 1622012271507,
    "end": 1622012271508,
    "duration": 1,
    "pid": 15652,
    "index": 30
  },
  {
    "name": "Load extend/response.js",
    "start": 1622012271518,
    "end": 1622012271539,
    "duration": 21,
    "pid": 15652,
    "index": 31
  },
  {
    "name": "Require(25) node_modules/egg/app/extend/response.js",
    "start": 1622012271527,
    "end": 1622012271530,
    "duration": 3,
    "pid": 15652,
    "index": 32
  },
  {
    "name": "Load extend/context.js",
    "start": 1622012271539,
    "end": 1622012271666,
    "duration": 127,
    "pid": 15652,
    "index": 33
  },
  {
    "name": "Require(26) node_modules/egg-security/app/extend/context.js",
    "start": 1622012271541,
    "end": 1622012271564,
    "duration": 23,
    "pid": 15652,
    "index": 34
  },
  {
    "name": "Require(27) node_modules/egg-jsonp/app/extend/context.js",
    "start": 1622012271565,
    "end": 1622012271568,
    "duration": 3,
    "pid": 15652,
    "index": 35
  },
  {
    "name": "Require(28) node_modules/egg-i18n/app/extend/context.js",
    "start": 1622012271570,
    "end": 1622012271571,
    "duration": 1,
    "pid": 15652,
    "index": 36
  },
  {
    "name": "Require(29) node_modules/egg-multipart/app/extend/context.js",
    "start": 1622012271573,
    "end": 1622012271649,
    "duration": 76,
    "pid": 15652,
    "index": 37
  },
  {
    "name": "Require(30) node_modules/egg-view/app/extend/context.js",
    "start": 1622012271651,
    "end": 1622012271653,
    "duration": 2,
    "pid": 15652,
    "index": 38
  },
  {
    "name": "Require(31) node_modules/egg-mongoose/app/extend/context.js",
    "start": 1622012271656,
    "end": 1622012271656,
    "duration": 0,
    "pid": 15652,
    "index": 39
  },
  {
    "name": "Require(32) node_modules/egg/app/extend/context.js",
    "start": 1622012271657,
    "end": 1622012271658,
    "duration": 1,
    "pid": 15652,
    "index": 40
  },
  {
    "name": "Load extend/helper.js",
    "start": 1622012271666,
    "end": 1622012271719,
    "duration": 53,
    "pid": 15652,
    "index": 41
  },
  {
    "name": "Require(33) node_modules/egg-security/app/extend/helper.js",
    "start": 1622012271668,
    "end": 1622012271699,
    "duration": 31,
    "pid": 15652,
    "index": 42
  },
  {
    "name": "Require(34) node_modules/egg/app/extend/helper.js",
    "start": 1622012271706,
    "end": 1622012271707,
    "duration": 1,
    "pid": 15652,
    "index": 43
  },
  {
    "name": "Require(35) app/extend/helper.js",
    "start": 1622012271708,
    "end": 1622012271711,
    "duration": 3,
    "pid": 15652,
    "index": 44
  },
  {
    "name": "Load app.js",
    "start": 1622012271720,
    "end": 1622012271792,
    "duration": 72,
    "pid": 15652,
    "index": 45
  },
  {
    "name": "Require(36) node_modules/egg-session/app.js",
    "start": 1622012271720,
    "end": 1622012271721,
    "duration": 1,
    "pid": 15652,
    "index": 46
  },
  {
    "name": "Require(37) node_modules/egg-security/app.js",
    "start": 1622012271722,
    "end": 1622012271724,
    "duration": 2,
    "pid": 15652,
    "index": 47
  },
  {
    "name": "Require(38) node_modules/egg-onerror/app.js",
    "start": 1622012271726,
    "end": 1622012271739,
    "duration": 13,
    "pid": 15652,
    "index": 48
  },
  {
    "name": "Require(39) node_modules/egg-i18n/app.js",
    "start": 1622012271740,
    "end": 1622012271771,
    "duration": 31,
    "pid": 15652,
    "index": 49
  },
  {
    "name": "Require(40) node_modules/egg-watcher/app.js",
    "start": 1622012271772,
    "end": 1622012271779,
    "duration": 7,
    "pid": 15652,
    "index": 50
  },
  {
    "name": "Require(41) node_modules/egg-schedule/app.js",
    "start": 1622012271779,
    "end": 1622012271782,
    "duration": 3,
    "pid": 15652,
    "index": 51
  },
  {
    "name": "Require(42) node_modules/egg-multipart/app.js",
    "start": 1622012271783,
    "end": 1622012271783,
    "duration": 0,
    "pid": 15652,
    "index": 52
  },
  {
    "name": "Require(43) node_modules/egg-logrotator/app.js",
    "start": 1622012271784,
    "end": 1622012271785,
    "duration": 1,
    "pid": 15652,
    "index": 53
  },
  {
    "name": "Require(44) node_modules/egg-static/app.js",
    "start": 1622012271785,
    "end": 1622012271786,
    "duration": 1,
    "pid": 15652,
    "index": 54
  },
  {
    "name": "Require(45) node_modules/egg-view-nunjucks/app.js",
    "start": 1622012271787,
    "end": 1622012271788,
    "duration": 1,
    "pid": 15652,
    "index": 55
  },
  {
    "name": "Require(46) node_modules/egg-view-ejs/app.js",
    "start": 1622012271788,
    "end": 1622012271789,
    "duration": 1,
    "pid": 15652,
    "index": 56
  },
  {
    "name": "Require(47) node_modules/egg-mongoose/app.js",
    "start": 1622012271789,
    "end": 1622012271790,
    "duration": 1,
    "pid": 15652,
    "index": 57
  },
  {
    "name": "Before Start in node_modules/egg-watcher/lib/init.js:15:14",
    "start": 1622012271806,
    "end": 1622012273485,
    "duration": 1679,
    "pid": 15652,
    "index": 58
  },
  {
    "name": "Before Start in node_modules/egg-mongoose/lib/mongoose.js:104:7",
    "start": 1622012272647,
    "end": 1622012273639,
    "duration": 992,
    "pid": 15652,
    "index": 59
  },
  {
    "name": "Before Start in node_modules/egg-mongoose/lib/mongoose.js:52:9",
    "start": 1622012272648,
    "end": 1622012273467,
    "duration": 819,
    "pid": 15652,
    "index": 60
  },
  {
    "name": "Load Service",
    "start": 1622012272648,
    "end": 1622012273097,
    "duration": 449,
    "pid": 15652,
    "index": 61
  },
  {
    "name": "Load \"service\" to Context",
    "start": 1622012272648,
    "end": 1622012273097,
    "duration": 449,
    "pid": 15652,
    "index": 62
  },
  {
    "name": "Load Middleware",
    "start": 1622012273097,
    "end": 1622012273351,
    "duration": 254,
    "pid": 15652,
    "index": 63
  },
  {
    "name": "Load \"middlewares\" to Application",
    "start": 1622012273097,
    "end": 1622012273328,
    "duration": 231,
    "pid": 15652,
    "index": 64
  },
  {
    "name": "Load Controller",
    "start": 1622012273351,
    "end": 1622012273392,
    "duration": 41,
    "pid": 15652,
    "index": 65
  },
  {
    "name": "Load \"controller\" to Application",
    "start": 1622012273352,
    "end": 1622012273392,
    "duration": 40,
    "pid": 15652,
    "index": 66
  },
  {
    "name": "Load Router",
    "start": 1622012273392,
    "end": 1622012273402,
    "duration": 10,
    "pid": 15652,
    "index": 67
  },
  {
    "name": "Require(48) app/router.js",
    "start": 1622012273393,
    "end": 1622012273394,
    "duration": 1,
    "pid": 15652,
    "index": 68
  },
  {
    "name": "Before Start in node_modules/egg-core/lib/egg.js:303:10",
    "start": 1622012273398,
    "end": 1622012273467,
    "duration": 69,
    "pid": 15652,
    "index": 69
  },
  {
    "name": "Load \"model\" to Application",
    "start": 1622012273415,
    "end": 1622012273465,
    "duration": 50,
    "pid": 15652,
    "index": 70
  }
]