[
  {
    "name": "Process Start",
    "start": 1622012605388,
    "end": 1622012606997,
    "duration": 1609,
    "pid": 18328,
    "index": 0
  },
  {
    "name": "Application Start",
    "start": 1622012606998,
    "end": 1622012609397,
    "duration": 2399,
    "pid": 18328,
    "index": 1
  },
  {
    "name": "Load Plugin",
    "start": 1622012607013,
    "end": 1622012607084,
    "duration": 71,
    "pid": 18328,
    "index": 2
  },
  {
    "name": "Load Config",
    "start": 1622012607084,
    "end": 1622012607133,
    "duration": 49,
    "pid": 18328,
    "index": 3
  },
  {
    "name": "Require(0) config/config.default.js",
    "start": 1622012607085,
    "end": 1622012607086,
    "duration": 1,
    "pid": 18328,
    "index": 4
  },
  {
    "name": "Require(1) node_modules/egg-session/config/config.default.js",
    "start": 1622012607089,
    "end": 1622012607089,
    "duration": 0,
    "pid": 18328,
    "index": 5
  },
  {
    "name": "Require(2) node_modules/egg-security/config/config.default.js",
    "start": 1622012607090,
    "end": 1622012607091,
    "duration": 1,
    "pid": 18328,
    "index": 6
  },
  {
    "name": "Require(3) node_modules/egg-jsonp/config/config.default.js",
    "start": 1622012607093,
    "end": 1622012607095,
    "duration": 2,
    "pid": 18328,
    "index": 7
  },
  {
    "name": "Require(4) node_modules/egg-onerror/config/config.default.js",
    "start": 1622012607096,
    "end": 1622012607097,
    "duration": 1,
    "pid": 18328,
    "index": 8
  },
  {
    "name": "Require(5) node_modules/egg-i18n/config/config.default.js",
    "start": 1622012607098,
    "end": 1622012607099,
    "duration": 1,
    "pid": 18328,
    "index": 9
  },
  {
    "name": "Require(6) node_modules/egg-watcher/config/config.default.js",
    "start": 1622012607100,
    "end": 1622012607102,
    "duration": 2,
    "pid": 18328,
    "index": 10
  },
  {
    "name": "Require(7) node_modules/egg-schedule/config/config.default.js",
    "start": 1622012607103,
    "end": 1622012607104,
    "duration": 1,
    "pid": 18328,
    "index": 11
  },
  {
    "name": "Require(8) node_modules/egg-multipart/config/config.default.js",
    "start": 1622012607105,
    "end": 1622012607106,
    "duration": 1,
    "pid": 18328,
    "index": 12
  },
  {
    "name": "Require(9) node_modules/egg-logrotator/config/config.default.js",
    "start": 1622012607108,
    "end": 1622012607109,
    "duration": 1,
    "pid": 18328,
    "index": 13
  },
  {
    "name": "Require(10) node_modules/egg-static/config/config.default.js",
    "start": 1622012607110,
    "end": 1622012607112,
    "duration": 2,
    "pid": 18328,
    "index": 14
  },
  {
    "name": "Require(11) node_modules/egg-view/config/config.default.js",
    "start": 1622012607113,
    "end": 1622012607114,
    "duration": 1,
    "pid": 18328,
    "index": 15
  },
  {
    "name": "Require(12) node_modules/egg-view-nunjucks/config/config.default.js",
    "start": 1622012607115,
    "end": 1622012607116,
    "duration": 1,
    "pid": 18328,
    "index": 16
  },
  {
    "name": "Require(13) node_modules/egg-view-ejs/config/config.default.js",
    "start": 1622012607117,
    "end": 1622012607118,
    "duration": 1,
    "pid": 18328,
    "index": 17
  },
  {
    "name": "Require(14) node_modules/egg-mongoose/config/config.default.js",
    "start": 1622012607119,
    "end": 1622012607121,
    "duration": 2,
    "pid": 18328,
    "index": 18
  },
  {
    "name": "Require(15) node_modules/egg/config/config.default.js",
    "start": 1622012607122,
    "end": 1622012607122,
    "duration": 0,
    "pid": 18328,
    "index": 19
  },
  {
    "name": "Require(16) config/config.default.js",
    "start": 1622012607124,
    "end": 1622012607124,
    "duration": 0,
    "pid": 18328,
    "index": 20
  },
  {
    "name": "Require(17) node_modules/egg-static/config/config.prod.js",
    "start": 1622012607130,
    "end": 1622012607131,
    "duration": 1,
    "pid": 18328,
    "index": 21
  },
  {
    "name": "Load extend/application.js",
    "start": 1622012607135,
    "end": 1622012607223,
    "duration": 88,
    "pid": 18328,
    "index": 22
  },
  {
    "name": "Require(18) node_modules/egg-session/app/extend/application.js",
    "start": 1622012607136,
    "end": 1622012607137,
    "duration": 1,
    "pid": 18328,
    "index": 23
  },
  {
    "name": "Require(19) node_modules/egg-security/app/extend/application.js",
    "start": 1622012607138,
    "end": 1622012607140,
    "duration": 2,
    "pid": 18328,
    "index": 24
  },
  {
    "name": "Require(20) node_modules/egg-jsonp/app/extend/application.js",
    "start": 1622012607141,
    "end": 1622012607144,
    "duration": 3,
    "pid": 18328,
    "index": 25
  },
  {
    "name": "Require(21) node_modules/egg-logrotator/app/extend/application.js",
    "start": 1622012607149,
    "end": 1622012607152,
    "duration": 3,
    "pid": 18328,
    "index": 26
  },
  {
    "name": "Require(22) node_modules/egg-view/app/extend/application.js",
    "start": 1622012607153,
    "end": 1622012607155,
    "duration": 2,
    "pid": 18328,
    "index": 27
  },
  {
    "name": "Require(23) node_modules/egg-view-nunjucks/app/extend/application.js",
    "start": 1622012607156,
    "end": 1622012607208,
    "duration": 52,
    "pid": 18328,
    "index": 28
  },
  {
    "name": "Load extend/request.js",
    "start": 1622012607223,
    "end": 1622012607245,
    "duration": 22,
    "pid": 18328,
    "index": 29
  },
  {
    "name": "Require(24) node_modules/egg/app/extend/request.js",
    "start": 1622012607234,
    "end": 1622012607235,
    "duration": 1,
    "pid": 18328,
    "index": 30
  },
  {
    "name": "Load extend/response.js",
    "start": 1622012607245,
    "end": 1622012607267,
    "duration": 22,
    "pid": 18328,
    "index": 31
  },
  {
    "name": "Require(25) node_modules/egg/app/extend/response.js",
    "start": 1622012607253,
    "end": 1622012607256,
    "duration": 3,
    "pid": 18328,
    "index": 32
  },
  {
    "name": "Load extend/context.js",
    "start": 1622012607267,
    "end": 1622012607400,
    "duration": 133,
    "pid": 18328,
    "index": 33
  },
  {
    "name": "Require(26) node_modules/egg-security/app/extend/context.js",
    "start": 1622012607268,
    "end": 1622012607291,
    "duration": 23,
    "pid": 18328,
    "index": 34
  },
  {
    "name": "Require(27) node_modules/egg-jsonp/app/extend/context.js",
    "start": 1622012607292,
    "end": 1622012607295,
    "duration": 3,
    "pid": 18328,
    "index": 35
  },
  {
    "name": "Require(28) node_modules/egg-i18n/app/extend/context.js",
    "start": 1622012607298,
    "end": 1622012607299,
    "duration": 1,
    "pid": 18328,
    "index": 36
  },
  {
    "name": "Require(29) node_modules/egg-multipart/app/extend/context.js",
    "start": 1622012607302,
    "end": 1622012607382,
    "duration": 80,
    "pid": 18328,
    "index": 37
  },
  {
    "name": "Require(30) node_modules/egg-view/app/extend/context.js",
    "start": 1622012607383,
    "end": 1622012607386,
    "duration": 3,
    "pid": 18328,
    "index": 38
  },
  {
    "name": "Require(31) node_modules/egg-mongoose/app/extend/context.js",
    "start": 1622012607389,
    "end": 1622012607390,
    "duration": 1,
    "pid": 18328,
    "index": 39
  },
  {
    "name": "Require(32) node_modules/egg/app/extend/context.js",
    "start": 1622012607390,
    "end": 1622012607391,
    "duration": 1,
    "pid": 18328,
    "index": 40
  },
  {
    "name": "Load extend/helper.js",
    "start": 1622012607401,
    "end": 1622012607473,
    "duration": 72,
    "pid": 18328,
    "index": 41
  },
  {
    "name": "Require(33) node_modules/egg-security/app/extend/helper.js",
    "start": 1622012607402,
    "end": 1622012607443,
    "duration": 41,
    "pid": 18328,
    "index": 42
  },
  {
    "name": "Require(34) node_modules/egg/app/extend/helper.js",
    "start": 1622012607450,
    "end": 1622012607450,
    "duration": 0,
    "pid": 18328,
    "index": 43
  },
  {
    "name": "Require(35) app/extend/helper.js",
    "start": 1622012607451,
    "end": 1622012607462,
    "duration": 11,
    "pid": 18328,
    "index": 44
  },
  {
    "name": "Load app.js",
    "start": 1622012607473,
    "end": 1622012607563,
    "duration": 90,
    "pid": 18328,
    "index": 45
  },
  {
    "name": "Require(36) node_modules/egg-session/app.js",
    "start": 1622012607474,
    "end": 1622012607476,
    "duration": 2,
    "pid": 18328,
    "index": 46
  },
  {
    "name": "Require(37) node_modules/egg-security/app.js",
    "start": 1622012607477,
    "end": 1622012607482,
    "duration": 5,
    "pid": 18328,
    "index": 47
  },
  {
    "name": "Require(38) node_modules/egg-onerror/app.js",
    "start": 1622012607484,
    "end": 1622012607501,
    "duration": 17,
    "pid": 18328,
    "index": 48
  },
  {
    "name": "Require(39) node_modules/egg-i18n/app.js",
    "start": 1622012607502,
    "end": 1622012607535,
    "duration": 33,
    "pid": 18328,
    "index": 49
  },
  {
    "name": "Require(40) node_modules/egg-watcher/app.js",
    "start": 1622012607535,
    "end": 1622012607543,
    "duration": 8,
    "pid": 18328,
    "index": 50
  },
  {
    "name": "Require(41) node_modules/egg-schedule/app.js",
    "start": 1622012607543,
    "end": 1622012607546,
    "duration": 3,
    "pid": 18328,
    "index": 51
  },
  {
    "name": "Require(42) node_modules/egg-multipart/app.js",
    "start": 1622012607547,
    "end": 1622012607548,
    "duration": 1,
    "pid": 18328,
    "index": 52
  },
  {
    "name": "Require(43) node_modules/egg-logrotator/app.js",
    "start": 1622012607548,
    "end": 1622012607549,
    "duration": 1,
    "pid": 18328,
    "index": 53
  },
  {
    "name": "Require(44) node_modules/egg-static/app.js",
    "start": 1622012607549,
    "end": 1622012607550,
    "duration": 1,
    "pid": 18328,
    "index": 54
  },
  {
    "name": "Require(45) node_modules/egg-view-nunjucks/app.js",
    "start": 1622012607552,
    "end": 1622012607553,
    "duration": 1,
    "pid": 18328,
    "index": 55
  },
  {
    "name": "Require(46) node_modules/egg-view-ejs/app.js",
    "start": 1622012607553,
    "end": 1622012607554,
    "duration": 1,
    "pid": 18328,
    "index": 56
  },
  {
    "name": "Require(47) node_modules/egg-mongoose/app.js",
    "start": 1622012607555,
    "end": 1622012607555,
    "duration": 0,
    "pid": 18328,
    "index": 57
  },
  {
    "name": "Before Start in node_modules/egg-watcher/lib/init.js:15:14",
    "start": 1622012607581,
    "end": 1622012609256,
    "duration": 1675,
    "pid": 18328,
    "index": 58
  },
  {
    "name": "Before Start in node_modules/egg-mongoose/lib/mongoose.js:104:7",
    "start": 1622012608432,
    "end": 1622012609396,
    "duration": 964,
    "pid": 18328,
    "index": 59
  },
  {
    "name": "Before Start in node_modules/egg-mongoose/lib/mongoose.js:52:9",
    "start": 1622012608433,
    "end": 1622012609239,
    "duration": 806,
    "pid": 18328,
    "index": 60
  },
  {
    "name": "Load Service",
    "start": 1622012608433,
    "end": 1622012608914,
    "duration": 481,
    "pid": 18328,
    "index": 61
  },
  {
    "name": "Load \"service\" to Context",
    "start": 1622012608433,
    "end": 1622012608914,
    "duration": 481,
    "pid": 18328,
    "index": 62
  },
  {
    "name": "Load Middleware",
    "start": 1622012608914,
    "end": 1622012609143,
    "duration": 229,
    "pid": 18328,
    "index": 63
  },
  {
    "name": "Load \"middlewares\" to Application",
    "start": 1622012608914,
    "end": 1622012609123,
    "duration": 209,
    "pid": 18328,
    "index": 64
  },
  {
    "name": "Load Controller",
    "start": 1622012609144,
    "end": 1622012609177,
    "duration": 33,
    "pid": 18328,
    "index": 65
  },
  {
    "name": "Load \"controller\" to Application",
    "start": 1622012609144,
    "end": 1622012609177,
    "duration": 33,
    "pid": 18328,
    "index": 66
  },
  {
    "name": "Load Router",
    "start": 1622012609177,
    "end": 1622012609185,
    "duration": 8,
    "pid": 18328,
    "index": 67
  },
  {
    "name": "Require(48) app/router.js",
    "start": 1622012609178,
    "end": 1622012609178,
    "duration": 0,
    "pid": 18328,
    "index": 68
  },
  {
    "name": "Before Start in node_modules/egg-core/lib/egg.js:303:10",
    "start": 1622012609180,
    "end": 1622012609239,
    "duration": 59,
    "pid": 18328,
    "index": 69
  },
  {
    "name": "Load \"model\" to Application",
    "start": 1622012609197,
    "end": 1622012609238,
    "duration": 41,
    "pid": 18328,
    "index": 70
  }
]