[
  {
    "name": "Process Start",
    "start": 1622012515231,
    "end": 1622012516631,
    "duration": 1400,
    "pid": 20472,
    "index": 0
  },
  {
    "name": "Application Start",
    "start": 1622012516633,
    "end": 1622012518919,
    "duration": 2286,
    "pid": 20472,
    "index": 1
  },
  {
    "name": "Load Plugin",
    "start": 1622012516643,
    "end": 1622012516708,
    "duration": 65,
    "pid": 20472,
    "index": 2
  },
  {
    "name": "Load Config",
    "start": 1622012516708,
    "end": 1622012516753,
    "duration": 45,
    "pid": 20472,
    "index": 3
  },
  {
    "name": "Require(0) config/config.default.js",
    "start": 1622012516709,
    "end": 1622012516710,
    "duration": 1,
    "pid": 20472,
    "index": 4
  },
  {
    "name": "Require(1) node_modules/egg-session/config/config.default.js",
    "start": 1622012516713,
    "end": 1622012516713,
    "duration": 0,
    "pid": 20472,
    "index": 5
  },
  {
    "name": "Require(2) node_modules/egg-security/config/config.default.js",
    "start": 1622012516714,
    "end": 1622012516715,
    "duration": 1,
    "pid": 20472,
    "index": 6
  },
  {
    "name": "Require(3) node_modules/egg-jsonp/config/config.default.js",
    "start": 1622012516717,
    "end": 1622012516718,
    "duration": 1,
    "pid": 20472,
    "index": 7
  },
  {
    "name": "Require(4) node_modules/egg-onerror/config/config.default.js",
    "start": 1622012516719,
    "end": 1622012516720,
    "duration": 1,
    "pid": 20472,
    "index": 8
  },
  {
    "name": "Require(5) node_modules/egg-i18n/config/config.default.js",
    "start": 1622012516721,
    "end": 1622012516722,
    "duration": 1,
    "pid": 20472,
    "index": 9
  },
  {
    "name": "Require(6) node_modules/egg-watcher/config/config.default.js",
    "start": 1622012516723,
    "end": 1622012516723,
    "duration": 0,
    "pid": 20472,
    "index": 10
  },
  {
    "name": "Require(7) node_modules/egg-schedule/config/config.default.js",
    "start": 1622012516724,
    "end": 1622012516726,
    "duration": 2,
    "pid": 20472,
    "index": 11
  },
  {
    "name": "Require(8) node_modules/egg-multipart/config/config.default.js",
    "start": 1622012516727,
    "end": 1622012516728,
    "duration": 1,
    "pid": 20472,
    "index": 12
  },
  {
    "name": "Require(9) node_modules/egg-logrotator/config/config.default.js",
    "start": 1622012516729,
    "end": 1622012516730,
    "duration": 1,
    "pid": 20472,
    "index": 13
  },
  {
    "name": "Require(10) node_modules/egg-static/config/config.default.js",
    "start": 1622012516731,
    "end": 1622012516731,
    "duration": 0,
    "pid": 20472,
    "index": 14
  },
  {
    "name": "Require(11) node_modules/egg-view/config/config.default.js",
    "start": 1622012516733,
    "end": 1622012516734,
    "duration": 1,
    "pid": 20472,
    "index": 15
  },
  {
    "name": "Require(12) node_modules/egg-view-nunjucks/config/config.default.js",
    "start": 1622012516735,
    "end": 1622012516735,
    "duration": 0,
    "pid": 20472,
    "index": 16
  },
  {
    "name": "Require(13) node_modules/egg-view-ejs/config/config.default.js",
    "start": 1622012516736,
    "end": 1622012516737,
    "duration": 1,
    "pid": 20472,
    "index": 17
  },
  {
    "name": "Require(14) node_modules/egg-mongoose/config/config.default.js",
    "start": 1622012516739,
    "end": 1622012516740,
    "duration": 1,
    "pid": 20472,
    "index": 18
  },
  {
    "name": "Require(15) node_modules/egg/config/config.default.js",
    "start": 1622012516740,
    "end": 1622012516741,
    "duration": 1,
    "pid": 20472,
    "index": 19
  },
  {
    "name": "Require(16) config/config.default.js",
    "start": 1622012516743,
    "end": 1622012516743,
    "duration": 0,
    "pid": 20472,
    "index": 20
  },
  {
    "name": "Require(17) node_modules/egg-static/config/config.prod.js",
    "start": 1622012516749,
    "end": 1622012516749,
    "duration": 0,
    "pid": 20472,
    "index": 21
  },
  {
    "name": "Load extend/application.js",
    "start": 1622012516754,
    "end": 1622012516844,
    "duration": 90,
    "pid": 20472,
    "index": 22
  },
  {
    "name": "Require(18) node_modules/egg-session/app/extend/application.js",
    "start": 1622012516755,
    "end": 1622012516756,
    "duration": 1,
    "pid": 20472,
    "index": 23
  },
  {
    "name": "Require(19) node_modules/egg-security/app/extend/application.js",
    "start": 1622012516757,
    "end": 1622012516760,
    "duration": 3,
    "pid": 20472,
    "index": 24
  },
  {
    "name": "Require(20) node_modules/egg-jsonp/app/extend/application.js",
    "start": 1622012516761,
    "end": 1622012516763,
    "duration": 2,
    "pid": 20472,
    "index": 25
  },
  {
    "name": "Require(21) node_modules/egg-logrotator/app/extend/application.js",
    "start": 1622012516768,
    "end": 1622012516770,
    "duration": 2,
    "pid": 20472,
    "index": 26
  },
  {
    "name": "Require(22) node_modules/egg-view/app/extend/application.js",
    "start": 1622012516773,
    "end": 1622012516776,
    "duration": 3,
    "pid": 20472,
    "index": 27
  },
  {
    "name": "Require(23) node_modules/egg-view-nunjucks/app/extend/application.js",
    "start": 1622012516777,
    "end": 1622012516832,
    "duration": 55,
    "pid": 20472,
    "index": 28
  },
  {
    "name": "Load extend/request.js",
    "start": 1622012516844,
    "end": 1622012516865,
    "duration": 21,
    "pid": 20472,
    "index": 29
  },
  {
    "name": "Require(24) node_modules/egg/app/extend/request.js",
    "start": 1622012516855,
    "end": 1622012516856,
    "duration": 1,
    "pid": 20472,
    "index": 30
  },
  {
    "name": "Load extend/response.js",
    "start": 1622012516865,
    "end": 1622012516886,
    "duration": 21,
    "pid": 20472,
    "index": 31
  },
  {
    "name": "Require(25) node_modules/egg/app/extend/response.js",
    "start": 1622012516874,
    "end": 1622012516877,
    "duration": 3,
    "pid": 20472,
    "index": 32
  },
  {
    "name": "Load extend/context.js",
    "start": 1622012516886,
    "end": 1622012517008,
    "duration": 122,
    "pid": 20472,
    "index": 33
  },
  {
    "name": "Require(26) node_modules/egg-security/app/extend/context.js",
    "start": 1622012516887,
    "end": 1622012516908,
    "duration": 21,
    "pid": 20472,
    "index": 34
  },
  {
    "name": "Require(27) node_modules/egg-jsonp/app/extend/context.js",
    "start": 1622012516909,
    "end": 1622012516911,
    "duration": 2,
    "pid": 20472,
    "index": 35
  },
  {
    "name": "Require(28) node_modules/egg-i18n/app/extend/context.js",
    "start": 1622012516913,
    "end": 1622012516913,
    "duration": 0,
    "pid": 20472,
    "index": 36
  },
  {
    "name": "Require(29) node_modules/egg-multipart/app/extend/context.js",
    "start": 1622012516915,
    "end": 1622012516990,
    "duration": 75,
    "pid": 20472,
    "index": 37
  },
  {
    "name": "Require(30) node_modules/egg-view/app/extend/context.js",
    "start": 1622012516991,
    "end": 1622012516994,
    "duration": 3,
    "pid": 20472,
    "index": 38
  },
  {
    "name": "Require(31) node_modules/egg-mongoose/app/extend/context.js",
    "start": 1622012516997,
    "end": 1622012516997,
    "duration": 0,
    "pid": 20472,
    "index": 39
  },
  {
    "name": "Require(32) node_modules/egg/app/extend/context.js",
    "start": 1622012516998,
    "end": 1622012516999,
    "duration": 1,
    "pid": 20472,
    "index": 40
  },
  {
    "name": "Load extend/helper.js",
    "start": 1622012517008,
    "end": 1622012517068,
    "duration": 60,
    "pid": 20472,
    "index": 41
  },
  {
    "name": "Require(33) node_modules/egg-security/app/extend/helper.js",
    "start": 1622012517009,
    "end": 1622012517048,
    "duration": 39,
    "pid": 20472,
    "index": 42
  },
  {
    "name": "Require(34) node_modules/egg/app/extend/helper.js",
    "start": 1622012517055,
    "end": 1622012517055,
    "duration": 0,
    "pid": 20472,
    "index": 43
  },
  {
    "name": "Require(35) app/extend/helper.js",
    "start": 1622012517056,
    "end": 1622012517060,
    "duration": 4,
    "pid": 20472,
    "index": 44
  },
  {
    "name": "Load app.js",
    "start": 1622012517068,
    "end": 1622012517140,
    "duration": 72,
    "pid": 20472,
    "index": 45
  },
  {
    "name": "Require(36) node_modules/egg-session/app.js",
    "start": 1622012517069,
    "end": 1622012517069,
    "duration": 0,
    "pid": 20472,
    "index": 46
  },
  {
    "name": "Require(37) node_modules/egg-security/app.js",
    "start": 1622012517070,
    "end": 1622012517073,
    "duration": 3,
    "pid": 20472,
    "index": 47
  },
  {
    "name": "Require(38) node_modules/egg-onerror/app.js",
    "start": 1622012517074,
    "end": 1622012517089,
    "duration": 15,
    "pid": 20472,
    "index": 48
  },
  {
    "name": "Require(39) node_modules/egg-i18n/app.js",
    "start": 1622012517089,
    "end": 1622012517119,
    "duration": 30,
    "pid": 20472,
    "index": 49
  },
  {
    "name": "Require(40) node_modules/egg-watcher/app.js",
    "start": 1622012517120,
    "end": 1622012517126,
    "duration": 6,
    "pid": 20472,
    "index": 50
  },
  {
    "name": "Require(41) node_modules/egg-schedule/app.js",
    "start": 1622012517127,
    "end": 1622012517130,
    "duration": 3,
    "pid": 20472,
    "index": 51
  },
  {
    "name": "Require(42) node_modules/egg-multipart/app.js",
    "start": 1622012517131,
    "end": 1622012517131,
    "duration": 0,
    "pid": 20472,
    "index": 52
  },
  {
    "name": "Require(43) node_modules/egg-logrotator/app.js",
    "start": 1622012517132,
    "end": 1622012517132,
    "duration": 0,
    "pid": 20472,
    "index": 53
  },
  {
    "name": "Require(44) node_modules/egg-static/app.js",
    "start": 1622012517133,
    "end": 1622012517133,
    "duration": 0,
    "pid": 20472,
    "index": 54
  },
  {
    "name": "Require(45) node_modules/egg-view-nunjucks/app.js",
    "start": 1622012517135,
    "end": 1622012517136,
    "duration": 1,
    "pid": 20472,
    "index": 55
  },
  {
    "name": "Require(46) node_modules/egg-view-ejs/app.js",
    "start": 1622012517136,
    "end": 1622012517137,
    "duration": 1,
    "pid": 20472,
    "index": 56
  },
  {
    "name": "Require(47) node_modules/egg-mongoose/app.js",
    "start": 1622012517138,
    "end": 1622012517138,
    "duration": 0,
    "pid": 20472,
    "index": 57
  },
  {
    "name": "Before Start in node_modules/egg-watcher/lib/init.js:15:14",
    "start": 1622012517155,
    "end": 1622012518768,
    "duration": 1613,
    "pid": 20472,
    "index": 58
  },
  {
    "name": "Before Start in node_modules/egg-mongoose/lib/mongoose.js:104:7",
    "start": 1622012517939,
    "end": 1622012518919,
    "duration": 980,
    "pid": 20472,
    "index": 59
  },
  {
    "name": "Before Start in node_modules/egg-mongoose/lib/mongoose.js:52:9",
    "start": 1622012517940,
    "end": 1622012518747,
    "duration": 807,
    "pid": 20472,
    "index": 60
  },
  {
    "name": "Load Service",
    "start": 1622012517940,
    "end": 1622012518383,
    "duration": 443,
    "pid": 20472,
    "index": 61
  },
  {
    "name": "Load \"service\" to Context",
    "start": 1622012517940,
    "end": 1622012518383,
    "duration": 443,
    "pid": 20472,
    "index": 62
  },
  {
    "name": "Load Middleware",
    "start": 1622012518384,
    "end": 1622012518640,
    "duration": 256,
    "pid": 20472,
    "index": 63
  },
  {
    "name": "Load \"middlewares\" to Application",
    "start": 1622012518384,
    "end": 1622012518605,
    "duration": 221,
    "pid": 20472,
    "index": 64
  },
  {
    "name": "Load Controller",
    "start": 1622012518640,
    "end": 1622012518675,
    "duration": 35,
    "pid": 20472,
    "index": 65
  },
  {
    "name": "Load \"controller\" to Application",
    "start": 1622012518640,
    "end": 1622012518675,
    "duration": 35,
    "pid": 20472,
    "index": 66
  },
  {
    "name": "Load Router",
    "start": 1622012518675,
    "end": 1622012518682,
    "duration": 7,
    "pid": 20472,
    "index": 67
  },
  {
    "name": "Require(48) app/router.js",
    "start": 1622012518676,
    "end": 1622012518676,
    "duration": 0,
    "pid": 20472,
    "index": 68
  },
  {
    "name": "Before Start in node_modules/egg-core/lib/egg.js:303:10",
    "start": 1622012518678,
    "end": 1622012518747,
    "duration": 69,
    "pid": 20472,
    "index": 69
  },
  {
    "name": "Load \"model\" to Application",
    "start": 1622012518695,
    "end": 1622012518746,
    "duration": 51,
    "pid": 20472,
    "index": 70
  }
]