[
  {
    "name": "Process Start",
    "start": 1622012270031,
    "end": 1622012271388,
    "duration": 1357,
    "pid": 1680,
    "index": 0
  },
  {
    "name": "Application Start",
    "start": 1622012271389,
    "end": 1622012273729,
    "duration": 2340,
    "pid": 1680,
    "index": 1
  },
  {
    "name": "Load Plugin",
    "start": 1622012271399,
    "end": 1622012271465,
    "duration": 66,
    "pid": 1680,
    "index": 2
  },
  {
    "name": "Load Config",
    "start": 1622012271465,
    "end": 1622012271505,
    "duration": 40,
    "pid": 1680,
    "index": 3
  },
  {
    "name": "Require(0) config/config.default.js",
    "start": 1622012271466,
    "end": 1622012271466,
    "duration": 0,
    "pid": 1680,
    "index": 4
  },
  {
    "name": "Require(1) node_modules/egg-session/config/config.default.js",
    "start": 1622012271469,
    "end": 1622012271470,
    "duration": 1,
    "pid": 1680,
    "index": 5
  },
  {
    "name": "Require(2) node_modules/egg-security/config/config.default.js",
    "start": 1622012271471,
    "end": 1622012271472,
    "duration": 1,
    "pid": 1680,
    "index": 6
  },
  {
    "name": "Require(3) node_modules/egg-jsonp/config/config.default.js",
    "start": 1622012271473,
    "end": 1622012271474,
    "duration": 1,
    "pid": 1680,
    "index": 7
  },
  {
    "name": "Require(4) node_modules/egg-onerror/config/config.default.js",
    "start": 1622012271475,
    "end": 1622012271476,
    "duration": 1,
    "pid": 1680,
    "index": 8
  },
  {
    "name": "Require(5) node_modules/egg-i18n/config/config.default.js",
    "start": 1622012271477,
    "end": 1622012271478,
    "duration": 1,
    "pid": 1680,
    "index": 9
  },
  {
    "name": "Require(6) node_modules/egg-watcher/config/config.default.js",
    "start": 1622012271479,
    "end": 1622012271479,
    "duration": 0,
    "pid": 1680,
    "index": 10
  },
  {
    "name": "Require(7) node_modules/egg-schedule/config/config.default.js",
    "start": 1622012271481,
    "end": 1622012271481,
    "duration": 0,
    "pid": 1680,
    "index": 11
  },
  {
    "name": "Require(8) node_modules/egg-multipart/config/config.default.js",
    "start": 1622012271482,
    "end": 1622012271483,
    "duration": 1,
    "pid": 1680,
    "index": 12
  },
  {
    "name": "Require(9) node_modules/egg-logrotator/config/config.default.js",
    "start": 1622012271484,
    "end": 1622012271485,
    "duration": 1,
    "pid": 1680,
    "index": 13
  },
  {
    "name": "Require(10) node_modules/egg-static/config/config.default.js",
    "start": 1622012271486,
    "end": 1622012271487,
    "duration": 1,
    "pid": 1680,
    "index": 14
  },
  {
    "name": "Require(11) node_modules/egg-view/config/config.default.js",
    "start": 1622012271488,
    "end": 1622012271489,
    "duration": 1,
    "pid": 1680,
    "index": 15
  },
  {
    "name": "Require(12) node_modules/egg-view-nunjucks/config/config.default.js",
    "start": 1622012271490,
    "end": 1622012271490,
    "duration": 0,
    "pid": 1680,
    "index": 16
  },
  {
    "name": "Require(13) node_modules/egg-view-ejs/config/config.default.js",
    "start": 1622012271491,
    "end": 1622012271492,
    "duration": 1,
    "pid": 1680,
    "index": 17
  },
  {
    "name": "Require(14) node_modules/egg-mongoose/config/config.default.js",
    "start": 1622012271493,
    "end": 1622012271494,
    "duration": 1,
    "pid": 1680,
    "index": 18
  },
  {
    "name": "Require(15) node_modules/egg/config/config.default.js",
    "start": 1622012271494,
    "end": 1622012271495,
    "duration": 1,
    "pid": 1680,
    "index": 19
  },
  {
    "name": "Require(16) config/config.default.js",
    "start": 1622012271497,
    "end": 1622012271497,
    "duration": 0,
    "pid": 1680,
    "index": 20
  },
  {
    "name": "Require(17) node_modules/egg-static/config/config.prod.js",
    "start": 1622012271502,
    "end": 1622012271502,
    "duration": 0,
    "pid": 1680,
    "index": 21
  },
  {
    "name": "Load extend/application.js",
    "start": 1622012271506,
    "end": 1622012271592,
    "duration": 86,
    "pid": 1680,
    "index": 22
  },
  {
    "name": "Require(18) node_modules/egg-session/app/extend/application.js",
    "start": 1622012271508,
    "end": 1622012271509,
    "duration": 1,
    "pid": 1680,
    "index": 23
  },
  {
    "name": "Require(19) node_modules/egg-security/app/extend/application.js",
    "start": 1622012271510,
    "end": 1622012271514,
    "duration": 4,
    "pid": 1680,
    "index": 24
  },
  {
    "name": "Require(20) node_modules/egg-jsonp/app/extend/application.js",
    "start": 1622012271515,
    "end": 1622012271518,
    "duration": 3,
    "pid": 1680,
    "index": 25
  },
  {
    "name": "Require(21) node_modules/egg-logrotator/app/extend/application.js",
    "start": 1622012271521,
    "end": 1622012271524,
    "duration": 3,
    "pid": 1680,
    "index": 26
  },
  {
    "name": "Require(22) node_modules/egg-view/app/extend/application.js",
    "start": 1622012271526,
    "end": 1622012271529,
    "duration": 3,
    "pid": 1680,
    "index": 27
  },
  {
    "name": "Require(23) node_modules/egg-view-nunjucks/app/extend/application.js",
    "start": 1622012271530,
    "end": 1622012271581,
    "duration": 51,
    "pid": 1680,
    "index": 28
  },
  {
    "name": "Load extend/request.js",
    "start": 1622012271592,
    "end": 1622012271612,
    "duration": 20,
    "pid": 1680,
    "index": 29
  },
  {
    "name": "Require(24) node_modules/egg/app/extend/request.js",
    "start": 1622012271603,
    "end": 1622012271604,
    "duration": 1,
    "pid": 1680,
    "index": 30
  },
  {
    "name": "Load extend/response.js",
    "start": 1622012271613,
    "end": 1622012271637,
    "duration": 24,
    "pid": 1680,
    "index": 31
  },
  {
    "name": "Require(25) node_modules/egg/app/extend/response.js",
    "start": 1622012271622,
    "end": 1622012271626,
    "duration": 4,
    "pid": 1680,
    "index": 32
  },
  {
    "name": "Load extend/context.js",
    "start": 1622012271637,
    "end": 1622012271754,
    "duration": 117,
    "pid": 1680,
    "index": 33
  },
  {
    "name": "Require(26) node_modules/egg-security/app/extend/context.js",
    "start": 1622012271638,
    "end": 1622012271660,
    "duration": 22,
    "pid": 1680,
    "index": 34
  },
  {
    "name": "Require(27) node_modules/egg-jsonp/app/extend/context.js",
    "start": 1622012271661,
    "end": 1622012271663,
    "duration": 2,
    "pid": 1680,
    "index": 35
  },
  {
    "name": "Require(28) node_modules/egg-i18n/app/extend/context.js",
    "start": 1622012271665,
    "end": 1622012271666,
    "duration": 1,
    "pid": 1680,
    "index": 36
  },
  {
    "name": "Require(29) node_modules/egg-multipart/app/extend/context.js",
    "start": 1622012271668,
    "end": 1622012271736,
    "duration": 68,
    "pid": 1680,
    "index": 37
  },
  {
    "name": "Require(30) node_modules/egg-view/app/extend/context.js",
    "start": 1622012271738,
    "end": 1622012271740,
    "duration": 2,
    "pid": 1680,
    "index": 38
  },
  {
    "name": "Require(31) node_modules/egg-mongoose/app/extend/context.js",
    "start": 1622012271742,
    "end": 1622012271743,
    "duration": 1,
    "pid": 1680,
    "index": 39
  },
  {
    "name": "Require(32) node_modules/egg/app/extend/context.js",
    "start": 1622012271744,
    "end": 1622012271745,
    "duration": 1,
    "pid": 1680,
    "index": 40
  },
  {
    "name": "Load extend/helper.js",
    "start": 1622012271754,
    "end": 1622012271810,
    "duration": 56,
    "pid": 1680,
    "index": 41
  },
  {
    "name": "Require(33) node_modules/egg-security/app/extend/helper.js",
    "start": 1622012271755,
    "end": 1622012271790,
    "duration": 35,
    "pid": 1680,
    "index": 42
  },
  {
    "name": "Require(34) node_modules/egg/app/extend/helper.js",
    "start": 1622012271796,
    "end": 1622012271797,
    "duration": 1,
    "pid": 1680,
    "index": 43
  },
  {
    "name": "Require(35) app/extend/helper.js",
    "start": 1622012271798,
    "end": 1622012271801,
    "duration": 3,
    "pid": 1680,
    "index": 44
  },
  {
    "name": "Load app.js",
    "start": 1622012271810,
    "end": 1622012271885,
    "duration": 75,
    "pid": 1680,
    "index": 45
  },
  {
    "name": "Require(36) node_modules/egg-session/app.js",
    "start": 1622012271811,
    "end": 1622012271811,
    "duration": 0,
    "pid": 1680,
    "index": 46
  },
  {
    "name": "Require(37) node_modules/egg-security/app.js",
    "start": 1622012271812,
    "end": 1622012271815,
    "duration": 3,
    "pid": 1680,
    "index": 47
  },
  {
    "name": "Require(38) node_modules/egg-onerror/app.js",
    "start": 1622012271816,
    "end": 1622012271832,
    "duration": 16,
    "pid": 1680,
    "index": 48
  },
  {
    "name": "Require(39) node_modules/egg-i18n/app.js",
    "start": 1622012271833,
    "end": 1622012271863,
    "duration": 30,
    "pid": 1680,
    "index": 49
  },
  {
    "name": "Require(40) node_modules/egg-watcher/app.js",
    "start": 1622012271864,
    "end": 1622012271870,
    "duration": 6,
    "pid": 1680,
    "index": 50
  },
  {
    "name": "Require(41) node_modules/egg-schedule/app.js",
    "start": 1622012271871,
    "end": 1622012271874,
    "duration": 3,
    "pid": 1680,
    "index": 51
  },
  {
    "name": "Require(42) node_modules/egg-multipart/app.js",
    "start": 1622012271875,
    "end": 1622012271876,
    "duration": 1,
    "pid": 1680,
    "index": 52
  },
  {
    "name": "Require(43) node_modules/egg-logrotator/app.js",
    "start": 1622012271877,
    "end": 1622012271878,
    "duration": 1,
    "pid": 1680,
    "index": 53
  },
  {
    "name": "Require(44) node_modules/egg-static/app.js",
    "start": 1622012271878,
    "end": 1622012271879,
    "duration": 1,
    "pid": 1680,
    "index": 54
  },
  {
    "name": "Require(45) node_modules/egg-view-nunjucks/app.js",
    "start": 1622012271880,
    "end": 1622012271881,
    "duration": 1,
    "pid": 1680,
    "index": 55
  },
  {
    "name": "Require(46) node_modules/egg-view-ejs/app.js",
    "start": 1622012271881,
    "end": 1622012271882,
    "duration": 1,
    "pid": 1680,
    "index": 56
  },
  {
    "name": "Require(47) node_modules/egg-mongoose/app.js",
    "start": 1622012271882,
    "end": 1622012271883,
    "duration": 1,
    "pid": 1680,
    "index": 57
  },
  {
    "name": "Before Start in node_modules/egg-watcher/lib/init.js:15:14",
    "start": 1622012271901,
    "end": 1622012273554,
    "duration": 1653,
    "pid": 1680,
    "index": 58
  },
  {
    "name": "Before Start in node_modules/egg-mongoose/lib/mongoose.js:104:7",
    "start": 1622012272724,
    "end": 1622012273728,
    "duration": 1004,
    "pid": 1680,
    "index": 59
  },
  {
    "name": "Before Start in node_modules/egg-mongoose/lib/mongoose.js:52:9",
    "start": 1622012272724,
    "end": 1622012273537,
    "duration": 813,
    "pid": 1680,
    "index": 60
  },
  {
    "name": "Load Service",
    "start": 1622012272724,
    "end": 1622012273168,
    "duration": 444,
    "pid": 1680,
    "index": 61
  },
  {
    "name": "Load \"service\" to Context",
    "start": 1622012272724,
    "end": 1622012273168,
    "duration": 444,
    "pid": 1680,
    "index": 62
  },
  {
    "name": "Load Middleware",
    "start": 1622012273168,
    "end": 1622012273425,
    "duration": 257,
    "pid": 1680,
    "index": 63
  },
  {
    "name": "Load \"middlewares\" to Application",
    "start": 1622012273168,
    "end": 1622012273398,
    "duration": 230,
    "pid": 1680,
    "index": 64
  },
  {
    "name": "Load Controller",
    "start": 1622012273425,
    "end": 1622012273460,
    "duration": 35,
    "pid": 1680,
    "index": 65
  },
  {
    "name": "Load \"controller\" to Application",
    "start": 1622012273425,
    "end": 1622012273460,
    "duration": 35,
    "pid": 1680,
    "index": 66
  },
  {
    "name": "Load Router",
    "start": 1622012273460,
    "end": 1622012273466,
    "duration": 6,
    "pid": 1680,
    "index": 67
  },
  {
    "name": "Require(48) app/router.js",
    "start": 1622012273460,
    "end": 1622012273460,
    "duration": 0,
    "pid": 1680,
    "index": 68
  },
  {
    "name": "Before Start in node_modules/egg-core/lib/egg.js:303:10",
    "start": 1622012273462,
    "end": 1622012273537,
    "duration": 75,
    "pid": 1680,
    "index": 69
  },
  {
    "name": "Load \"model\" to Application",
    "start": 1622012273478,
    "end": 1622012273535,
    "duration": 57,
    "pid": 1680,
    "index": 70
  }
]