[
  {
    "name": "Process Start",
    "start": 1622012605785,
    "end": 1622012607508,
    "duration": 1723,
    "pid": 22456,
    "index": 0
  },
  {
    "name": "Application Start",
    "start": 1622012607509,
    "end": 1622012609702,
    "duration": 2193,
    "pid": 22456,
    "index": 1
  },
  {
    "name": "Load Plugin",
    "start": 1622012607522,
    "end": 1622012607593,
    "duration": 71,
    "pid": 22456,
    "index": 2
  },
  {
    "name": "Load Config",
    "start": 1622012607593,
    "end": 1622012607641,
    "duration": 48,
    "pid": 22456,
    "index": 3
  },
  {
    "name": "Require(0) config/config.default.js",
    "start": 1622012607594,
    "end": 1622012607594,
    "duration": 0,
    "pid": 22456,
    "index": 4
  },
  {
    "name": "Require(1) node_modules/egg-session/config/config.default.js",
    "start": 1622012607597,
    "end": 1622012607598,
    "duration": 1,
    "pid": 22456,
    "index": 5
  },
  {
    "name": "Require(2) node_modules/egg-security/config/config.default.js",
    "start": 1622012607599,
    "end": 1622012607600,
    "duration": 1,
    "pid": 22456,
    "index": 6
  },
  {
    "name": "Require(3) node_modules/egg-jsonp/config/config.default.js",
    "start": 1622012607602,
    "end": 1622012607603,
    "duration": 1,
    "pid": 22456,
    "index": 7
  },
  {
    "name": "Require(4) node_modules/egg-onerror/config/config.default.js",
    "start": 1622012607604,
    "end": 1622012607604,
    "duration": 0,
    "pid": 22456,
    "index": 8
  },
  {
    "name": "Require(5) node_modules/egg-i18n/config/config.default.js",
    "start": 1622012607605,
    "end": 1622012607606,
    "duration": 1,
    "pid": 22456,
    "index": 9
  },
  {
    "name": "Require(6) node_modules/egg-watcher/config/config.default.js",
    "start": 1622012607608,
    "end": 1622012607609,
    "duration": 1,
    "pid": 22456,
    "index": 10
  },
  {
    "name": "Require(7) node_modules/egg-schedule/config/config.default.js",
    "start": 1622012607610,
    "end": 1622012607611,
    "duration": 1,
    "pid": 22456,
    "index": 11
  },
  {
    "name": "Require(8) node_modules/egg-multipart/config/config.default.js",
    "start": 1622012607613,
    "end": 1622012607613,
    "duration": 0,
    "pid": 22456,
    "index": 12
  },
  {
    "name": "Require(9) node_modules/egg-logrotator/config/config.default.js",
    "start": 1622012607615,
    "end": 1622012607616,
    "duration": 1,
    "pid": 22456,
    "index": 13
  },
  {
    "name": "Require(10) node_modules/egg-static/config/config.default.js",
    "start": 1622012607617,
    "end": 1622012607617,
    "duration": 0,
    "pid": 22456,
    "index": 14
  },
  {
    "name": "Require(11) node_modules/egg-view/config/config.default.js",
    "start": 1622012607619,
    "end": 1622012607619,
    "duration": 0,
    "pid": 22456,
    "index": 15
  },
  {
    "name": "Require(12) node_modules/egg-view-nunjucks/config/config.default.js",
    "start": 1622012607620,
    "end": 1622012607621,
    "duration": 1,
    "pid": 22456,
    "index": 16
  },
  {
    "name": "Require(13) node_modules/egg-view-ejs/config/config.default.js",
    "start": 1622012607622,
    "end": 1622012607623,
    "duration": 1,
    "pid": 22456,
    "index": 17
  },
  {
    "name": "Require(14) node_modules/egg-mongoose/config/config.default.js",
    "start": 1622012607624,
    "end": 1622012607625,
    "duration": 1,
    "pid": 22456,
    "index": 18
  },
  {
    "name": "Require(15) node_modules/egg/config/config.default.js",
    "start": 1622012607626,
    "end": 1622012607627,
    "duration": 1,
    "pid": 22456,
    "index": 19
  },
  {
    "name": "Require(16) config/config.default.js",
    "start": 1622012607630,
    "end": 1622012607630,
    "duration": 0,
    "pid": 22456,
    "index": 20
  },
  {
    "name": "Require(17) node_modules/egg-static/config/config.prod.js",
    "start": 1622012607637,
    "end": 1622012607638,
    "duration": 1,
    "pid": 22456,
    "index": 21
  },
  {
    "name": "Load extend/application.js",
    "start": 1622012607643,
    "end": 1622012607733,
    "duration": 90,
    "pid": 22456,
    "index": 22
  },
  {
    "name": "Require(18) node_modules/egg-session/app/extend/application.js",
    "start": 1622012607644,
    "end": 1622012607645,
    "duration": 1,
    "pid": 22456,
    "index": 23
  },
  {
    "name": "Require(19) node_modules/egg-security/app/extend/application.js",
    "start": 1622012607646,
    "end": 1622012607649,
    "duration": 3,
    "pid": 22456,
    "index": 24
  },
  {
    "name": "Require(20) node_modules/egg-jsonp/app/extend/application.js",
    "start": 1622012607650,
    "end": 1622012607652,
    "duration": 2,
    "pid": 22456,
    "index": 25
  },
  {
    "name": "Require(21) node_modules/egg-logrotator/app/extend/application.js",
    "start": 1622012607657,
    "end": 1622012607660,
    "duration": 3,
    "pid": 22456,
    "index": 26
  },
  {
    "name": "Require(22) node_modules/egg-view/app/extend/application.js",
    "start": 1622012607661,
    "end": 1622012607664,
    "duration": 3,
    "pid": 22456,
    "index": 27
  },
  {
    "name": "Require(23) node_modules/egg-view-nunjucks/app/extend/application.js",
    "start": 1622012607665,
    "end": 1622012607717,
    "duration": 52,
    "pid": 22456,
    "index": 28
  },
  {
    "name": "Load extend/request.js",
    "start": 1622012607733,
    "end": 1622012607751,
    "duration": 18,
    "pid": 22456,
    "index": 29
  },
  {
    "name": "Require(24) node_modules/egg/app/extend/request.js",
    "start": 1622012607741,
    "end": 1622012607743,
    "duration": 2,
    "pid": 22456,
    "index": 30
  },
  {
    "name": "Load extend/response.js",
    "start": 1622012607751,
    "end": 1622012607773,
    "duration": 22,
    "pid": 22456,
    "index": 31
  },
  {
    "name": "Require(25) node_modules/egg/app/extend/response.js",
    "start": 1622012607760,
    "end": 1622012607763,
    "duration": 3,
    "pid": 22456,
    "index": 32
  },
  {
    "name": "Load extend/context.js",
    "start": 1622012607773,
    "end": 1622012607900,
    "duration": 127,
    "pid": 22456,
    "index": 33
  },
  {
    "name": "Require(26) node_modules/egg-security/app/extend/context.js",
    "start": 1622012607774,
    "end": 1622012607794,
    "duration": 20,
    "pid": 22456,
    "index": 34
  },
  {
    "name": "Require(27) node_modules/egg-jsonp/app/extend/context.js",
    "start": 1622012607794,
    "end": 1622012607797,
    "duration": 3,
    "pid": 22456,
    "index": 35
  },
  {
    "name": "Require(28) node_modules/egg-i18n/app/extend/context.js",
    "start": 1622012607798,
    "end": 1622012607799,
    "duration": 1,
    "pid": 22456,
    "index": 36
  },
  {
    "name": "Require(29) node_modules/egg-multipart/app/extend/context.js",
    "start": 1622012607801,
    "end": 1622012607878,
    "duration": 77,
    "pid": 22456,
    "index": 37
  },
  {
    "name": "Require(30) node_modules/egg-view/app/extend/context.js",
    "start": 1622012607881,
    "end": 1622012607883,
    "duration": 2,
    "pid": 22456,
    "index": 38
  },
  {
    "name": "Require(31) node_modules/egg-mongoose/app/extend/context.js",
    "start": 1622012607888,
    "end": 1622012607889,
    "duration": 1,
    "pid": 22456,
    "index": 39
  },
  {
    "name": "Require(32) node_modules/egg/app/extend/context.js",
    "start": 1622012607890,
    "end": 1622012607891,
    "duration": 1,
    "pid": 22456,
    "index": 40
  },
  {
    "name": "Load extend/helper.js",
    "start": 1622012607901,
    "end": 1622012607960,
    "duration": 59,
    "pid": 22456,
    "index": 41
  },
  {
    "name": "Require(33) node_modules/egg-security/app/extend/helper.js",
    "start": 1622012607902,
    "end": 1622012607939,
    "duration": 37,
    "pid": 22456,
    "index": 42
  },
  {
    "name": "Require(34) node_modules/egg/app/extend/helper.js",
    "start": 1622012607947,
    "end": 1622012607947,
    "duration": 0,
    "pid": 22456,
    "index": 43
  },
  {
    "name": "Require(35) app/extend/helper.js",
    "start": 1622012607948,
    "end": 1622012607952,
    "duration": 4,
    "pid": 22456,
    "index": 44
  },
  {
    "name": "Load app.js",
    "start": 1622012607960,
    "end": 1622012608039,
    "duration": 79,
    "pid": 22456,
    "index": 45
  },
  {
    "name": "Require(36) node_modules/egg-session/app.js",
    "start": 1622012607961,
    "end": 1622012607962,
    "duration": 1,
    "pid": 22456,
    "index": 46
  },
  {
    "name": "Require(37) node_modules/egg-security/app.js",
    "start": 1622012607962,
    "end": 1622012607965,
    "duration": 3,
    "pid": 22456,
    "index": 47
  },
  {
    "name": "Require(38) node_modules/egg-onerror/app.js",
    "start": 1622012607967,
    "end": 1622012607982,
    "duration": 15,
    "pid": 22456,
    "index": 48
  },
  {
    "name": "Require(39) node_modules/egg-i18n/app.js",
    "start": 1622012607982,
    "end": 1622012608017,
    "duration": 35,
    "pid": 22456,
    "index": 49
  },
  {
    "name": "Require(40) node_modules/egg-watcher/app.js",
    "start": 1622012608018,
    "end": 1622012608026,
    "duration": 8,
    "pid": 22456,
    "index": 50
  },
  {
    "name": "Require(41) node_modules/egg-schedule/app.js",
    "start": 1622012608026,
    "end": 1622012608029,
    "duration": 3,
    "pid": 22456,
    "index": 51
  },
  {
    "name": "Require(42) node_modules/egg-multipart/app.js",
    "start": 1622012608029,
    "end": 1622012608030,
    "duration": 1,
    "pid": 22456,
    "index": 52
  },
  {
    "name": "Require(43) node_modules/egg-logrotator/app.js",
    "start": 1622012608031,
    "end": 1622012608031,
    "duration": 0,
    "pid": 22456,
    "index": 53
  },
  {
    "name": "Require(44) node_modules/egg-static/app.js",
    "start": 1622012608032,
    "end": 1622012608033,
    "duration": 1,
    "pid": 22456,
    "index": 54
  },
  {
    "name": "Require(45) node_modules/egg-view-nunjucks/app.js",
    "start": 1622012608034,
    "end": 1622012608035,
    "duration": 1,
    "pid": 22456,
    "index": 55
  },
  {
    "name": "Require(46) node_modules/egg-view-ejs/app.js",
    "start": 1622012608035,
    "end": 1622012608036,
    "duration": 1,
    "pid": 22456,
    "index": 56
  },
  {
    "name": "Require(47) node_modules/egg-mongoose/app.js",
    "start": 1622012608037,
    "end": 1622012608037,
    "duration": 0,
    "pid": 22456,
    "index": 57
  },
  {
    "name": "Before Start in node_modules/egg-watcher/lib/init.js:15:14",
    "start": 1622012608056,
    "end": 1622012609547,
    "duration": 1491,
    "pid": 22456,
    "index": 58
  },
  {
    "name": "Before Start in node_modules/egg-mongoose/lib/mongoose.js:104:7",
    "start": 1622012608878,
    "end": 1622012609701,
    "duration": 823,
    "pid": 22456,
    "index": 59
  },
  {
    "name": "Before Start in node_modules/egg-mongoose/lib/mongoose.js:52:9",
    "start": 1622012608878,
    "end": 1622012609535,
    "duration": 657,
    "pid": 22456,
    "index": 60
  },
  {
    "name": "Load Service",
    "start": 1622012608878,
    "end": 1622012609283,
    "duration": 405,
    "pid": 22456,
    "index": 61
  },
  {
    "name": "Load \"service\" to Context",
    "start": 1622012608878,
    "end": 1622012609283,
    "duration": 405,
    "pid": 22456,
    "index": 62
  },
  {
    "name": "Load Middleware",
    "start": 1622012609284,
    "end": 1622012609454,
    "duration": 170,
    "pid": 22456,
    "index": 63
  },
  {
    "name": "Load \"middlewares\" to Application",
    "start": 1622012609284,
    "end": 1622012609436,
    "duration": 152,
    "pid": 22456,
    "index": 64
  },
  {
    "name": "Load Controller",
    "start": 1622012609454,
    "end": 1622012609483,
    "duration": 29,
    "pid": 22456,
    "index": 65
  },
  {
    "name": "Load \"controller\" to Application",
    "start": 1622012609454,
    "end": 1622012609483,
    "duration": 29,
    "pid": 22456,
    "index": 66
  },
  {
    "name": "Load Router",
    "start": 1622012609483,
    "end": 1622012609488,
    "duration": 5,
    "pid": 22456,
    "index": 67
  },
  {
    "name": "Require(48) app/router.js",
    "start": 1622012609483,
    "end": 1622012609484,
    "duration": 1,
    "pid": 22456,
    "index": 68
  },
  {
    "name": "Before Start in node_modules/egg-core/lib/egg.js:303:10",
    "start": 1622012609485,
    "end": 1622012609535,
    "duration": 50,
    "pid": 22456,
    "index": 69
  },
  {
    "name": "Load \"model\" to Application",
    "start": 1622012609496,
    "end": 1622012609535,
    "duration": 39,
    "pid": 22456,
    "index": 70
  }
]