[
  {
    "name": "Process Start",
    "start": 1622012515043,
    "end": 1622012516314,
    "duration": 1271,
    "pid": 12128,
    "index": 0
  },
  {
    "name": "Application Start",
    "start": 1622012516315,
    "end": 1622012518606,
    "duration": 2291,
    "pid": 12128,
    "index": 1
  },
  {
    "name": "Load Plugin",
    "start": 1622012516325,
    "end": 1622012516388,
    "duration": 63,
    "pid": 12128,
    "index": 2
  },
  {
    "name": "Load Config",
    "start": 1622012516388,
    "end": 1622012516430,
    "duration": 42,
    "pid": 12128,
    "index": 3
  },
  {
    "name": "Require(0) config/config.default.js",
    "start": 1622012516389,
    "end": 1622012516389,
    "duration": 0,
    "pid": 12128,
    "index": 4
  },
  {
    "name": "Require(1) node_modules/egg-session/config/config.default.js",
    "start": 1622012516392,
    "end": 1622012516393,
    "duration": 1,
    "pid": 12128,
    "index": 5
  },
  {
    "name": "Require(2) node_modules/egg-security/config/config.default.js",
    "start": 1622012516394,
    "end": 1622012516395,
    "duration": 1,
    "pid": 12128,
    "index": 6
  },
  {
    "name": "Require(3) node_modules/egg-jsonp/config/config.default.js",
    "start": 1622012516397,
    "end": 1622012516398,
    "duration": 1,
    "pid": 12128,
    "index": 7
  },
  {
    "name": "Require(4) node_modules/egg-onerror/config/config.default.js",
    "start": 1622012516399,
    "end": 1622012516399,
    "duration": 0,
    "pid": 12128,
    "index": 8
  },
  {
    "name": "Require(5) node_modules/egg-i18n/config/config.default.js",
    "start": 1622012516400,
    "end": 1622012516401,
    "duration": 1,
    "pid": 12128,
    "index": 9
  },
  {
    "name": "Require(6) node_modules/egg-watcher/config/config.default.js",
    "start": 1622012516402,
    "end": 1622012516403,
    "duration": 1,
    "pid": 12128,
    "index": 10
  },
  {
    "name": "Require(7) node_modules/egg-schedule/config/config.default.js",
    "start": 1622012516404,
    "end": 1622012516404,
    "duration": 0,
    "pid": 12128,
    "index": 11
  },
  {
    "name": "Require(8) node_modules/egg-multipart/config/config.default.js",
    "start": 1622012516405,
    "end": 1622012516406,
    "duration": 1,
    "pid": 12128,
    "index": 12
  },
  {
    "name": "Require(9) node_modules/egg-logrotator/config/config.default.js",
    "start": 1622012516408,
    "end": 1622012516408,
    "duration": 0,
    "pid": 12128,
    "index": 13
  },
  {
    "name": "Require(10) node_modules/egg-static/config/config.default.js",
    "start": 1622012516409,
    "end": 1622012516410,
    "duration": 1,
    "pid": 12128,
    "index": 14
  },
  {
    "name": "Require(11) node_modules/egg-view/config/config.default.js",
    "start": 1622012516411,
    "end": 1622012516412,
    "duration": 1,
    "pid": 12128,
    "index": 15
  },
  {
    "name": "Require(12) node_modules/egg-view-nunjucks/config/config.default.js",
    "start": 1622012516413,
    "end": 1622012516414,
    "duration": 1,
    "pid": 12128,
    "index": 16
  },
  {
    "name": "Require(13) node_modules/egg-view-ejs/config/config.default.js",
    "start": 1622012516415,
    "end": 1622012516416,
    "duration": 1,
    "pid": 12128,
    "index": 17
  },
  {
    "name": "Require(14) node_modules/egg-mongoose/config/config.default.js",
    "start": 1622012516417,
    "end": 1622012516418,
    "duration": 1,
    "pid": 12128,
    "index": 18
  },
  {
    "name": "Require(15) node_modules/egg/config/config.default.js",
    "start": 1622012516419,
    "end": 1622012516419,
    "duration": 0,
    "pid": 12128,
    "index": 19
  },
  {
    "name": "Require(16) config/config.default.js",
    "start": 1622012516421,
    "end": 1622012516421,
    "duration": 0,
    "pid": 12128,
    "index": 20
  },
  {
    "name": "Require(17) node_modules/egg-static/config/config.prod.js",
    "start": 1622012516427,
    "end": 1622012516427,
    "duration": 0,
    "pid": 12128,
    "index": 21
  },
  {
    "name": "Load extend/application.js",
    "start": 1622012516432,
    "end": 1622012516516,
    "duration": 84,
    "pid": 12128,
    "index": 22
  },
  {
    "name": "Require(18) node_modules/egg-session/app/extend/application.js",
    "start": 1622012516433,
    "end": 1622012516434,
    "duration": 1,
    "pid": 12128,
    "index": 23
  },
  {
    "name": "Require(19) node_modules/egg-security/app/extend/application.js",
    "start": 1622012516435,
    "end": 1622012516437,
    "duration": 2,
    "pid": 12128,
    "index": 24
  },
  {
    "name": "Require(20) node_modules/egg-jsonp/app/extend/application.js",
    "start": 1622012516438,
    "end": 1622012516441,
    "duration": 3,
    "pid": 12128,
    "index": 25
  },
  {
    "name": "Require(21) node_modules/egg-logrotator/app/extend/application.js",
    "start": 1622012516444,
    "end": 1622012516447,
    "duration": 3,
    "pid": 12128,
    "index": 26
  },
  {
    "name": "Require(22) node_modules/egg-view/app/extend/application.js",
    "start": 1622012516449,
    "end": 1622012516452,
    "duration": 3,
    "pid": 12128,
    "index": 27
  },
  {
    "name": "Require(23) node_modules/egg-view-nunjucks/app/extend/application.js",
    "start": 1622012516453,
    "end": 1622012516500,
    "duration": 47,
    "pid": 12128,
    "index": 28
  },
  {
    "name": "Load extend/request.js",
    "start": 1622012516516,
    "end": 1622012516535,
    "duration": 19,
    "pid": 12128,
    "index": 29
  },
  {
    "name": "Require(24) node_modules/egg/app/extend/request.js",
    "start": 1622012516525,
    "end": 1622012516526,
    "duration": 1,
    "pid": 12128,
    "index": 30
  },
  {
    "name": "Load extend/response.js",
    "start": 1622012516535,
    "end": 1622012516554,
    "duration": 19,
    "pid": 12128,
    "index": 31
  },
  {
    "name": "Require(25) node_modules/egg/app/extend/response.js",
    "start": 1622012516543,
    "end": 1622012516546,
    "duration": 3,
    "pid": 12128,
    "index": 32
  },
  {
    "name": "Load extend/context.js",
    "start": 1622012516554,
    "end": 1622012516680,
    "duration": 126,
    "pid": 12128,
    "index": 33
  },
  {
    "name": "Require(26) node_modules/egg-security/app/extend/context.js",
    "start": 1622012516556,
    "end": 1622012516576,
    "duration": 20,
    "pid": 12128,
    "index": 34
  },
  {
    "name": "Require(27) node_modules/egg-jsonp/app/extend/context.js",
    "start": 1622012516577,
    "end": 1622012516580,
    "duration": 3,
    "pid": 12128,
    "index": 35
  },
  {
    "name": "Require(28) node_modules/egg-i18n/app/extend/context.js",
    "start": 1622012516582,
    "end": 1622012516582,
    "duration": 0,
    "pid": 12128,
    "index": 36
  },
  {
    "name": "Require(29) node_modules/egg-multipart/app/extend/context.js",
    "start": 1622012516585,
    "end": 1622012516660,
    "duration": 75,
    "pid": 12128,
    "index": 37
  },
  {
    "name": "Require(30) node_modules/egg-view/app/extend/context.js",
    "start": 1622012516662,
    "end": 1622012516665,
    "duration": 3,
    "pid": 12128,
    "index": 38
  },
  {
    "name": "Require(31) node_modules/egg-mongoose/app/extend/context.js",
    "start": 1622012516666,
    "end": 1622012516667,
    "duration": 1,
    "pid": 12128,
    "index": 39
  },
  {
    "name": "Require(32) node_modules/egg/app/extend/context.js",
    "start": 1622012516668,
    "end": 1622012516669,
    "duration": 1,
    "pid": 12128,
    "index": 40
  },
  {
    "name": "Load extend/helper.js",
    "start": 1622012516680,
    "end": 1622012516741,
    "duration": 61,
    "pid": 12128,
    "index": 41
  },
  {
    "name": "Require(33) node_modules/egg-security/app/extend/helper.js",
    "start": 1622012516681,
    "end": 1622012516715,
    "duration": 34,
    "pid": 12128,
    "index": 42
  },
  {
    "name": "Require(34) node_modules/egg/app/extend/helper.js",
    "start": 1622012516725,
    "end": 1622012516726,
    "duration": 1,
    "pid": 12128,
    "index": 43
  },
  {
    "name": "Require(35) app/extend/helper.js",
    "start": 1622012516727,
    "end": 1622012516731,
    "duration": 4,
    "pid": 12128,
    "index": 44
  },
  {
    "name": "Load app.js",
    "start": 1622012516741,
    "end": 1622012516817,
    "duration": 76,
    "pid": 12128,
    "index": 45
  },
  {
    "name": "Require(36) node_modules/egg-session/app.js",
    "start": 1622012516742,
    "end": 1622012516742,
    "duration": 0,
    "pid": 12128,
    "index": 46
  },
  {
    "name": "Require(37) node_modules/egg-security/app.js",
    "start": 1622012516743,
    "end": 1622012516746,
    "duration": 3,
    "pid": 12128,
    "index": 47
  },
  {
    "name": "Require(38) node_modules/egg-onerror/app.js",
    "start": 1622012516748,
    "end": 1622012516763,
    "duration": 15,
    "pid": 12128,
    "index": 48
  },
  {
    "name": "Require(39) node_modules/egg-i18n/app.js",
    "start": 1622012516763,
    "end": 1622012516794,
    "duration": 31,
    "pid": 12128,
    "index": 49
  },
  {
    "name": "Require(40) node_modules/egg-watcher/app.js",
    "start": 1622012516794,
    "end": 1622012516803,
    "duration": 9,
    "pid": 12128,
    "index": 50
  },
  {
    "name": "Require(41) node_modules/egg-schedule/app.js",
    "start": 1622012516804,
    "end": 1622012516806,
    "duration": 2,
    "pid": 12128,
    "index": 51
  },
  {
    "name": "Require(42) node_modules/egg-multipart/app.js",
    "start": 1622012516807,
    "end": 1622012516808,
    "duration": 1,
    "pid": 12128,
    "index": 52
  },
  {
    "name": "Require(43) node_modules/egg-logrotator/app.js",
    "start": 1622012516808,
    "end": 1622012516809,
    "duration": 1,
    "pid": 12128,
    "index": 53
  },
  {
    "name": "Require(44) node_modules/egg-static/app.js",
    "start": 1622012516809,
    "end": 1622012516810,
    "duration": 1,
    "pid": 12128,
    "index": 54
  },
  {
    "name": "Require(45) node_modules/egg-view-nunjucks/app.js",
    "start": 1622012516811,
    "end": 1622012516813,
    "duration": 2,
    "pid": 12128,
    "index": 55
  },
  {
    "name": "Require(46) node_modules/egg-view-ejs/app.js",
    "start": 1622012516813,
    "end": 1622012516814,
    "duration": 1,
    "pid": 12128,
    "index": 56
  },
  {
    "name": "Require(47) node_modules/egg-mongoose/app.js",
    "start": 1622012516814,
    "end": 1622012516815,
    "duration": 1,
    "pid": 12128,
    "index": 57
  },
  {
    "name": "Before Start in node_modules/egg-watcher/lib/init.js:15:14",
    "start": 1622012516831,
    "end": 1622012518451,
    "duration": 1620,
    "pid": 12128,
    "index": 58
  },
  {
    "name": "Before Start in node_modules/egg-mongoose/lib/mongoose.js:104:7",
    "start": 1622012517619,
    "end": 1622012518605,
    "duration": 986,
    "pid": 12128,
    "index": 59
  },
  {
    "name": "Before Start in node_modules/egg-mongoose/lib/mongoose.js:52:9",
    "start": 1622012517619,
    "end": 1622012518428,
    "duration": 809,
    "pid": 12128,
    "index": 60
  },
  {
    "name": "Load Service",
    "start": 1622012517619,
    "end": 1622012518077,
    "duration": 458,
    "pid": 12128,
    "index": 61
  },
  {
    "name": "Load \"service\" to Context",
    "start": 1622012517620,
    "end": 1622012518077,
    "duration": 457,
    "pid": 12128,
    "index": 62
  },
  {
    "name": "Load Middleware",
    "start": 1622012518077,
    "end": 1622012518311,
    "duration": 234,
    "pid": 12128,
    "index": 63
  },
  {
    "name": "Load \"middlewares\" to Application",
    "start": 1622012518077,
    "end": 1622012518287,
    "duration": 210,
    "pid": 12128,
    "index": 64
  },
  {
    "name": "Load Controller",
    "start": 1622012518311,
    "end": 1622012518346,
    "duration": 35,
    "pid": 12128,
    "index": 65
  },
  {
    "name": "Load \"controller\" to Application",
    "start": 1622012518311,
    "end": 1622012518346,
    "duration": 35,
    "pid": 12128,
    "index": 66
  },
  {
    "name": "Load Router",
    "start": 1622012518346,
    "end": 1622012518354,
    "duration": 8,
    "pid": 12128,
    "index": 67
  },
  {
    "name": "Require(48) app/router.js",
    "start": 1622012518347,
    "end": 1622012518347,
    "duration": 0,
    "pid": 12128,
    "index": 68
  },
  {
    "name": "Before Start in node_modules/egg-core/lib/egg.js:303:10",
    "start": 1622012518349,
    "end": 1622012518428,
    "duration": 79,
    "pid": 12128,
    "index": 69
  },
  {
    "name": "Load \"model\" to Application",
    "start": 1622012518370,
    "end": 1622012518426,
    "duration": 56,
    "pid": 12128,
    "index": 70
  }
]