[
  {
    "name": "Process Start",
    "start": 1622012515876,
    "end": 1622012517425,
    "duration": 1549,
    "pid": 11324,
    "index": 0
  },
  {
    "name": "Application Start",
    "start": 1622012517426,
    "end": 1622012519485,
    "duration": 2059,
    "pid": 11324,
    "index": 1
  },
  {
    "name": "Load Plugin",
    "start": 1622012517438,
    "end": 1622012517495,
    "duration": 57,
    "pid": 11324,
    "index": 2
  },
  {
    "name": "Load Config",
    "start": 1622012517495,
    "end": 1622012517538,
    "duration": 43,
    "pid": 11324,
    "index": 3
  },
  {
    "name": "Require(0) config/config.default.js",
    "start": 1622012517496,
    "end": 1622012517497,
    "duration": 1,
    "pid": 11324,
    "index": 4
  },
  {
    "name": "Require(1) node_modules/egg-session/config/config.default.js",
    "start": 1622012517499,
    "end": 1622012517500,
    "duration": 1,
    "pid": 11324,
    "index": 5
  },
  {
    "name": "Require(2) node_modules/egg-security/config/config.default.js",
    "start": 1622012517501,
    "end": 1622012517502,
    "duration": 1,
    "pid": 11324,
    "index": 6
  },
  {
    "name": "Require(3) node_modules/egg-jsonp/config/config.default.js",
    "start": 1622012517503,
    "end": 1622012517504,
    "duration": 1,
    "pid": 11324,
    "index": 7
  },
  {
    "name": "Require(4) node_modules/egg-onerror/config/config.default.js",
    "start": 1622012517505,
    "end": 1622012517506,
    "duration": 1,
    "pid": 11324,
    "index": 8
  },
  {
    "name": "Require(5) node_modules/egg-i18n/config/config.default.js",
    "start": 1622012517507,
    "end": 1622012517509,
    "duration": 2,
    "pid": 11324,
    "index": 9
  },
  {
    "name": "Require(6) node_modules/egg-watcher/config/config.default.js",
    "start": 1622012517511,
    "end": 1622012517511,
    "duration": 0,
    "pid": 11324,
    "index": 10
  },
  {
    "name": "Require(7) node_modules/egg-schedule/config/config.default.js",
    "start": 1622012517512,
    "end": 1622012517513,
    "duration": 1,
    "pid": 11324,
    "index": 11
  },
  {
    "name": "Require(8) node_modules/egg-multipart/config/config.default.js",
    "start": 1622012517514,
    "end": 1622012517515,
    "duration": 1,
    "pid": 11324,
    "index": 12
  },
  {
    "name": "Require(9) node_modules/egg-logrotator/config/config.default.js",
    "start": 1622012517516,
    "end": 1622012517517,
    "duration": 1,
    "pid": 11324,
    "index": 13
  },
  {
    "name": "Require(10) node_modules/egg-static/config/config.default.js",
    "start": 1622012517518,
    "end": 1622012517519,
    "duration": 1,
    "pid": 11324,
    "index": 14
  },
  {
    "name": "Require(11) node_modules/egg-view/config/config.default.js",
    "start": 1622012517520,
    "end": 1622012517521,
    "duration": 1,
    "pid": 11324,
    "index": 15
  },
  {
    "name": "Require(12) node_modules/egg-view-nunjucks/config/config.default.js",
    "start": 1622012517522,
    "end": 1622012517522,
    "duration": 0,
    "pid": 11324,
    "index": 16
  },
  {
    "name": "Require(13) node_modules/egg-view-ejs/config/config.default.js",
    "start": 1622012517523,
    "end": 1622012517524,
    "duration": 1,
    "pid": 11324,
    "index": 17
  },
  {
    "name": "Require(14) node_modules/egg-mongoose/config/config.default.js",
    "start": 1622012517525,
    "end": 1622012517526,
    "duration": 1,
    "pid": 11324,
    "index": 18
  },
  {
    "name": "Require(15) node_modules/egg/config/config.default.js",
    "start": 1622012517527,
    "end": 1622012517527,
    "duration": 0,
    "pid": 11324,
    "index": 19
  },
  {
    "name": "Require(16) config/config.default.js",
    "start": 1622012517529,
    "end": 1622012517529,
    "duration": 0,
    "pid": 11324,
    "index": 20
  },
  {
    "name": "Require(17) node_modules/egg-static/config/config.prod.js",
    "start": 1622012517535,
    "end": 1622012517535,
    "duration": 0,
    "pid": 11324,
    "index": 21
  },
  {
    "name": "Load extend/application.js",
    "start": 1622012517540,
    "end": 1622012517623,
    "duration": 83,
    "pid": 11324,
    "index": 22
  },
  {
    "name": "Require(18) node_modules/egg-session/app/extend/application.js",
    "start": 1622012517541,
    "end": 1622012517542,
    "duration": 1,
    "pid": 11324,
    "index": 23
  },
  {
    "name": "Require(19) node_modules/egg-security/app/extend/application.js",
    "start": 1622012517543,
    "end": 1622012517545,
    "duration": 2,
    "pid": 11324,
    "index": 24
  },
  {
    "name": "Require(20) node_modules/egg-jsonp/app/extend/application.js",
    "start": 1622012517546,
    "end": 1622012517549,
    "duration": 3,
    "pid": 11324,
    "index": 25
  },
  {
    "name": "Require(21) node_modules/egg-logrotator/app/extend/application.js",
    "start": 1622012517553,
    "end": 1622012517556,
    "duration": 3,
    "pid": 11324,
    "index": 26
  },
  {
    "name": "Require(22) node_modules/egg-view/app/extend/application.js",
    "start": 1622012517558,
    "end": 1622012517560,
    "duration": 2,
    "pid": 11324,
    "index": 27
  },
  {
    "name": "Require(23) node_modules/egg-view-nunjucks/app/extend/application.js",
    "start": 1622012517561,
    "end": 1622012517612,
    "duration": 51,
    "pid": 11324,
    "index": 28
  },
  {
    "name": "Load extend/request.js",
    "start": 1622012517623,
    "end": 1622012517645,
    "duration": 22,
    "pid": 11324,
    "index": 29
  },
  {
    "name": "Require(24) node_modules/egg/app/extend/request.js",
    "start": 1622012517635,
    "end": 1622012517636,
    "duration": 1,
    "pid": 11324,
    "index": 30
  },
  {
    "name": "Load extend/response.js",
    "start": 1622012517645,
    "end": 1622012517665,
    "duration": 20,
    "pid": 11324,
    "index": 31
  },
  {
    "name": "Require(25) node_modules/egg/app/extend/response.js",
    "start": 1622012517654,
    "end": 1622012517656,
    "duration": 2,
    "pid": 11324,
    "index": 32
  },
  {
    "name": "Load extend/context.js",
    "start": 1622012517665,
    "end": 1622012517782,
    "duration": 117,
    "pid": 11324,
    "index": 33
  },
  {
    "name": "Require(26) node_modules/egg-security/app/extend/context.js",
    "start": 1622012517666,
    "end": 1622012517686,
    "duration": 20,
    "pid": 11324,
    "index": 34
  },
  {
    "name": "Require(27) node_modules/egg-jsonp/app/extend/context.js",
    "start": 1622012517686,
    "end": 1622012517689,
    "duration": 3,
    "pid": 11324,
    "index": 35
  },
  {
    "name": "Require(28) node_modules/egg-i18n/app/extend/context.js",
    "start": 1622012517691,
    "end": 1622012517691,
    "duration": 0,
    "pid": 11324,
    "index": 36
  },
  {
    "name": "Require(29) node_modules/egg-multipart/app/extend/context.js",
    "start": 1622012517694,
    "end": 1622012517763,
    "duration": 69,
    "pid": 11324,
    "index": 37
  },
  {
    "name": "Require(30) node_modules/egg-view/app/extend/context.js",
    "start": 1622012517765,
    "end": 1622012517767,
    "duration": 2,
    "pid": 11324,
    "index": 38
  },
  {
    "name": "Require(31) node_modules/egg-mongoose/app/extend/context.js",
    "start": 1622012517769,
    "end": 1622012517770,
    "duration": 1,
    "pid": 11324,
    "index": 39
  },
  {
    "name": "Require(32) node_modules/egg/app/extend/context.js",
    "start": 1622012517771,
    "end": 1622012517772,
    "duration": 1,
    "pid": 11324,
    "index": 40
  },
  {
    "name": "Load extend/helper.js",
    "start": 1622012517782,
    "end": 1622012517846,
    "duration": 64,
    "pid": 11324,
    "index": 41
  },
  {
    "name": "Require(33) node_modules/egg-security/app/extend/helper.js",
    "start": 1622012517784,
    "end": 1622012517822,
    "duration": 38,
    "pid": 11324,
    "index": 42
  },
  {
    "name": "Require(34) node_modules/egg/app/extend/helper.js",
    "start": 1622012517832,
    "end": 1622012517832,
    "duration": 0,
    "pid": 11324,
    "index": 43
  },
  {
    "name": "Require(35) app/extend/helper.js",
    "start": 1622012517834,
    "end": 1622012517837,
    "duration": 3,
    "pid": 11324,
    "index": 44
  },
  {
    "name": "Load app.js",
    "start": 1622012517847,
    "end": 1622012517919,
    "duration": 72,
    "pid": 11324,
    "index": 45
  },
  {
    "name": "Require(36) node_modules/egg-session/app.js",
    "start": 1622012517847,
    "end": 1622012517848,
    "duration": 1,
    "pid": 11324,
    "index": 46
  },
  {
    "name": "Require(37) node_modules/egg-security/app.js",
    "start": 1622012517849,
    "end": 1622012517851,
    "duration": 2,
    "pid": 11324,
    "index": 47
  },
  {
    "name": "Require(38) node_modules/egg-onerror/app.js",
    "start": 1622012517853,
    "end": 1622012517868,
    "duration": 15,
    "pid": 11324,
    "index": 48
  },
  {
    "name": "Require(39) node_modules/egg-i18n/app.js",
    "start": 1622012517869,
    "end": 1622012517898,
    "duration": 29,
    "pid": 11324,
    "index": 49
  },
  {
    "name": "Require(40) node_modules/egg-watcher/app.js",
    "start": 1622012517898,
    "end": 1622012517905,
    "duration": 7,
    "pid": 11324,
    "index": 50
  },
  {
    "name": "Require(41) node_modules/egg-schedule/app.js",
    "start": 1622012517906,
    "end": 1622012517909,
    "duration": 3,
    "pid": 11324,
    "index": 51
  },
  {
    "name": "Require(42) node_modules/egg-multipart/app.js",
    "start": 1622012517910,
    "end": 1622012517910,
    "duration": 0,
    "pid": 11324,
    "index": 52
  },
  {
    "name": "Require(43) node_modules/egg-logrotator/app.js",
    "start": 1622012517911,
    "end": 1622012517911,
    "duration": 0,
    "pid": 11324,
    "index": 53
  },
  {
    "name": "Require(44) node_modules/egg-static/app.js",
    "start": 1622012517912,
    "end": 1622012517912,
    "duration": 0,
    "pid": 11324,
    "index": 54
  },
  {
    "name": "Require(45) node_modules/egg-view-nunjucks/app.js",
    "start": 1622012517914,
    "end": 1622012517915,
    "duration": 1,
    "pid": 11324,
    "index": 55
  },
  {
    "name": "Require(46) node_modules/egg-view-ejs/app.js",
    "start": 1622012517915,
    "end": 1622012517916,
    "duration": 1,
    "pid": 11324,
    "index": 56
  },
  {
    "name": "Require(47) node_modules/egg-mongoose/app.js",
    "start": 1622012517916,
    "end": 1622012517917,
    "duration": 1,
    "pid": 11324,
    "index": 57
  },
  {
    "name": "Before Start in node_modules/egg-watcher/lib/init.js:15:14",
    "start": 1622012517935,
    "end": 1622012519329,
    "duration": 1394,
    "pid": 11324,
    "index": 58
  },
  {
    "name": "Before Start in node_modules/egg-mongoose/lib/mongoose.js:104:7",
    "start": 1622012518712,
    "end": 1622012519484,
    "duration": 772,
    "pid": 11324,
    "index": 59
  },
  {
    "name": "Before Start in node_modules/egg-mongoose/lib/mongoose.js:52:9",
    "start": 1622012518712,
    "end": 1622012519320,
    "duration": 608,
    "pid": 11324,
    "index": 60
  },
  {
    "name": "Load Service",
    "start": 1622012518713,
    "end": 1622012519084,
    "duration": 371,
    "pid": 11324,
    "index": 61
  },
  {
    "name": "Load \"service\" to Context",
    "start": 1622012518713,
    "end": 1622012519084,
    "duration": 371,
    "pid": 11324,
    "index": 62
  },
  {
    "name": "Load Middleware",
    "start": 1622012519084,
    "end": 1622012519251,
    "duration": 167,
    "pid": 11324,
    "index": 63
  },
  {
    "name": "Load \"middlewares\" to Application",
    "start": 1622012519084,
    "end": 1622012519230,
    "duration": 146,
    "pid": 11324,
    "index": 64
  },
  {
    "name": "Load Controller",
    "start": 1622012519251,
    "end": 1622012519275,
    "duration": 24,
    "pid": 11324,
    "index": 65
  },
  {
    "name": "Load \"controller\" to Application",
    "start": 1622012519251,
    "end": 1622012519275,
    "duration": 24,
    "pid": 11324,
    "index": 66
  },
  {
    "name": "Load Router",
    "start": 1622012519275,
    "end": 1622012519279,
    "duration": 4,
    "pid": 11324,
    "index": 67
  },
  {
    "name": "Require(48) app/router.js",
    "start": 1622012519275,
    "end": 1622012519276,
    "duration": 1,
    "pid": 11324,
    "index": 68
  },
  {
    "name": "Before Start in node_modules/egg-core/lib/egg.js:303:10",
    "start": 1622012519277,
    "end": 1622012519320,
    "duration": 43,
    "pid": 11324,
    "index": 69
  },
  {
    "name": "Load \"model\" to Application",
    "start": 1622012519288,
    "end": 1622012519319,
    "duration": 31,
    "pid": 11324,
    "index": 70
  }
]