[
  {
    "name": "Process Start",
    "start": 1622012605178,
    "end": 1622012606682,
    "duration": 1504,
    "pid": 23648,
    "index": 0
  },
  {
    "name": "Application Start",
    "start": 1622012606683,
    "end": 1622012609172,
    "duration": 2489,
    "pid": 23648,
    "index": 1
  },
  {
    "name": "Load Plugin",
    "start": 1622012606698,
    "end": 1622012606763,
    "duration": 65,
    "pid": 23648,
    "index": 2
  },
  {
    "name": "Load Config",
    "start": 1622012606763,
    "end": 1622012606808,
    "duration": 45,
    "pid": 23648,
    "index": 3
  },
  {
    "name": "Require(0) config/config.default.js",
    "start": 1622012606765,
    "end": 1622012606765,
    "duration": 0,
    "pid": 23648,
    "index": 4
  },
  {
    "name": "Require(1) node_modules/egg-session/config/config.default.js",
    "start": 1622012606769,
    "end": 1622012606770,
    "duration": 1,
    "pid": 23648,
    "index": 5
  },
  {
    "name": "Require(2) node_modules/egg-security/config/config.default.js",
    "start": 1622012606771,
    "end": 1622012606772,
    "duration": 1,
    "pid": 23648,
    "index": 6
  },
  {
    "name": "Require(3) node_modules/egg-jsonp/config/config.default.js",
    "start": 1622012606775,
    "end": 1622012606776,
    "duration": 1,
    "pid": 23648,
    "index": 7
  },
  {
    "name": "Require(4) node_modules/egg-onerror/config/config.default.js",
    "start": 1622012606777,
    "end": 1622012606778,
    "duration": 1,
    "pid": 23648,
    "index": 8
  },
  {
    "name": "Require(5) node_modules/egg-i18n/config/config.default.js",
    "start": 1622012606779,
    "end": 1622012606779,
    "duration": 0,
    "pid": 23648,
    "index": 9
  },
  {
    "name": "Require(6) node_modules/egg-watcher/config/config.default.js",
    "start": 1622012606780,
    "end": 1622012606781,
    "duration": 1,
    "pid": 23648,
    "index": 10
  },
  {
    "name": "Require(7) node_modules/egg-schedule/config/config.default.js",
    "start": 1622012606782,
    "end": 1622012606783,
    "duration": 1,
    "pid": 23648,
    "index": 11
  },
  {
    "name": "Require(8) node_modules/egg-multipart/config/config.default.js",
    "start": 1622012606784,
    "end": 1622012606785,
    "duration": 1,
    "pid": 23648,
    "index": 12
  },
  {
    "name": "Require(9) node_modules/egg-logrotator/config/config.default.js",
    "start": 1622012606786,
    "end": 1622012606787,
    "duration": 1,
    "pid": 23648,
    "index": 13
  },
  {
    "name": "Require(10) node_modules/egg-static/config/config.default.js",
    "start": 1622012606788,
    "end": 1622012606788,
    "duration": 0,
    "pid": 23648,
    "index": 14
  },
  {
    "name": "Require(11) node_modules/egg-view/config/config.default.js",
    "start": 1622012606790,
    "end": 1622012606790,
    "duration": 0,
    "pid": 23648,
    "index": 15
  },
  {
    "name": "Require(12) node_modules/egg-view-nunjucks/config/config.default.js",
    "start": 1622012606792,
    "end": 1622012606792,
    "duration": 0,
    "pid": 23648,
    "index": 16
  },
  {
    "name": "Require(13) node_modules/egg-view-ejs/config/config.default.js",
    "start": 1622012606793,
    "end": 1622012606794,
    "duration": 1,
    "pid": 23648,
    "index": 17
  },
  {
    "name": "Require(14) node_modules/egg-mongoose/config/config.default.js",
    "start": 1622012606795,
    "end": 1622012606796,
    "duration": 1,
    "pid": 23648,
    "index": 18
  },
  {
    "name": "Require(15) node_modules/egg/config/config.default.js",
    "start": 1622012606797,
    "end": 1622012606798,
    "duration": 1,
    "pid": 23648,
    "index": 19
  },
  {
    "name": "Require(16) config/config.default.js",
    "start": 1622012606799,
    "end": 1622012606799,
    "duration": 0,
    "pid": 23648,
    "index": 20
  },
  {
    "name": "Require(17) node_modules/egg-static/config/config.prod.js",
    "start": 1622012606805,
    "end": 1622012606806,
    "duration": 1,
    "pid": 23648,
    "index": 21
  },
  {
    "name": "Load extend/application.js",
    "start": 1622012606810,
    "end": 1622012606911,
    "duration": 101,
    "pid": 23648,
    "index": 22
  },
  {
    "name": "Require(18) node_modules/egg-session/app/extend/application.js",
    "start": 1622012606811,
    "end": 1622012606812,
    "duration": 1,
    "pid": 23648,
    "index": 23
  },
  {
    "name": "Require(19) node_modules/egg-security/app/extend/application.js",
    "start": 1622012606813,
    "end": 1622012606816,
    "duration": 3,
    "pid": 23648,
    "index": 24
  },
  {
    "name": "Require(20) node_modules/egg-jsonp/app/extend/application.js",
    "start": 1622012606817,
    "end": 1622012606820,
    "duration": 3,
    "pid": 23648,
    "index": 25
  },
  {
    "name": "Require(21) node_modules/egg-logrotator/app/extend/application.js",
    "start": 1622012606823,
    "end": 1622012606826,
    "duration": 3,
    "pid": 23648,
    "index": 26
  },
  {
    "name": "Require(22) node_modules/egg-view/app/extend/application.js",
    "start": 1622012606828,
    "end": 1622012606831,
    "duration": 3,
    "pid": 23648,
    "index": 27
  },
  {
    "name": "Require(23) node_modules/egg-view-nunjucks/app/extend/application.js",
    "start": 1622012606833,
    "end": 1622012606893,
    "duration": 60,
    "pid": 23648,
    "index": 28
  },
  {
    "name": "Load extend/request.js",
    "start": 1622012606911,
    "end": 1622012606931,
    "duration": 20,
    "pid": 23648,
    "index": 29
  },
  {
    "name": "Require(24) node_modules/egg/app/extend/request.js",
    "start": 1622012606919,
    "end": 1622012606920,
    "duration": 1,
    "pid": 23648,
    "index": 30
  },
  {
    "name": "Load extend/response.js",
    "start": 1622012606931,
    "end": 1622012606951,
    "duration": 20,
    "pid": 23648,
    "index": 31
  },
  {
    "name": "Require(25) node_modules/egg/app/extend/response.js",
    "start": 1622012606938,
    "end": 1622012606942,
    "duration": 4,
    "pid": 23648,
    "index": 32
  },
  {
    "name": "Load extend/context.js",
    "start": 1622012606951,
    "end": 1622012607097,
    "duration": 146,
    "pid": 23648,
    "index": 33
  },
  {
    "name": "Require(26) node_modules/egg-security/app/extend/context.js",
    "start": 1622012606953,
    "end": 1622012606980,
    "duration": 27,
    "pid": 23648,
    "index": 34
  },
  {
    "name": "Require(27) node_modules/egg-jsonp/app/extend/context.js",
    "start": 1622012606981,
    "end": 1622012606984,
    "duration": 3,
    "pid": 23648,
    "index": 35
  },
  {
    "name": "Require(28) node_modules/egg-i18n/app/extend/context.js",
    "start": 1622012606985,
    "end": 1622012606986,
    "duration": 1,
    "pid": 23648,
    "index": 36
  },
  {
    "name": "Require(29) node_modules/egg-multipart/app/extend/context.js",
    "start": 1622012606988,
    "end": 1622012607073,
    "duration": 85,
    "pid": 23648,
    "index": 37
  },
  {
    "name": "Require(30) node_modules/egg-view/app/extend/context.js",
    "start": 1622012607075,
    "end": 1622012607078,
    "duration": 3,
    "pid": 23648,
    "index": 38
  },
  {
    "name": "Require(31) node_modules/egg-mongoose/app/extend/context.js",
    "start": 1622012607082,
    "end": 1622012607082,
    "duration": 0,
    "pid": 23648,
    "index": 39
  },
  {
    "name": "Require(32) node_modules/egg/app/extend/context.js",
    "start": 1622012607083,
    "end": 1622012607084,
    "duration": 1,
    "pid": 23648,
    "index": 40
  },
  {
    "name": "Load extend/helper.js",
    "start": 1622012607097,
    "end": 1622012607161,
    "duration": 64,
    "pid": 23648,
    "index": 41
  },
  {
    "name": "Require(33) node_modules/egg-security/app/extend/helper.js",
    "start": 1622012607100,
    "end": 1622012607136,
    "duration": 36,
    "pid": 23648,
    "index": 42
  },
  {
    "name": "Require(34) node_modules/egg/app/extend/helper.js",
    "start": 1622012607145,
    "end": 1622012607146,
    "duration": 1,
    "pid": 23648,
    "index": 43
  },
  {
    "name": "Require(35) app/extend/helper.js",
    "start": 1622012607147,
    "end": 1622012607152,
    "duration": 5,
    "pid": 23648,
    "index": 44
  },
  {
    "name": "Load app.js",
    "start": 1622012607161,
    "end": 1622012607248,
    "duration": 87,
    "pid": 23648,
    "index": 45
  },
  {
    "name": "Require(36) node_modules/egg-session/app.js",
    "start": 1622012607162,
    "end": 1622012607163,
    "duration": 1,
    "pid": 23648,
    "index": 46
  },
  {
    "name": "Require(37) node_modules/egg-security/app.js",
    "start": 1622012607163,
    "end": 1622012607168,
    "duration": 5,
    "pid": 23648,
    "index": 47
  },
  {
    "name": "Require(38) node_modules/egg-onerror/app.js",
    "start": 1622012607170,
    "end": 1622012607185,
    "duration": 15,
    "pid": 23648,
    "index": 48
  },
  {
    "name": "Require(39) node_modules/egg-i18n/app.js",
    "start": 1622012607186,
    "end": 1622012607220,
    "duration": 34,
    "pid": 23648,
    "index": 49
  },
  {
    "name": "Require(40) node_modules/egg-watcher/app.js",
    "start": 1622012607221,
    "end": 1622012607229,
    "duration": 8,
    "pid": 23648,
    "index": 50
  },
  {
    "name": "Require(41) node_modules/egg-schedule/app.js",
    "start": 1622012607230,
    "end": 1622012607232,
    "duration": 2,
    "pid": 23648,
    "index": 51
  },
  {
    "name": "Require(42) node_modules/egg-multipart/app.js",
    "start": 1622012607233,
    "end": 1622012607234,
    "duration": 1,
    "pid": 23648,
    "index": 52
  },
  {
    "name": "Require(43) node_modules/egg-logrotator/app.js",
    "start": 1622012607235,
    "end": 1622012607235,
    "duration": 0,
    "pid": 23648,
    "index": 53
  },
  {
    "name": "Require(44) node_modules/egg-static/app.js",
    "start": 1622012607236,
    "end": 1622012607236,
    "duration": 0,
    "pid": 23648,
    "index": 54
  },
  {
    "name": "Require(45) node_modules/egg-view-nunjucks/app.js",
    "start": 1622012607238,
    "end": 1622012607238,
    "duration": 0,
    "pid": 23648,
    "index": 55
  },
  {
    "name": "Require(46) node_modules/egg-view-ejs/app.js",
    "start": 1622012607239,
    "end": 1622012607239,
    "duration": 0,
    "pid": 23648,
    "index": 56
  },
  {
    "name": "Require(47) node_modules/egg-mongoose/app.js",
    "start": 1622012607243,
    "end": 1622012607243,
    "duration": 0,
    "pid": 23648,
    "index": 57
  },
  {
    "name": "Before Start in node_modules/egg-watcher/lib/init.js:15:14",
    "start": 1622012607263,
    "end": 1622012609008,
    "duration": 1745,
    "pid": 23648,
    "index": 58
  },
  {
    "name": "Before Start in node_modules/egg-mongoose/lib/mongoose.js:104:7",
    "start": 1622012608131,
    "end": 1622012609172,
    "duration": 1041,
    "pid": 23648,
    "index": 59
  },
  {
    "name": "Before Start in node_modules/egg-mongoose/lib/mongoose.js:52:9",
    "start": 1622012608131,
    "end": 1622012608991,
    "duration": 860,
    "pid": 23648,
    "index": 60
  },
  {
    "name": "Load Service",
    "start": 1622012608132,
    "end": 1622012608619,
    "duration": 487,
    "pid": 23648,
    "index": 61
  },
  {
    "name": "Load \"service\" to Context",
    "start": 1622012608132,
    "end": 1622012608619,
    "duration": 487,
    "pid": 23648,
    "index": 62
  },
  {
    "name": "Load Middleware",
    "start": 1622012608619,
    "end": 1622012608878,
    "duration": 259,
    "pid": 23648,
    "index": 63
  },
  {
    "name": "Load \"middlewares\" to Application",
    "start": 1622012608620,
    "end": 1622012608846,
    "duration": 226,
    "pid": 23648,
    "index": 64
  },
  {
    "name": "Load Controller",
    "start": 1622012608878,
    "end": 1622012608915,
    "duration": 37,
    "pid": 23648,
    "index": 65
  },
  {
    "name": "Load \"controller\" to Application",
    "start": 1622012608878,
    "end": 1622012608915,
    "duration": 37,
    "pid": 23648,
    "index": 66
  },
  {
    "name": "Load Router",
    "start": 1622012608915,
    "end": 1622012608924,
    "duration": 9,
    "pid": 23648,
    "index": 67
  },
  {
    "name": "Require(48) app/router.js",
    "start": 1622012608917,
    "end": 1622012608917,
    "duration": 0,
    "pid": 23648,
    "index": 68
  },
  {
    "name": "Before Start in node_modules/egg-core/lib/egg.js:303:10",
    "start": 1622012608919,
    "end": 1622012608991,
    "duration": 72,
    "pid": 23648,
    "index": 69
  },
  {
    "name": "Load \"model\" to Application",
    "start": 1622012608936,
    "end": 1622012608990,
    "duration": 54,
    "pid": 23648,
    "index": 70
  }
]