[
  {
    "name": "Process Start",
    "start": 1622012269885,
    "end": 1622012271152,
    "duration": 1267,
    "pid": 17776,
    "index": 0
  },
  {
    "name": "Application Start",
    "start": 1622012271153,
    "end": 1622012273485,
    "duration": 2332,
    "pid": 17776,
    "index": 1
  },
  {
    "name": "Load Plugin",
    "start": 1622012271163,
    "end": 1622012271217,
    "duration": 54,
    "pid": 17776,
    "index": 2
  },
  {
    "name": "Load Config",
    "start": 1622012271217,
    "end": 1622012271260,
    "duration": 43,
    "pid": 17776,
    "index": 3
  },
  {
    "name": "Require(0) config/config.default.js",
    "start": 1622012271219,
    "end": 1622012271219,
    "duration": 0,
    "pid": 17776,
    "index": 4
  },
  {
    "name": "Require(1) node_modules/egg-session/config/config.default.js",
    "start": 1622012271222,
    "end": 1622012271223,
    "duration": 1,
    "pid": 17776,
    "index": 5
  },
  {
    "name": "Require(2) node_modules/egg-security/config/config.default.js",
    "start": 1622012271224,
    "end": 1622012271225,
    "duration": 1,
    "pid": 17776,
    "index": 6
  },
  {
    "name": "Require(3) node_modules/egg-jsonp/config/config.default.js",
    "start": 1622012271227,
    "end": 1622012271228,
    "duration": 1,
    "pid": 17776,
    "index": 7
  },
  {
    "name": "Require(4) node_modules/egg-onerror/config/config.default.js",
    "start": 1622012271228,
    "end": 1622012271229,
    "duration": 1,
    "pid": 17776,
    "index": 8
  },
  {
    "name": "Require(5) node_modules/egg-i18n/config/config.default.js",
    "start": 1622012271230,
    "end": 1622012271231,
    "duration": 1,
    "pid": 17776,
    "index": 9
  },
  {
    "name": "Require(6) node_modules/egg-watcher/config/config.default.js",
    "start": 1622012271232,
    "end": 1622012271233,
    "duration": 1,
    "pid": 17776,
    "index": 10
  },
  {
    "name": "Require(7) node_modules/egg-schedule/config/config.default.js",
    "start": 1622012271234,
    "end": 1622012271235,
    "duration": 1,
    "pid": 17776,
    "index": 11
  },
  {
    "name": "Require(8) node_modules/egg-multipart/config/config.default.js",
    "start": 1622012271236,
    "end": 1622012271237,
    "duration": 1,
    "pid": 17776,
    "index": 12
  },
  {
    "name": "Require(9) node_modules/egg-logrotator/config/config.default.js",
    "start": 1622012271238,
    "end": 1622012271239,
    "duration": 1,
    "pid": 17776,
    "index": 13
  },
  {
    "name": "Require(10) node_modules/egg-static/config/config.default.js",
    "start": 1622012271240,
    "end": 1622012271241,
    "duration": 1,
    "pid": 17776,
    "index": 14
  },
  {
    "name": "Require(11) node_modules/egg-view/config/config.default.js",
    "start": 1622012271242,
    "end": 1622012271242,
    "duration": 0,
    "pid": 17776,
    "index": 15
  },
  {
    "name": "Require(12) node_modules/egg-view-nunjucks/config/config.default.js",
    "start": 1622012271243,
    "end": 1622012271244,
    "duration": 1,
    "pid": 17776,
    "index": 16
  },
  {
    "name": "Require(13) node_modules/egg-view-ejs/config/config.default.js",
    "start": 1622012271245,
    "end": 1622012271246,
    "duration": 1,
    "pid": 17776,
    "index": 17
  },
  {
    "name": "Require(14) node_modules/egg-mongoose/config/config.default.js",
    "start": 1622012271247,
    "end": 1622012271248,
    "duration": 1,
    "pid": 17776,
    "index": 18
  },
  {
    "name": "Require(15) node_modules/egg/config/config.default.js",
    "start": 1622012271249,
    "end": 1622012271249,
    "duration": 0,
    "pid": 17776,
    "index": 19
  },
  {
    "name": "Require(16) config/config.default.js",
    "start": 1622012271251,
    "end": 1622012271251,
    "duration": 0,
    "pid": 17776,
    "index": 20
  },
  {
    "name": "Require(17) node_modules/egg-static/config/config.prod.js",
    "start": 1622012271257,
    "end": 1622012271257,
    "duration": 0,
    "pid": 17776,
    "index": 21
  },
  {
    "name": "Load extend/application.js",
    "start": 1622012271261,
    "end": 1622012271341,
    "duration": 80,
    "pid": 17776,
    "index": 22
  },
  {
    "name": "Require(18) node_modules/egg-session/app/extend/application.js",
    "start": 1622012271263,
    "end": 1622012271263,
    "duration": 0,
    "pid": 17776,
    "index": 23
  },
  {
    "name": "Require(19) node_modules/egg-security/app/extend/application.js",
    "start": 1622012271264,
    "end": 1622012271267,
    "duration": 3,
    "pid": 17776,
    "index": 24
  },
  {
    "name": "Require(20) node_modules/egg-jsonp/app/extend/application.js",
    "start": 1622012271269,
    "end": 1622012271272,
    "duration": 3,
    "pid": 17776,
    "index": 25
  },
  {
    "name": "Require(21) node_modules/egg-logrotator/app/extend/application.js",
    "start": 1622012271275,
    "end": 1622012271278,
    "duration": 3,
    "pid": 17776,
    "index": 26
  },
  {
    "name": "Require(22) node_modules/egg-view/app/extend/application.js",
    "start": 1622012271279,
    "end": 1622012271282,
    "duration": 3,
    "pid": 17776,
    "index": 27
  },
  {
    "name": "Require(23) node_modules/egg-view-nunjucks/app/extend/application.js",
    "start": 1622012271283,
    "end": 1622012271330,
    "duration": 47,
    "pid": 17776,
    "index": 28
  },
  {
    "name": "Load extend/request.js",
    "start": 1622012271341,
    "end": 1622012271361,
    "duration": 20,
    "pid": 17776,
    "index": 29
  },
  {
    "name": "Require(24) node_modules/egg/app/extend/request.js",
    "start": 1622012271350,
    "end": 1622012271352,
    "duration": 2,
    "pid": 17776,
    "index": 30
  },
  {
    "name": "Load extend/response.js",
    "start": 1622012271361,
    "end": 1622012271384,
    "duration": 23,
    "pid": 17776,
    "index": 31
  },
  {
    "name": "Require(25) node_modules/egg/app/extend/response.js",
    "start": 1622012271370,
    "end": 1622012271374,
    "duration": 4,
    "pid": 17776,
    "index": 32
  },
  {
    "name": "Load extend/context.js",
    "start": 1622012271384,
    "end": 1622012271510,
    "duration": 126,
    "pid": 17776,
    "index": 33
  },
  {
    "name": "Require(26) node_modules/egg-security/app/extend/context.js",
    "start": 1622012271385,
    "end": 1622012271405,
    "duration": 20,
    "pid": 17776,
    "index": 34
  },
  {
    "name": "Require(27) node_modules/egg-jsonp/app/extend/context.js",
    "start": 1622012271406,
    "end": 1622012271409,
    "duration": 3,
    "pid": 17776,
    "index": 35
  },
  {
    "name": "Require(28) node_modules/egg-i18n/app/extend/context.js",
    "start": 1622012271410,
    "end": 1622012271411,
    "duration": 1,
    "pid": 17776,
    "index": 36
  },
  {
    "name": "Require(29) node_modules/egg-multipart/app/extend/context.js",
    "start": 1622012271413,
    "end": 1622012271487,
    "duration": 74,
    "pid": 17776,
    "index": 37
  },
  {
    "name": "Require(30) node_modules/egg-view/app/extend/context.js",
    "start": 1622012271488,
    "end": 1622012271491,
    "duration": 3,
    "pid": 17776,
    "index": 38
  },
  {
    "name": "Require(31) node_modules/egg-mongoose/app/extend/context.js",
    "start": 1622012271493,
    "end": 1622012271494,
    "duration": 1,
    "pid": 17776,
    "index": 39
  },
  {
    "name": "Require(32) node_modules/egg/app/extend/context.js",
    "start": 1622012271495,
    "end": 1622012271496,
    "duration": 1,
    "pid": 17776,
    "index": 40
  },
  {
    "name": "Load extend/helper.js",
    "start": 1622012271510,
    "end": 1622012271566,
    "duration": 56,
    "pid": 17776,
    "index": 41
  },
  {
    "name": "Require(33) node_modules/egg-security/app/extend/helper.js",
    "start": 1622012271511,
    "end": 1622012271545,
    "duration": 34,
    "pid": 17776,
    "index": 42
  },
  {
    "name": "Require(34) node_modules/egg/app/extend/helper.js",
    "start": 1622012271552,
    "end": 1622012271552,
    "duration": 0,
    "pid": 17776,
    "index": 43
  },
  {
    "name": "Require(35) app/extend/helper.js",
    "start": 1622012271554,
    "end": 1622012271558,
    "duration": 4,
    "pid": 17776,
    "index": 44
  },
  {
    "name": "Load app.js",
    "start": 1622012271567,
    "end": 1622012271644,
    "duration": 77,
    "pid": 17776,
    "index": 45
  },
  {
    "name": "Require(36) node_modules/egg-session/app.js",
    "start": 1622012271567,
    "end": 1622012271568,
    "duration": 1,
    "pid": 17776,
    "index": 46
  },
  {
    "name": "Require(37) node_modules/egg-security/app.js",
    "start": 1622012271569,
    "end": 1622012271571,
    "duration": 2,
    "pid": 17776,
    "index": 47
  },
  {
    "name": "Require(38) node_modules/egg-onerror/app.js",
    "start": 1622012271573,
    "end": 1622012271587,
    "duration": 14,
    "pid": 17776,
    "index": 48
  },
  {
    "name": "Require(39) node_modules/egg-i18n/app.js",
    "start": 1622012271588,
    "end": 1622012271621,
    "duration": 33,
    "pid": 17776,
    "index": 49
  },
  {
    "name": "Require(40) node_modules/egg-watcher/app.js",
    "start": 1622012271621,
    "end": 1622012271628,
    "duration": 7,
    "pid": 17776,
    "index": 50
  },
  {
    "name": "Require(41) node_modules/egg-schedule/app.js",
    "start": 1622012271629,
    "end": 1622012271632,
    "duration": 3,
    "pid": 17776,
    "index": 51
  },
  {
    "name": "Require(42) node_modules/egg-multipart/app.js",
    "start": 1622012271633,
    "end": 1622012271633,
    "duration": 0,
    "pid": 17776,
    "index": 52
  },
  {
    "name": "Require(43) node_modules/egg-logrotator/app.js",
    "start": 1622012271634,
    "end": 1622012271635,
    "duration": 1,
    "pid": 17776,
    "index": 53
  },
  {
    "name": "Require(44) node_modules/egg-static/app.js",
    "start": 1622012271635,
    "end": 1622012271636,
    "duration": 1,
    "pid": 17776,
    "index": 54
  },
  {
    "name": "Require(45) node_modules/egg-view-nunjucks/app.js",
    "start": 1622012271637,
    "end": 1622012271638,
    "duration": 1,
    "pid": 17776,
    "index": 55
  },
  {
    "name": "Require(46) node_modules/egg-view-ejs/app.js",
    "start": 1622012271638,
    "end": 1622012271640,
    "duration": 2,
    "pid": 17776,
    "index": 56
  },
  {
    "name": "Require(47) node_modules/egg-mongoose/app.js",
    "start": 1622012271641,
    "end": 1622012271642,
    "duration": 1,
    "pid": 17776,
    "index": 57
  },
  {
    "name": "Before Start in node_modules/egg-watcher/lib/init.js:15:14",
    "start": 1622012271662,
    "end": 1622012273319,
    "duration": 1657,
    "pid": 17776,
    "index": 58
  },
  {
    "name": "Before Start in node_modules/egg-mongoose/lib/mongoose.js:104:7",
    "start": 1622012272472,
    "end": 1622012273484,
    "duration": 1012,
    "pid": 17776,
    "index": 59
  },
  {
    "name": "Before Start in node_modules/egg-mongoose/lib/mongoose.js:52:9",
    "start": 1622012272473,
    "end": 1622012273295,
    "duration": 822,
    "pid": 17776,
    "index": 60
  },
  {
    "name": "Load Service",
    "start": 1622012272473,
    "end": 1622012272936,
    "duration": 463,
    "pid": 17776,
    "index": 61
  },
  {
    "name": "Load \"service\" to Context",
    "start": 1622012272473,
    "end": 1622012272936,
    "duration": 463,
    "pid": 17776,
    "index": 62
  },
  {
    "name": "Load Middleware",
    "start": 1622012272937,
    "end": 1622012273179,
    "duration": 242,
    "pid": 17776,
    "index": 63
  },
  {
    "name": "Load \"middlewares\" to Application",
    "start": 1622012272937,
    "end": 1622012273155,
    "duration": 218,
    "pid": 17776,
    "index": 64
  },
  {
    "name": "Load Controller",
    "start": 1622012273179,
    "end": 1622012273216,
    "duration": 37,
    "pid": 17776,
    "index": 65
  },
  {
    "name": "Load \"controller\" to Application",
    "start": 1622012273179,
    "end": 1622012273216,
    "duration": 37,
    "pid": 17776,
    "index": 66
  },
  {
    "name": "Load Router",
    "start": 1622012273216,
    "end": 1622012273223,
    "duration": 7,
    "pid": 17776,
    "index": 67
  },
  {
    "name": "Require(48) app/router.js",
    "start": 1622012273217,
    "end": 1622012273217,
    "duration": 0,
    "pid": 17776,
    "index": 68
  },
  {
    "name": "Before Start in node_modules/egg-core/lib/egg.js:303:10",
    "start": 1622012273219,
    "end": 1622012273295,
    "duration": 76,
    "pid": 17776,
    "index": 69
  },
  {
    "name": "Load \"model\" to Application",
    "start": 1622012273236,
    "end": 1622012273294,
    "duration": 58,
    "pid": 17776,
    "index": 70
  }
]