[
  {
    "name": "Process Start",
    "start": 1622012515384,
    "end": 1622012516843,
    "duration": 1459,
    "pid": 23804,
    "index": 0
  },
  {
    "name": "Application Start",
    "start": 1622012516844,
    "end": 1622012519140,
    "duration": 2296,
    "pid": 23804,
    "index": 1
  },
  {
    "name": "Load Plugin",
    "start": 1622012516858,
    "end": 1622012516919,
    "duration": 61,
    "pid": 23804,
    "index": 2
  },
  {
    "name": "Load Config",
    "start": 1622012516919,
    "end": 1622012516961,
    "duration": 42,
    "pid": 23804,
    "index": 3
  },
  {
    "name": "Require(0) config/config.default.js",
    "start": 1622012516920,
    "end": 1622012516921,
    "duration": 1,
    "pid": 23804,
    "index": 4
  },
  {
    "name": "Require(1) node_modules/egg-session/config/config.default.js",
    "start": 1622012516923,
    "end": 1622012516925,
    "duration": 2,
    "pid": 23804,
    "index": 5
  },
  {
    "name": "Require(2) node_modules/egg-security/config/config.default.js",
    "start": 1622012516926,
    "end": 1622012516926,
    "duration": 0,
    "pid": 23804,
    "index": 6
  },
  {
    "name": "Require(3) node_modules/egg-jsonp/config/config.default.js",
    "start": 1622012516928,
    "end": 1622012516929,
    "duration": 1,
    "pid": 23804,
    "index": 7
  },
  {
    "name": "Require(4) node_modules/egg-onerror/config/config.default.js",
    "start": 1622012516930,
    "end": 1622012516931,
    "duration": 1,
    "pid": 23804,
    "index": 8
  },
  {
    "name": "Require(5) node_modules/egg-i18n/config/config.default.js",
    "start": 1622012516932,
    "end": 1622012516933,
    "duration": 1,
    "pid": 23804,
    "index": 9
  },
  {
    "name": "Require(6) node_modules/egg-watcher/config/config.default.js",
    "start": 1622012516934,
    "end": 1622012516935,
    "duration": 1,
    "pid": 23804,
    "index": 10
  },
  {
    "name": "Require(7) node_modules/egg-schedule/config/config.default.js",
    "start": 1622012516936,
    "end": 1622012516936,
    "duration": 0,
    "pid": 23804,
    "index": 11
  },
  {
    "name": "Require(8) node_modules/egg-multipart/config/config.default.js",
    "start": 1622012516938,
    "end": 1622012516938,
    "duration": 0,
    "pid": 23804,
    "index": 12
  },
  {
    "name": "Require(9) node_modules/egg-logrotator/config/config.default.js",
    "start": 1622012516939,
    "end": 1622012516940,
    "duration": 1,
    "pid": 23804,
    "index": 13
  },
  {
    "name": "Require(10) node_modules/egg-static/config/config.default.js",
    "start": 1622012516941,
    "end": 1622012516942,
    "duration": 1,
    "pid": 23804,
    "index": 14
  },
  {
    "name": "Require(11) node_modules/egg-view/config/config.default.js",
    "start": 1622012516943,
    "end": 1622012516944,
    "duration": 1,
    "pid": 23804,
    "index": 15
  },
  {
    "name": "Require(12) node_modules/egg-view-nunjucks/config/config.default.js",
    "start": 1622012516945,
    "end": 1622012516946,
    "duration": 1,
    "pid": 23804,
    "index": 16
  },
  {
    "name": "Require(13) node_modules/egg-view-ejs/config/config.default.js",
    "start": 1622012516947,
    "end": 1622012516948,
    "duration": 1,
    "pid": 23804,
    "index": 17
  },
  {
    "name": "Require(14) node_modules/egg-mongoose/config/config.default.js",
    "start": 1622012516949,
    "end": 1622012516949,
    "duration": 0,
    "pid": 23804,
    "index": 18
  },
  {
    "name": "Require(15) node_modules/egg/config/config.default.js",
    "start": 1622012516950,
    "end": 1622012516951,
    "duration": 1,
    "pid": 23804,
    "index": 19
  },
  {
    "name": "Require(16) config/config.default.js",
    "start": 1622012516953,
    "end": 1622012516953,
    "duration": 0,
    "pid": 23804,
    "index": 20
  },
  {
    "name": "Require(17) node_modules/egg-static/config/config.prod.js",
    "start": 1622012516958,
    "end": 1622012516959,
    "duration": 1,
    "pid": 23804,
    "index": 21
  },
  {
    "name": "Load extend/application.js",
    "start": 1622012516963,
    "end": 1622012517058,
    "duration": 95,
    "pid": 23804,
    "index": 22
  },
  {
    "name": "Require(18) node_modules/egg-session/app/extend/application.js",
    "start": 1622012516964,
    "end": 1622012516965,
    "duration": 1,
    "pid": 23804,
    "index": 23
  },
  {
    "name": "Require(19) node_modules/egg-security/app/extend/application.js",
    "start": 1622012516966,
    "end": 1622012516969,
    "duration": 3,
    "pid": 23804,
    "index": 24
  },
  {
    "name": "Require(20) node_modules/egg-jsonp/app/extend/application.js",
    "start": 1622012516971,
    "end": 1622012516975,
    "duration": 4,
    "pid": 23804,
    "index": 25
  },
  {
    "name": "Require(21) node_modules/egg-logrotator/app/extend/application.js",
    "start": 1622012516982,
    "end": 1622012516985,
    "duration": 3,
    "pid": 23804,
    "index": 26
  },
  {
    "name": "Require(22) node_modules/egg-view/app/extend/application.js",
    "start": 1622012516987,
    "end": 1622012516990,
    "duration": 3,
    "pid": 23804,
    "index": 27
  },
  {
    "name": "Require(23) node_modules/egg-view-nunjucks/app/extend/application.js",
    "start": 1622012516991,
    "end": 1622012517047,
    "duration": 56,
    "pid": 23804,
    "index": 28
  },
  {
    "name": "Load extend/request.js",
    "start": 1622012517058,
    "end": 1622012517077,
    "duration": 19,
    "pid": 23804,
    "index": 29
  },
  {
    "name": "Require(24) node_modules/egg/app/extend/request.js",
    "start": 1622012517067,
    "end": 1622012517068,
    "duration": 1,
    "pid": 23804,
    "index": 30
  },
  {
    "name": "Load extend/response.js",
    "start": 1622012517077,
    "end": 1622012517099,
    "duration": 22,
    "pid": 23804,
    "index": 31
  },
  {
    "name": "Require(25) node_modules/egg/app/extend/response.js",
    "start": 1622012517088,
    "end": 1622012517090,
    "duration": 2,
    "pid": 23804,
    "index": 32
  },
  {
    "name": "Load extend/context.js",
    "start": 1622012517099,
    "end": 1622012517218,
    "duration": 119,
    "pid": 23804,
    "index": 33
  },
  {
    "name": "Require(26) node_modules/egg-security/app/extend/context.js",
    "start": 1622012517100,
    "end": 1622012517121,
    "duration": 21,
    "pid": 23804,
    "index": 34
  },
  {
    "name": "Require(27) node_modules/egg-jsonp/app/extend/context.js",
    "start": 1622012517121,
    "end": 1622012517125,
    "duration": 4,
    "pid": 23804,
    "index": 35
  },
  {
    "name": "Require(28) node_modules/egg-i18n/app/extend/context.js",
    "start": 1622012517126,
    "end": 1622012517127,
    "duration": 1,
    "pid": 23804,
    "index": 36
  },
  {
    "name": "Require(29) node_modules/egg-multipart/app/extend/context.js",
    "start": 1622012517129,
    "end": 1622012517200,
    "duration": 71,
    "pid": 23804,
    "index": 37
  },
  {
    "name": "Require(30) node_modules/egg-view/app/extend/context.js",
    "start": 1622012517202,
    "end": 1622012517204,
    "duration": 2,
    "pid": 23804,
    "index": 38
  },
  {
    "name": "Require(31) node_modules/egg-mongoose/app/extend/context.js",
    "start": 1622012517207,
    "end": 1622012517207,
    "duration": 0,
    "pid": 23804,
    "index": 39
  },
  {
    "name": "Require(32) node_modules/egg/app/extend/context.js",
    "start": 1622012517208,
    "end": 1622012517209,
    "duration": 1,
    "pid": 23804,
    "index": 40
  },
  {
    "name": "Load extend/helper.js",
    "start": 1622012517218,
    "end": 1622012517279,
    "duration": 61,
    "pid": 23804,
    "index": 41
  },
  {
    "name": "Require(33) node_modules/egg-security/app/extend/helper.js",
    "start": 1622012517219,
    "end": 1622012517254,
    "duration": 35,
    "pid": 23804,
    "index": 42
  },
  {
    "name": "Require(34) node_modules/egg/app/extend/helper.js",
    "start": 1622012517263,
    "end": 1622012517264,
    "duration": 1,
    "pid": 23804,
    "index": 43
  },
  {
    "name": "Require(35) app/extend/helper.js",
    "start": 1622012517265,
    "end": 1622012517269,
    "duration": 4,
    "pid": 23804,
    "index": 44
  },
  {
    "name": "Load app.js",
    "start": 1622012517279,
    "end": 1622012517350,
    "duration": 71,
    "pid": 23804,
    "index": 45
  },
  {
    "name": "Require(36) node_modules/egg-session/app.js",
    "start": 1622012517280,
    "end": 1622012517280,
    "duration": 0,
    "pid": 23804,
    "index": 46
  },
  {
    "name": "Require(37) node_modules/egg-security/app.js",
    "start": 1622012517281,
    "end": 1622012517284,
    "duration": 3,
    "pid": 23804,
    "index": 47
  },
  {
    "name": "Require(38) node_modules/egg-onerror/app.js",
    "start": 1622012517285,
    "end": 1622012517299,
    "duration": 14,
    "pid": 23804,
    "index": 48
  },
  {
    "name": "Require(39) node_modules/egg-i18n/app.js",
    "start": 1622012517300,
    "end": 1622012517328,
    "duration": 28,
    "pid": 23804,
    "index": 49
  },
  {
    "name": "Require(40) node_modules/egg-watcher/app.js",
    "start": 1622012517329,
    "end": 1622012517335,
    "duration": 6,
    "pid": 23804,
    "index": 50
  },
  {
    "name": "Require(41) node_modules/egg-schedule/app.js",
    "start": 1622012517336,
    "end": 1622012517339,
    "duration": 3,
    "pid": 23804,
    "index": 51
  },
  {
    "name": "Require(42) node_modules/egg-multipart/app.js",
    "start": 1622012517340,
    "end": 1622012517341,
    "duration": 1,
    "pid": 23804,
    "index": 52
  },
  {
    "name": "Require(43) node_modules/egg-logrotator/app.js",
    "start": 1622012517341,
    "end": 1622012517342,
    "duration": 1,
    "pid": 23804,
    "index": 53
  },
  {
    "name": "Require(44) node_modules/egg-static/app.js",
    "start": 1622012517343,
    "end": 1622012517344,
    "duration": 1,
    "pid": 23804,
    "index": 54
  },
  {
    "name": "Require(45) node_modules/egg-view-nunjucks/app.js",
    "start": 1622012517346,
    "end": 1622012517346,
    "duration": 0,
    "pid": 23804,
    "index": 55
  },
  {
    "name": "Require(46) node_modules/egg-view-ejs/app.js",
    "start": 1622012517347,
    "end": 1622012517347,
    "duration": 0,
    "pid": 23804,
    "index": 56
  },
  {
    "name": "Require(47) node_modules/egg-mongoose/app.js",
    "start": 1622012517348,
    "end": 1622012517348,
    "duration": 0,
    "pid": 23804,
    "index": 57
  },
  {
    "name": "Before Start in node_modules/egg-watcher/lib/init.js:15:14",
    "start": 1622012517365,
    "end": 1622012518975,
    "duration": 1610,
    "pid": 23804,
    "index": 58
  },
  {
    "name": "Before Start in node_modules/egg-mongoose/lib/mongoose.js:104:7",
    "start": 1622012518160,
    "end": 1622012519139,
    "duration": 979,
    "pid": 23804,
    "index": 59
  },
  {
    "name": "Before Start in node_modules/egg-mongoose/lib/mongoose.js:52:9",
    "start": 1622012518160,
    "end": 1622012518958,
    "duration": 798,
    "pid": 23804,
    "index": 60
  },
  {
    "name": "Load Service",
    "start": 1622012518160,
    "end": 1622012518626,
    "duration": 466,
    "pid": 23804,
    "index": 61
  },
  {
    "name": "Load \"service\" to Context",
    "start": 1622012518160,
    "end": 1622012518626,
    "duration": 466,
    "pid": 23804,
    "index": 62
  },
  {
    "name": "Load Middleware",
    "start": 1622012518627,
    "end": 1622012518865,
    "duration": 238,
    "pid": 23804,
    "index": 63
  },
  {
    "name": "Load \"middlewares\" to Application",
    "start": 1622012518627,
    "end": 1622012518840,
    "duration": 213,
    "pid": 23804,
    "index": 64
  },
  {
    "name": "Load Controller",
    "start": 1622012518865,
    "end": 1622012518894,
    "duration": 29,
    "pid": 23804,
    "index": 65
  },
  {
    "name": "Load \"controller\" to Application",
    "start": 1622012518865,
    "end": 1622012518894,
    "duration": 29,
    "pid": 23804,
    "index": 66
  },
  {
    "name": "Load Router",
    "start": 1622012518894,
    "end": 1622012518902,
    "duration": 8,
    "pid": 23804,
    "index": 67
  },
  {
    "name": "Require(48) app/router.js",
    "start": 1622012518895,
    "end": 1622012518895,
    "duration": 0,
    "pid": 23804,
    "index": 68
  },
  {
    "name": "Before Start in node_modules/egg-core/lib/egg.js:303:10",
    "start": 1622012518897,
    "end": 1622012518958,
    "duration": 61,
    "pid": 23804,
    "index": 69
  },
  {
    "name": "Load \"model\" to Application",
    "start": 1622012518913,
    "end": 1622012518958,
    "duration": 45,
    "pid": 23804,
    "index": 70
  }
]