[
  {
    "name": "Process Start",
    "start": 1622012515549,
    "end": 1622012517055,
    "duration": 1506,
    "pid": 20892,
    "index": 0
  },
  {
    "name": "Application Start",
    "start": 1622012517056,
    "end": 1622012519250,
    "duration": 2194,
    "pid": 20892,
    "index": 1
  },
  {
    "name": "Load Plugin",
    "start": 1622012517066,
    "end": 1622012517122,
    "duration": 56,
    "pid": 20892,
    "index": 2
  },
  {
    "name": "Load Config",
    "start": 1622012517122,
    "end": 1622012517165,
    "duration": 43,
    "pid": 20892,
    "index": 3
  },
  {
    "name": "Require(0) config/config.default.js",
    "start": 1622012517123,
    "end": 1622012517124,
    "duration": 1,
    "pid": 20892,
    "index": 4
  },
  {
    "name": "Require(1) node_modules/egg-session/config/config.default.js",
    "start": 1622012517126,
    "end": 1622012517127,
    "duration": 1,
    "pid": 20892,
    "index": 5
  },
  {
    "name": "Require(2) node_modules/egg-security/config/config.default.js",
    "start": 1622012517128,
    "end": 1622012517129,
    "duration": 1,
    "pid": 20892,
    "index": 6
  },
  {
    "name": "Require(3) node_modules/egg-jsonp/config/config.default.js",
    "start": 1622012517130,
    "end": 1622012517131,
    "duration": 1,
    "pid": 20892,
    "index": 7
  },
  {
    "name": "Require(4) node_modules/egg-onerror/config/config.default.js",
    "start": 1622012517132,
    "end": 1622012517133,
    "duration": 1,
    "pid": 20892,
    "index": 8
  },
  {
    "name": "Require(5) node_modules/egg-i18n/config/config.default.js",
    "start": 1622012517134,
    "end": 1622012517135,
    "duration": 1,
    "pid": 20892,
    "index": 9
  },
  {
    "name": "Require(6) node_modules/egg-watcher/config/config.default.js",
    "start": 1622012517136,
    "end": 1622012517137,
    "duration": 1,
    "pid": 20892,
    "index": 10
  },
  {
    "name": "Require(7) node_modules/egg-schedule/config/config.default.js",
    "start": 1622012517139,
    "end": 1622012517139,
    "duration": 0,
    "pid": 20892,
    "index": 11
  },
  {
    "name": "Require(8) node_modules/egg-multipart/config/config.default.js",
    "start": 1622012517141,
    "end": 1622012517142,
    "duration": 1,
    "pid": 20892,
    "index": 12
  },
  {
    "name": "Require(9) node_modules/egg-logrotator/config/config.default.js",
    "start": 1622012517143,
    "end": 1622012517144,
    "duration": 1,
    "pid": 20892,
    "index": 13
  },
  {
    "name": "Require(10) node_modules/egg-static/config/config.default.js",
    "start": 1622012517144,
    "end": 1622012517145,
    "duration": 1,
    "pid": 20892,
    "index": 14
  },
  {
    "name": "Require(11) node_modules/egg-view/config/config.default.js",
    "start": 1622012517146,
    "end": 1622012517147,
    "duration": 1,
    "pid": 20892,
    "index": 15
  },
  {
    "name": "Require(12) node_modules/egg-view-nunjucks/config/config.default.js",
    "start": 1622012517148,
    "end": 1622012517149,
    "duration": 1,
    "pid": 20892,
    "index": 16
  },
  {
    "name": "Require(13) node_modules/egg-view-ejs/config/config.default.js",
    "start": 1622012517150,
    "end": 1622012517151,
    "duration": 1,
    "pid": 20892,
    "index": 17
  },
  {
    "name": "Require(14) node_modules/egg-mongoose/config/config.default.js",
    "start": 1622012517152,
    "end": 1622012517152,
    "duration": 0,
    "pid": 20892,
    "index": 18
  },
  {
    "name": "Require(15) node_modules/egg/config/config.default.js",
    "start": 1622012517153,
    "end": 1622012517154,
    "duration": 1,
    "pid": 20892,
    "index": 19
  },
  {
    "name": "Require(16) config/config.default.js",
    "start": 1622012517155,
    "end": 1622012517155,
    "duration": 0,
    "pid": 20892,
    "index": 20
  },
  {
    "name": "Require(17) node_modules/egg-static/config/config.prod.js",
    "start": 1622012517161,
    "end": 1622012517162,
    "duration": 1,
    "pid": 20892,
    "index": 21
  },
  {
    "name": "Load extend/application.js",
    "start": 1622012517166,
    "end": 1622012517248,
    "duration": 82,
    "pid": 20892,
    "index": 22
  },
  {
    "name": "Require(18) node_modules/egg-session/app/extend/application.js",
    "start": 1622012517167,
    "end": 1622012517168,
    "duration": 1,
    "pid": 20892,
    "index": 23
  },
  {
    "name": "Require(19) node_modules/egg-security/app/extend/application.js",
    "start": 1622012517169,
    "end": 1622012517172,
    "duration": 3,
    "pid": 20892,
    "index": 24
  },
  {
    "name": "Require(20) node_modules/egg-jsonp/app/extend/application.js",
    "start": 1622012517173,
    "end": 1622012517175,
    "duration": 2,
    "pid": 20892,
    "index": 25
  },
  {
    "name": "Require(21) node_modules/egg-logrotator/app/extend/application.js",
    "start": 1622012517179,
    "end": 1622012517182,
    "duration": 3,
    "pid": 20892,
    "index": 26
  },
  {
    "name": "Require(22) node_modules/egg-view/app/extend/application.js",
    "start": 1622012517183,
    "end": 1622012517186,
    "duration": 3,
    "pid": 20892,
    "index": 27
  },
  {
    "name": "Require(23) node_modules/egg-view-nunjucks/app/extend/application.js",
    "start": 1622012517187,
    "end": 1622012517235,
    "duration": 48,
    "pid": 20892,
    "index": 28
  },
  {
    "name": "Load extend/request.js",
    "start": 1622012517248,
    "end": 1622012517270,
    "duration": 22,
    "pid": 20892,
    "index": 29
  },
  {
    "name": "Require(24) node_modules/egg/app/extend/request.js",
    "start": 1622012517256,
    "end": 1622012517258,
    "duration": 2,
    "pid": 20892,
    "index": 30
  },
  {
    "name": "Load extend/response.js",
    "start": 1622012517270,
    "end": 1622012517290,
    "duration": 20,
    "pid": 20892,
    "index": 31
  },
  {
    "name": "Require(25) node_modules/egg/app/extend/response.js",
    "start": 1622012517278,
    "end": 1622012517280,
    "duration": 2,
    "pid": 20892,
    "index": 32
  },
  {
    "name": "Load extend/context.js",
    "start": 1622012517290,
    "end": 1622012517412,
    "duration": 122,
    "pid": 20892,
    "index": 33
  },
  {
    "name": "Require(26) node_modules/egg-security/app/extend/context.js",
    "start": 1622012517291,
    "end": 1622012517311,
    "duration": 20,
    "pid": 20892,
    "index": 34
  },
  {
    "name": "Require(27) node_modules/egg-jsonp/app/extend/context.js",
    "start": 1622012517312,
    "end": 1622012517315,
    "duration": 3,
    "pid": 20892,
    "index": 35
  },
  {
    "name": "Require(28) node_modules/egg-i18n/app/extend/context.js",
    "start": 1622012517317,
    "end": 1622012517317,
    "duration": 0,
    "pid": 20892,
    "index": 36
  },
  {
    "name": "Require(29) node_modules/egg-multipart/app/extend/context.js",
    "start": 1622012517319,
    "end": 1622012517391,
    "duration": 72,
    "pid": 20892,
    "index": 37
  },
  {
    "name": "Require(30) node_modules/egg-view/app/extend/context.js",
    "start": 1622012517393,
    "end": 1622012517395,
    "duration": 2,
    "pid": 20892,
    "index": 38
  },
  {
    "name": "Require(31) node_modules/egg-mongoose/app/extend/context.js",
    "start": 1622012517398,
    "end": 1622012517399,
    "duration": 1,
    "pid": 20892,
    "index": 39
  },
  {
    "name": "Require(32) node_modules/egg/app/extend/context.js",
    "start": 1622012517400,
    "end": 1622012517401,
    "duration": 1,
    "pid": 20892,
    "index": 40
  },
  {
    "name": "Load extend/helper.js",
    "start": 1622012517412,
    "end": 1622012517466,
    "duration": 54,
    "pid": 20892,
    "index": 41
  },
  {
    "name": "Require(33) node_modules/egg-security/app/extend/helper.js",
    "start": 1622012517413,
    "end": 1622012517446,
    "duration": 33,
    "pid": 20892,
    "index": 42
  },
  {
    "name": "Require(34) node_modules/egg/app/extend/helper.js",
    "start": 1622012517453,
    "end": 1622012517453,
    "duration": 0,
    "pid": 20892,
    "index": 43
  },
  {
    "name": "Require(35) app/extend/helper.js",
    "start": 1622012517454,
    "end": 1622012517458,
    "duration": 4,
    "pid": 20892,
    "index": 44
  },
  {
    "name": "Load app.js",
    "start": 1622012517466,
    "end": 1622012517538,
    "duration": 72,
    "pid": 20892,
    "index": 45
  },
  {
    "name": "Require(36) node_modules/egg-session/app.js",
    "start": 1622012517467,
    "end": 1622012517467,
    "duration": 0,
    "pid": 20892,
    "index": 46
  },
  {
    "name": "Require(37) node_modules/egg-security/app.js",
    "start": 1622012517468,
    "end": 1622012517471,
    "duration": 3,
    "pid": 20892,
    "index": 47
  },
  {
    "name": "Require(38) node_modules/egg-onerror/app.js",
    "start": 1622012517473,
    "end": 1622012517487,
    "duration": 14,
    "pid": 20892,
    "index": 48
  },
  {
    "name": "Require(39) node_modules/egg-i18n/app.js",
    "start": 1622012517488,
    "end": 1622012517517,
    "duration": 29,
    "pid": 20892,
    "index": 49
  },
  {
    "name": "Require(40) node_modules/egg-watcher/app.js",
    "start": 1622012517518,
    "end": 1622012517525,
    "duration": 7,
    "pid": 20892,
    "index": 50
  },
  {
    "name": "Require(41) node_modules/egg-schedule/app.js",
    "start": 1622012517525,
    "end": 1622012517528,
    "duration": 3,
    "pid": 20892,
    "index": 51
  },
  {
    "name": "Require(42) node_modules/egg-multipart/app.js",
    "start": 1622012517528,
    "end": 1622012517529,
    "duration": 1,
    "pid": 20892,
    "index": 52
  },
  {
    "name": "Require(43) node_modules/egg-logrotator/app.js",
    "start": 1622012517530,
    "end": 1622012517530,
    "duration": 0,
    "pid": 20892,
    "index": 53
  },
  {
    "name": "Require(44) node_modules/egg-static/app.js",
    "start": 1622012517531,
    "end": 1622012517532,
    "duration": 1,
    "pid": 20892,
    "index": 54
  },
  {
    "name": "Require(45) node_modules/egg-view-nunjucks/app.js",
    "start": 1622012517533,
    "end": 1622012517534,
    "duration": 1,
    "pid": 20892,
    "index": 55
  },
  {
    "name": "Require(46) node_modules/egg-view-ejs/app.js",
    "start": 1622012517534,
    "end": 1622012517535,
    "duration": 1,
    "pid": 20892,
    "index": 56
  },
  {
    "name": "Require(47) node_modules/egg-mongoose/app.js",
    "start": 1622012517535,
    "end": 1622012517536,
    "duration": 1,
    "pid": 20892,
    "index": 57
  },
  {
    "name": "Before Start in node_modules/egg-watcher/lib/init.js:15:14",
    "start": 1622012517553,
    "end": 1622012519101,
    "duration": 1548,
    "pid": 20892,
    "index": 58
  },
  {
    "name": "Before Start in node_modules/egg-mongoose/lib/mongoose.js:104:7",
    "start": 1622012518341,
    "end": 1622012519250,
    "duration": 909,
    "pid": 20892,
    "index": 59
  },
  {
    "name": "Before Start in node_modules/egg-mongoose/lib/mongoose.js:52:9",
    "start": 1622012518342,
    "end": 1622012519088,
    "duration": 746,
    "pid": 20892,
    "index": 60
  },
  {
    "name": "Load Service",
    "start": 1622012518342,
    "end": 1622012518792,
    "duration": 450,
    "pid": 20892,
    "index": 61
  },
  {
    "name": "Load \"service\" to Context",
    "start": 1622012518342,
    "end": 1622012518792,
    "duration": 450,
    "pid": 20892,
    "index": 62
  },
  {
    "name": "Load Middleware",
    "start": 1622012518792,
    "end": 1622012518998,
    "duration": 206,
    "pid": 20892,
    "index": 63
  },
  {
    "name": "Load \"middlewares\" to Application",
    "start": 1622012518792,
    "end": 1622012518981,
    "duration": 189,
    "pid": 20892,
    "index": 64
  },
  {
    "name": "Load Controller",
    "start": 1622012518998,
    "end": 1622012519030,
    "duration": 32,
    "pid": 20892,
    "index": 65
  },
  {
    "name": "Load \"controller\" to Application",
    "start": 1622012518998,
    "end": 1622012519030,
    "duration": 32,
    "pid": 20892,
    "index": 66
  },
  {
    "name": "Load Router",
    "start": 1622012519030,
    "end": 1622012519037,
    "duration": 7,
    "pid": 20892,
    "index": 67
  },
  {
    "name": "Require(48) app/router.js",
    "start": 1622012519031,
    "end": 1622012519031,
    "duration": 0,
    "pid": 20892,
    "index": 68
  },
  {
    "name": "Before Start in node_modules/egg-core/lib/egg.js:303:10",
    "start": 1622012519033,
    "end": 1622012519088,
    "duration": 55,
    "pid": 20892,
    "index": 69
  },
  {
    "name": "Load \"model\" to Application",
    "start": 1622012519048,
    "end": 1622012519087,
    "duration": 39,
    "pid": 20892,
    "index": 70
  }
]