[
  {
    "name": "Process Start",
    "start": 1622012515280,
    "end": 1622012516701,
    "duration": 1421,
    "pid": 17300,
    "index": 0
  },
  {
    "name": "Application Start",
    "start": 1622012516703,
    "end": 1622012519042,
    "duration": 2339,
    "pid": 17300,
    "index": 1
  },
  {
    "name": "Load Plugin",
    "start": 1622012516716,
    "end": 1622012516785,
    "duration": 69,
    "pid": 17300,
    "index": 2
  },
  {
    "name": "Load Config",
    "start": 1622012516785,
    "end": 1622012516833,
    "duration": 48,
    "pid": 17300,
    "index": 3
  },
  {
    "name": "Require(0) config/config.default.js",
    "start": 1622012516786,
    "end": 1622012516787,
    "duration": 1,
    "pid": 17300,
    "index": 4
  },
  {
    "name": "Require(1) node_modules/egg-session/config/config.default.js",
    "start": 1622012516790,
    "end": 1622012516791,
    "duration": 1,
    "pid": 17300,
    "index": 5
  },
  {
    "name": "Require(2) node_modules/egg-security/config/config.default.js",
    "start": 1622012516792,
    "end": 1622012516793,
    "duration": 1,
    "pid": 17300,
    "index": 6
  },
  {
    "name": "Require(3) node_modules/egg-jsonp/config/config.default.js",
    "start": 1622012516794,
    "end": 1622012516795,
    "duration": 1,
    "pid": 17300,
    "index": 7
  },
  {
    "name": "Require(4) node_modules/egg-onerror/config/config.default.js",
    "start": 1622012516796,
    "end": 1622012516797,
    "duration": 1,
    "pid": 17300,
    "index": 8
  },
  {
    "name": "Require(5) node_modules/egg-i18n/config/config.default.js",
    "start": 1622012516798,
    "end": 1622012516799,
    "duration": 1,
    "pid": 17300,
    "index": 9
  },
  {
    "name": "Require(6) node_modules/egg-watcher/config/config.default.js",
    "start": 1622012516801,
    "end": 1622012516802,
    "duration": 1,
    "pid": 17300,
    "index": 10
  },
  {
    "name": "Require(7) node_modules/egg-schedule/config/config.default.js",
    "start": 1622012516803,
    "end": 1622012516804,
    "duration": 1,
    "pid": 17300,
    "index": 11
  },
  {
    "name": "Require(8) node_modules/egg-multipart/config/config.default.js",
    "start": 1622012516805,
    "end": 1622012516806,
    "duration": 1,
    "pid": 17300,
    "index": 12
  },
  {
    "name": "Require(9) node_modules/egg-logrotator/config/config.default.js",
    "start": 1622012516807,
    "end": 1622012516808,
    "duration": 1,
    "pid": 17300,
    "index": 13
  },
  {
    "name": "Require(10) node_modules/egg-static/config/config.default.js",
    "start": 1622012516809,
    "end": 1622012516809,
    "duration": 0,
    "pid": 17300,
    "index": 14
  },
  {
    "name": "Require(11) node_modules/egg-view/config/config.default.js",
    "start": 1622012516810,
    "end": 1622012516812,
    "duration": 2,
    "pid": 17300,
    "index": 15
  },
  {
    "name": "Require(12) node_modules/egg-view-nunjucks/config/config.default.js",
    "start": 1622012516816,
    "end": 1622012516817,
    "duration": 1,
    "pid": 17300,
    "index": 16
  },
  {
    "name": "Require(13) node_modules/egg-view-ejs/config/config.default.js",
    "start": 1622012516818,
    "end": 1622012516819,
    "duration": 1,
    "pid": 17300,
    "index": 17
  },
  {
    "name": "Require(14) node_modules/egg-mongoose/config/config.default.js",
    "start": 1622012516820,
    "end": 1622012516821,
    "duration": 1,
    "pid": 17300,
    "index": 18
  },
  {
    "name": "Require(15) node_modules/egg/config/config.default.js",
    "start": 1622012516822,
    "end": 1622012516822,
    "duration": 0,
    "pid": 17300,
    "index": 19
  },
  {
    "name": "Require(16) config/config.default.js",
    "start": 1622012516824,
    "end": 1622012516824,
    "duration": 0,
    "pid": 17300,
    "index": 20
  },
  {
    "name": "Require(17) node_modules/egg-static/config/config.prod.js",
    "start": 1622012516830,
    "end": 1622012516830,
    "duration": 0,
    "pid": 17300,
    "index": 21
  },
  {
    "name": "Load extend/application.js",
    "start": 1622012516835,
    "end": 1622012516922,
    "duration": 87,
    "pid": 17300,
    "index": 22
  },
  {
    "name": "Require(18) node_modules/egg-session/app/extend/application.js",
    "start": 1622012516837,
    "end": 1622012516837,
    "duration": 0,
    "pid": 17300,
    "index": 23
  },
  {
    "name": "Require(19) node_modules/egg-security/app/extend/application.js",
    "start": 1622012516838,
    "end": 1622012516841,
    "duration": 3,
    "pid": 17300,
    "index": 24
  },
  {
    "name": "Require(20) node_modules/egg-jsonp/app/extend/application.js",
    "start": 1622012516842,
    "end": 1622012516845,
    "duration": 3,
    "pid": 17300,
    "index": 25
  },
  {
    "name": "Require(21) node_modules/egg-logrotator/app/extend/application.js",
    "start": 1622012516849,
    "end": 1622012516852,
    "duration": 3,
    "pid": 17300,
    "index": 26
  },
  {
    "name": "Require(22) node_modules/egg-view/app/extend/application.js",
    "start": 1622012516854,
    "end": 1622012516857,
    "duration": 3,
    "pid": 17300,
    "index": 27
  },
  {
    "name": "Require(23) node_modules/egg-view-nunjucks/app/extend/application.js",
    "start": 1622012516858,
    "end": 1622012516910,
    "duration": 52,
    "pid": 17300,
    "index": 28
  },
  {
    "name": "Load extend/request.js",
    "start": 1622012516922,
    "end": 1622012516942,
    "duration": 20,
    "pid": 17300,
    "index": 29
  },
  {
    "name": "Require(24) node_modules/egg/app/extend/request.js",
    "start": 1622012516932,
    "end": 1622012516933,
    "duration": 1,
    "pid": 17300,
    "index": 30
  },
  {
    "name": "Load extend/response.js",
    "start": 1622012516942,
    "end": 1622012516967,
    "duration": 25,
    "pid": 17300,
    "index": 31
  },
  {
    "name": "Require(25) node_modules/egg/app/extend/response.js",
    "start": 1622012516951,
    "end": 1622012516954,
    "duration": 3,
    "pid": 17300,
    "index": 32
  },
  {
    "name": "Load extend/context.js",
    "start": 1622012516967,
    "end": 1622012517092,
    "duration": 125,
    "pid": 17300,
    "index": 33
  },
  {
    "name": "Require(26) node_modules/egg-security/app/extend/context.js",
    "start": 1622012516969,
    "end": 1622012516992,
    "duration": 23,
    "pid": 17300,
    "index": 34
  },
  {
    "name": "Require(27) node_modules/egg-jsonp/app/extend/context.js",
    "start": 1622012516993,
    "end": 1622012516997,
    "duration": 4,
    "pid": 17300,
    "index": 35
  },
  {
    "name": "Require(28) node_modules/egg-i18n/app/extend/context.js",
    "start": 1622012516998,
    "end": 1622012516999,
    "duration": 1,
    "pid": 17300,
    "index": 36
  },
  {
    "name": "Require(29) node_modules/egg-multipart/app/extend/context.js",
    "start": 1622012517001,
    "end": 1622012517072,
    "duration": 71,
    "pid": 17300,
    "index": 37
  },
  {
    "name": "Require(30) node_modules/egg-view/app/extend/context.js",
    "start": 1622012517074,
    "end": 1622012517076,
    "duration": 2,
    "pid": 17300,
    "index": 38
  },
  {
    "name": "Require(31) node_modules/egg-mongoose/app/extend/context.js",
    "start": 1622012517080,
    "end": 1622012517081,
    "duration": 1,
    "pid": 17300,
    "index": 39
  },
  {
    "name": "Require(32) node_modules/egg/app/extend/context.js",
    "start": 1622012517081,
    "end": 1622012517082,
    "duration": 1,
    "pid": 17300,
    "index": 40
  },
  {
    "name": "Load extend/helper.js",
    "start": 1622012517092,
    "end": 1622012517152,
    "duration": 60,
    "pid": 17300,
    "index": 41
  },
  {
    "name": "Require(33) node_modules/egg-security/app/extend/helper.js",
    "start": 1622012517093,
    "end": 1622012517130,
    "duration": 37,
    "pid": 17300,
    "index": 42
  },
  {
    "name": "Require(34) node_modules/egg/app/extend/helper.js",
    "start": 1622012517137,
    "end": 1622012517138,
    "duration": 1,
    "pid": 17300,
    "index": 43
  },
  {
    "name": "Require(35) app/extend/helper.js",
    "start": 1622012517139,
    "end": 1622012517144,
    "duration": 5,
    "pid": 17300,
    "index": 44
  },
  {
    "name": "Load app.js",
    "start": 1622012517153,
    "end": 1622012517231,
    "duration": 78,
    "pid": 17300,
    "index": 45
  },
  {
    "name": "Require(36) node_modules/egg-session/app.js",
    "start": 1622012517153,
    "end": 1622012517154,
    "duration": 1,
    "pid": 17300,
    "index": 46
  },
  {
    "name": "Require(37) node_modules/egg-security/app.js",
    "start": 1622012517154,
    "end": 1622012517157,
    "duration": 3,
    "pid": 17300,
    "index": 47
  },
  {
    "name": "Require(38) node_modules/egg-onerror/app.js",
    "start": 1622012517158,
    "end": 1622012517175,
    "duration": 17,
    "pid": 17300,
    "index": 48
  },
  {
    "name": "Require(39) node_modules/egg-i18n/app.js",
    "start": 1622012517176,
    "end": 1622012517208,
    "duration": 32,
    "pid": 17300,
    "index": 49
  },
  {
    "name": "Require(40) node_modules/egg-watcher/app.js",
    "start": 1622012517210,
    "end": 1622012517218,
    "duration": 8,
    "pid": 17300,
    "index": 50
  },
  {
    "name": "Require(41) node_modules/egg-schedule/app.js",
    "start": 1622012517218,
    "end": 1622012517221,
    "duration": 3,
    "pid": 17300,
    "index": 51
  },
  {
    "name": "Require(42) node_modules/egg-multipart/app.js",
    "start": 1622012517222,
    "end": 1622012517223,
    "duration": 1,
    "pid": 17300,
    "index": 52
  },
  {
    "name": "Require(43) node_modules/egg-logrotator/app.js",
    "start": 1622012517224,
    "end": 1622012517224,
    "duration": 0,
    "pid": 17300,
    "index": 53
  },
  {
    "name": "Require(44) node_modules/egg-static/app.js",
    "start": 1622012517225,
    "end": 1622012517225,
    "duration": 0,
    "pid": 17300,
    "index": 54
  },
  {
    "name": "Require(45) node_modules/egg-view-nunjucks/app.js",
    "start": 1622012517227,
    "end": 1622012517227,
    "duration": 0,
    "pid": 17300,
    "index": 55
  },
  {
    "name": "Require(46) node_modules/egg-view-ejs/app.js",
    "start": 1622012517228,
    "end": 1622012517228,
    "duration": 0,
    "pid": 17300,
    "index": 56
  },
  {
    "name": "Require(47) node_modules/egg-mongoose/app.js",
    "start": 1622012517229,
    "end": 1622012517229,
    "duration": 0,
    "pid": 17300,
    "index": 57
  },
  {
    "name": "Before Start in node_modules/egg-watcher/lib/init.js:15:14",
    "start": 1622012517248,
    "end": 1622012518845,
    "duration": 1597,
    "pid": 17300,
    "index": 58
  },
  {
    "name": "Before Start in node_modules/egg-mongoose/lib/mongoose.js:104:7",
    "start": 1622012518026,
    "end": 1622012519041,
    "duration": 1015,
    "pid": 17300,
    "index": 59
  },
  {
    "name": "Before Start in node_modules/egg-mongoose/lib/mongoose.js:52:9",
    "start": 1622012518026,
    "end": 1622012518829,
    "duration": 803,
    "pid": 17300,
    "index": 60
  },
  {
    "name": "Load Service",
    "start": 1622012518026,
    "end": 1622012518493,
    "duration": 467,
    "pid": 17300,
    "index": 61
  },
  {
    "name": "Load \"service\" to Context",
    "start": 1622012518026,
    "end": 1622012518493,
    "duration": 467,
    "pid": 17300,
    "index": 62
  },
  {
    "name": "Load Middleware",
    "start": 1622012518493,
    "end": 1622012518726,
    "duration": 233,
    "pid": 17300,
    "index": 63
  },
  {
    "name": "Load \"middlewares\" to Application",
    "start": 1622012518493,
    "end": 1622012518704,
    "duration": 211,
    "pid": 17300,
    "index": 64
  },
  {
    "name": "Load Controller",
    "start": 1622012518726,
    "end": 1622012518760,
    "duration": 34,
    "pid": 17300,
    "index": 65
  },
  {
    "name": "Load \"controller\" to Application",
    "start": 1622012518726,
    "end": 1622012518760,
    "duration": 34,
    "pid": 17300,
    "index": 66
  },
  {
    "name": "Load Router",
    "start": 1622012518760,
    "end": 1622012518767,
    "duration": 7,
    "pid": 17300,
    "index": 67
  },
  {
    "name": "Require(48) app/router.js",
    "start": 1622012518761,
    "end": 1622012518761,
    "duration": 0,
    "pid": 17300,
    "index": 68
  },
  {
    "name": "Before Start in node_modules/egg-core/lib/egg.js:303:10",
    "start": 1622012518763,
    "end": 1622012518829,
    "duration": 66,
    "pid": 17300,
    "index": 69
  },
  {
    "name": "Load \"model\" to Application",
    "start": 1622012518779,
    "end": 1622012518828,
    "duration": 49,
    "pid": 17300,
    "index": 70
  }
]