[
  {
    "name": "Process Start",
    "start": 1622012515682,
    "end": 1622012517201,
    "duration": 1519,
    "pid": 10332,
    "index": 0
  },
  {
    "name": "Application Start",
    "start": 1622012517202,
    "end": 1622012519331,
    "duration": 2129,
    "pid": 10332,
    "index": 1
  },
  {
    "name": "Load Plugin",
    "start": 1622012517213,
    "end": 1622012517274,
    "duration": 61,
    "pid": 10332,
    "index": 2
  },
  {
    "name": "Load Config",
    "start": 1622012517274,
    "end": 1622012517317,
    "duration": 43,
    "pid": 10332,
    "index": 3
  },
  {
    "name": "Require(0) config/config.default.js",
    "start": 1622012517276,
    "end": 1622012517276,
    "duration": 0,
    "pid": 10332,
    "index": 4
  },
  {
    "name": "Require(1) node_modules/egg-session/config/config.default.js",
    "start": 1622012517279,
    "end": 1622012517280,
    "duration": 1,
    "pid": 10332,
    "index": 5
  },
  {
    "name": "Require(2) node_modules/egg-security/config/config.default.js",
    "start": 1622012517281,
    "end": 1622012517282,
    "duration": 1,
    "pid": 10332,
    "index": 6
  },
  {
    "name": "Require(3) node_modules/egg-jsonp/config/config.default.js",
    "start": 1622012517284,
    "end": 1622012517285,
    "duration": 1,
    "pid": 10332,
    "index": 7
  },
  {
    "name": "Require(4) node_modules/egg-onerror/config/config.default.js",
    "start": 1622012517286,
    "end": 1622012517287,
    "duration": 1,
    "pid": 10332,
    "index": 8
  },
  {
    "name": "Require(5) node_modules/egg-i18n/config/config.default.js",
    "start": 1622012517288,
    "end": 1622012517288,
    "duration": 0,
    "pid": 10332,
    "index": 9
  },
  {
    "name": "Require(6) node_modules/egg-watcher/config/config.default.js",
    "start": 1622012517289,
    "end": 1622012517290,
    "duration": 1,
    "pid": 10332,
    "index": 10
  },
  {
    "name": "Require(7) node_modules/egg-schedule/config/config.default.js",
    "start": 1622012517291,
    "end": 1622012517292,
    "duration": 1,
    "pid": 10332,
    "index": 11
  },
  {
    "name": "Require(8) node_modules/egg-multipart/config/config.default.js",
    "start": 1622012517293,
    "end": 1622012517294,
    "duration": 1,
    "pid": 10332,
    "index": 12
  },
  {
    "name": "Require(9) node_modules/egg-logrotator/config/config.default.js",
    "start": 1622012517295,
    "end": 1622012517296,
    "duration": 1,
    "pid": 10332,
    "index": 13
  },
  {
    "name": "Require(10) node_modules/egg-static/config/config.default.js",
    "start": 1622012517297,
    "end": 1622012517297,
    "duration": 0,
    "pid": 10332,
    "index": 14
  },
  {
    "name": "Require(11) node_modules/egg-view/config/config.default.js",
    "start": 1622012517298,
    "end": 1622012517299,
    "duration": 1,
    "pid": 10332,
    "index": 15
  },
  {
    "name": "Require(12) node_modules/egg-view-nunjucks/config/config.default.js",
    "start": 1622012517300,
    "end": 1622012517301,
    "duration": 1,
    "pid": 10332,
    "index": 16
  },
  {
    "name": "Require(13) node_modules/egg-view-ejs/config/config.default.js",
    "start": 1622012517302,
    "end": 1622012517303,
    "duration": 1,
    "pid": 10332,
    "index": 17
  },
  {
    "name": "Require(14) node_modules/egg-mongoose/config/config.default.js",
    "start": 1622012517304,
    "end": 1622012517304,
    "duration": 0,
    "pid": 10332,
    "index": 18
  },
  {
    "name": "Require(15) node_modules/egg/config/config.default.js",
    "start": 1622012517305,
    "end": 1622012517306,
    "duration": 1,
    "pid": 10332,
    "index": 19
  },
  {
    "name": "Require(16) config/config.default.js",
    "start": 1622012517307,
    "end": 1622012517307,
    "duration": 0,
    "pid": 10332,
    "index": 20
  },
  {
    "name": "Require(17) node_modules/egg-static/config/config.prod.js",
    "start": 1622012517314,
    "end": 1622012517314,
    "duration": 0,
    "pid": 10332,
    "index": 21
  },
  {
    "name": "Load extend/application.js",
    "start": 1622012517318,
    "end": 1622012517403,
    "duration": 85,
    "pid": 10332,
    "index": 22
  },
  {
    "name": "Require(18) node_modules/egg-session/app/extend/application.js",
    "start": 1622012517320,
    "end": 1622012517320,
    "duration": 0,
    "pid": 10332,
    "index": 23
  },
  {
    "name": "Require(19) node_modules/egg-security/app/extend/application.js",
    "start": 1622012517321,
    "end": 1622012517324,
    "duration": 3,
    "pid": 10332,
    "index": 24
  },
  {
    "name": "Require(20) node_modules/egg-jsonp/app/extend/application.js",
    "start": 1622012517325,
    "end": 1622012517330,
    "duration": 5,
    "pid": 10332,
    "index": 25
  },
  {
    "name": "Require(21) node_modules/egg-logrotator/app/extend/application.js",
    "start": 1622012517333,
    "end": 1622012517336,
    "duration": 3,
    "pid": 10332,
    "index": 26
  },
  {
    "name": "Require(22) node_modules/egg-view/app/extend/application.js",
    "start": 1622012517338,
    "end": 1622012517341,
    "duration": 3,
    "pid": 10332,
    "index": 27
  },
  {
    "name": "Require(23) node_modules/egg-view-nunjucks/app/extend/application.js",
    "start": 1622012517342,
    "end": 1622012517390,
    "duration": 48,
    "pid": 10332,
    "index": 28
  },
  {
    "name": "Load extend/request.js",
    "start": 1622012517403,
    "end": 1622012517421,
    "duration": 18,
    "pid": 10332,
    "index": 29
  },
  {
    "name": "Require(24) node_modules/egg/app/extend/request.js",
    "start": 1622012517412,
    "end": 1622012517413,
    "duration": 1,
    "pid": 10332,
    "index": 30
  },
  {
    "name": "Load extend/response.js",
    "start": 1622012517421,
    "end": 1622012517443,
    "duration": 22,
    "pid": 10332,
    "index": 31
  },
  {
    "name": "Require(25) node_modules/egg/app/extend/response.js",
    "start": 1622012517431,
    "end": 1622012517434,
    "duration": 3,
    "pid": 10332,
    "index": 32
  },
  {
    "name": "Load extend/context.js",
    "start": 1622012517443,
    "end": 1622012517566,
    "duration": 123,
    "pid": 10332,
    "index": 33
  },
  {
    "name": "Require(26) node_modules/egg-security/app/extend/context.js",
    "start": 1622012517444,
    "end": 1622012517464,
    "duration": 20,
    "pid": 10332,
    "index": 34
  },
  {
    "name": "Require(27) node_modules/egg-jsonp/app/extend/context.js",
    "start": 1622012517464,
    "end": 1622012517468,
    "duration": 4,
    "pid": 10332,
    "index": 35
  },
  {
    "name": "Require(28) node_modules/egg-i18n/app/extend/context.js",
    "start": 1622012517470,
    "end": 1622012517470,
    "duration": 0,
    "pid": 10332,
    "index": 36
  },
  {
    "name": "Require(29) node_modules/egg-multipart/app/extend/context.js",
    "start": 1622012517472,
    "end": 1622012517546,
    "duration": 74,
    "pid": 10332,
    "index": 37
  },
  {
    "name": "Require(30) node_modules/egg-view/app/extend/context.js",
    "start": 1622012517547,
    "end": 1622012517550,
    "duration": 3,
    "pid": 10332,
    "index": 38
  },
  {
    "name": "Require(31) node_modules/egg-mongoose/app/extend/context.js",
    "start": 1622012517552,
    "end": 1622012517553,
    "duration": 1,
    "pid": 10332,
    "index": 39
  },
  {
    "name": "Require(32) node_modules/egg/app/extend/context.js",
    "start": 1622012517553,
    "end": 1622012517554,
    "duration": 1,
    "pid": 10332,
    "index": 40
  },
  {
    "name": "Load extend/helper.js",
    "start": 1622012517566,
    "end": 1622012517624,
    "duration": 58,
    "pid": 10332,
    "index": 41
  },
  {
    "name": "Require(33) node_modules/egg-security/app/extend/helper.js",
    "start": 1622012517567,
    "end": 1622012517603,
    "duration": 36,
    "pid": 10332,
    "index": 42
  },
  {
    "name": "Require(34) node_modules/egg/app/extend/helper.js",
    "start": 1622012517609,
    "end": 1622012517610,
    "duration": 1,
    "pid": 10332,
    "index": 43
  },
  {
    "name": "Require(35) app/extend/helper.js",
    "start": 1622012517611,
    "end": 1622012517614,
    "duration": 3,
    "pid": 10332,
    "index": 44
  },
  {
    "name": "Load app.js",
    "start": 1622012517624,
    "end": 1622012517698,
    "duration": 74,
    "pid": 10332,
    "index": 45
  },
  {
    "name": "Require(36) node_modules/egg-session/app.js",
    "start": 1622012517625,
    "end": 1622012517626,
    "duration": 1,
    "pid": 10332,
    "index": 46
  },
  {
    "name": "Require(37) node_modules/egg-security/app.js",
    "start": 1622012517626,
    "end": 1622012517629,
    "duration": 3,
    "pid": 10332,
    "index": 47
  },
  {
    "name": "Require(38) node_modules/egg-onerror/app.js",
    "start": 1622012517631,
    "end": 1622012517645,
    "duration": 14,
    "pid": 10332,
    "index": 48
  },
  {
    "name": "Require(39) node_modules/egg-i18n/app.js",
    "start": 1622012517646,
    "end": 1622012517676,
    "duration": 30,
    "pid": 10332,
    "index": 49
  },
  {
    "name": "Require(40) node_modules/egg-watcher/app.js",
    "start": 1622012517676,
    "end": 1622012517684,
    "duration": 8,
    "pid": 10332,
    "index": 50
  },
  {
    "name": "Require(41) node_modules/egg-schedule/app.js",
    "start": 1622012517684,
    "end": 1622012517687,
    "duration": 3,
    "pid": 10332,
    "index": 51
  },
  {
    "name": "Require(42) node_modules/egg-multipart/app.js",
    "start": 1622012517688,
    "end": 1622012517688,
    "duration": 0,
    "pid": 10332,
    "index": 52
  },
  {
    "name": "Require(43) node_modules/egg-logrotator/app.js",
    "start": 1622012517689,
    "end": 1622012517690,
    "duration": 1,
    "pid": 10332,
    "index": 53
  },
  {
    "name": "Require(44) node_modules/egg-static/app.js",
    "start": 1622012517690,
    "end": 1622012517691,
    "duration": 1,
    "pid": 10332,
    "index": 54
  },
  {
    "name": "Require(45) node_modules/egg-view-nunjucks/app.js",
    "start": 1622012517692,
    "end": 1622012517693,
    "duration": 1,
    "pid": 10332,
    "index": 55
  },
  {
    "name": "Require(46) node_modules/egg-view-ejs/app.js",
    "start": 1622012517693,
    "end": 1622012517694,
    "duration": 1,
    "pid": 10332,
    "index": 56
  },
  {
    "name": "Require(47) node_modules/egg-mongoose/app.js",
    "start": 1622012517695,
    "end": 1622012517695,
    "duration": 0,
    "pid": 10332,
    "index": 57
  },
  {
    "name": "Before Start in node_modules/egg-watcher/lib/init.js:15:14",
    "start": 1622012517715,
    "end": 1622012519188,
    "duration": 1473,
    "pid": 10332,
    "index": 58
  },
  {
    "name": "Before Start in node_modules/egg-mongoose/lib/mongoose.js:104:7",
    "start": 1622012518512,
    "end": 1622012519331,
    "duration": 819,
    "pid": 10332,
    "index": 59
  },
  {
    "name": "Before Start in node_modules/egg-mongoose/lib/mongoose.js:52:9",
    "start": 1622012518512,
    "end": 1622012519170,
    "duration": 658,
    "pid": 10332,
    "index": 60
  },
  {
    "name": "Load Service",
    "start": 1622012518512,
    "end": 1622012518925,
    "duration": 413,
    "pid": 10332,
    "index": 61
  },
  {
    "name": "Load \"service\" to Context",
    "start": 1622012518513,
    "end": 1622012518925,
    "duration": 412,
    "pid": 10332,
    "index": 62
  },
  {
    "name": "Load Middleware",
    "start": 1622012518925,
    "end": 1622012519099,
    "duration": 174,
    "pid": 10332,
    "index": 63
  },
  {
    "name": "Load \"middlewares\" to Application",
    "start": 1622012518926,
    "end": 1622012519083,
    "duration": 157,
    "pid": 10332,
    "index": 64
  },
  {
    "name": "Load Controller",
    "start": 1622012519099,
    "end": 1622012519123,
    "duration": 24,
    "pid": 10332,
    "index": 65
  },
  {
    "name": "Load \"controller\" to Application",
    "start": 1622012519099,
    "end": 1622012519123,
    "duration": 24,
    "pid": 10332,
    "index": 66
  },
  {
    "name": "Load Router",
    "start": 1622012519123,
    "end": 1622012519128,
    "duration": 5,
    "pid": 10332,
    "index": 67
  },
  {
    "name": "Require(48) app/router.js",
    "start": 1622012519124,
    "end": 1622012519124,
    "duration": 0,
    "pid": 10332,
    "index": 68
  },
  {
    "name": "Before Start in node_modules/egg-core/lib/egg.js:303:10",
    "start": 1622012519125,
    "end": 1622012519170,
    "duration": 45,
    "pid": 10332,
    "index": 69
  },
  {
    "name": "Load \"model\" to Application",
    "start": 1622012519136,
    "end": 1622012519170,
    "duration": 34,
    "pid": 10332,
    "index": 70
  }
]