[
  {
    "name": "Process Start",
    "start": 1622012515131,
    "end": 1622012516472,
    "duration": 1341,
    "pid": 22924,
    "index": 0
  },
  {
    "name": "Application Start",
    "start": 1622012516474,
    "end": 1622012518821,
    "duration": 2347,
    "pid": 22924,
    "index": 1
  },
  {
    "name": "Load Plugin",
    "start": 1622012516485,
    "end": 1622012516543,
    "duration": 58,
    "pid": 22924,
    "index": 2
  },
  {
    "name": "Load Config",
    "start": 1622012516543,
    "end": 1622012516585,
    "duration": 42,
    "pid": 22924,
    "index": 3
  },
  {
    "name": "Require(0) config/config.default.js",
    "start": 1622012516544,
    "end": 1622012516545,
    "duration": 1,
    "pid": 22924,
    "index": 4
  },
  {
    "name": "Require(1) node_modules/egg-session/config/config.default.js",
    "start": 1622012516547,
    "end": 1622012516548,
    "duration": 1,
    "pid": 22924,
    "index": 5
  },
  {
    "name": "Require(2) node_modules/egg-security/config/config.default.js",
    "start": 1622012516549,
    "end": 1622012516550,
    "duration": 1,
    "pid": 22924,
    "index": 6
  },
  {
    "name": "Require(3) node_modules/egg-jsonp/config/config.default.js",
    "start": 1622012516551,
    "end": 1622012516552,
    "duration": 1,
    "pid": 22924,
    "index": 7
  },
  {
    "name": "Require(4) node_modules/egg-onerror/config/config.default.js",
    "start": 1622012516553,
    "end": 1622012516554,
    "duration": 1,
    "pid": 22924,
    "index": 8
  },
  {
    "name": "Require(5) node_modules/egg-i18n/config/config.default.js",
    "start": 1622012516555,
    "end": 1622012516556,
    "duration": 1,
    "pid": 22924,
    "index": 9
  },
  {
    "name": "Require(6) node_modules/egg-watcher/config/config.default.js",
    "start": 1622012516557,
    "end": 1622012516558,
    "duration": 1,
    "pid": 22924,
    "index": 10
  },
  {
    "name": "Require(7) node_modules/egg-schedule/config/config.default.js",
    "start": 1622012516559,
    "end": 1622012516560,
    "duration": 1,
    "pid": 22924,
    "index": 11
  },
  {
    "name": "Require(8) node_modules/egg-multipart/config/config.default.js",
    "start": 1622012516561,
    "end": 1622012516562,
    "duration": 1,
    "pid": 22924,
    "index": 12
  },
  {
    "name": "Require(9) node_modules/egg-logrotator/config/config.default.js",
    "start": 1622012516563,
    "end": 1622012516564,
    "duration": 1,
    "pid": 22924,
    "index": 13
  },
  {
    "name": "Require(10) node_modules/egg-static/config/config.default.js",
    "start": 1622012516565,
    "end": 1622012516566,
    "duration": 1,
    "pid": 22924,
    "index": 14
  },
  {
    "name": "Require(11) node_modules/egg-view/config/config.default.js",
    "start": 1622012516567,
    "end": 1622012516568,
    "duration": 1,
    "pid": 22924,
    "index": 15
  },
  {
    "name": "Require(12) node_modules/egg-view-nunjucks/config/config.default.js",
    "start": 1622012516569,
    "end": 1622012516570,
    "duration": 1,
    "pid": 22924,
    "index": 16
  },
  {
    "name": "Require(13) node_modules/egg-view-ejs/config/config.default.js",
    "start": 1622012516571,
    "end": 1622012516571,
    "duration": 0,
    "pid": 22924,
    "index": 17
  },
  {
    "name": "Require(14) node_modules/egg-mongoose/config/config.default.js",
    "start": 1622012516572,
    "end": 1622012516573,
    "duration": 1,
    "pid": 22924,
    "index": 18
  },
  {
    "name": "Require(15) node_modules/egg/config/config.default.js",
    "start": 1622012516574,
    "end": 1622012516575,
    "duration": 1,
    "pid": 22924,
    "index": 19
  },
  {
    "name": "Require(16) config/config.default.js",
    "start": 1622012516576,
    "end": 1622012516576,
    "duration": 0,
    "pid": 22924,
    "index": 20
  },
  {
    "name": "Require(17) node_modules/egg-static/config/config.prod.js",
    "start": 1622012516582,
    "end": 1622012516582,
    "duration": 0,
    "pid": 22924,
    "index": 21
  },
  {
    "name": "Load extend/application.js",
    "start": 1622012516586,
    "end": 1622012516670,
    "duration": 84,
    "pid": 22924,
    "index": 22
  },
  {
    "name": "Require(18) node_modules/egg-session/app/extend/application.js",
    "start": 1622012516588,
    "end": 1622012516589,
    "duration": 1,
    "pid": 22924,
    "index": 23
  },
  {
    "name": "Require(19) node_modules/egg-security/app/extend/application.js",
    "start": 1622012516590,
    "end": 1622012516592,
    "duration": 2,
    "pid": 22924,
    "index": 24
  },
  {
    "name": "Require(20) node_modules/egg-jsonp/app/extend/application.js",
    "start": 1622012516593,
    "end": 1622012516596,
    "duration": 3,
    "pid": 22924,
    "index": 25
  },
  {
    "name": "Require(21) node_modules/egg-logrotator/app/extend/application.js",
    "start": 1622012516600,
    "end": 1622012516605,
    "duration": 5,
    "pid": 22924,
    "index": 26
  },
  {
    "name": "Require(22) node_modules/egg-view/app/extend/application.js",
    "start": 1622012516606,
    "end": 1622012516609,
    "duration": 3,
    "pid": 22924,
    "index": 27
  },
  {
    "name": "Require(23) node_modules/egg-view-nunjucks/app/extend/application.js",
    "start": 1622012516610,
    "end": 1622012516658,
    "duration": 48,
    "pid": 22924,
    "index": 28
  },
  {
    "name": "Load extend/request.js",
    "start": 1622012516670,
    "end": 1622012516691,
    "duration": 21,
    "pid": 22924,
    "index": 29
  },
  {
    "name": "Require(24) node_modules/egg/app/extend/request.js",
    "start": 1622012516681,
    "end": 1622012516682,
    "duration": 1,
    "pid": 22924,
    "index": 30
  },
  {
    "name": "Load extend/response.js",
    "start": 1622012516691,
    "end": 1622012516716,
    "duration": 25,
    "pid": 22924,
    "index": 31
  },
  {
    "name": "Require(25) node_modules/egg/app/extend/response.js",
    "start": 1622012516702,
    "end": 1622012516706,
    "duration": 4,
    "pid": 22924,
    "index": 32
  },
  {
    "name": "Load extend/context.js",
    "start": 1622012516716,
    "end": 1622012516847,
    "duration": 131,
    "pid": 22924,
    "index": 33
  },
  {
    "name": "Require(26) node_modules/egg-security/app/extend/context.js",
    "start": 1622012516717,
    "end": 1622012516745,
    "duration": 28,
    "pid": 22924,
    "index": 34
  },
  {
    "name": "Require(27) node_modules/egg-jsonp/app/extend/context.js",
    "start": 1622012516745,
    "end": 1622012516749,
    "duration": 4,
    "pid": 22924,
    "index": 35
  },
  {
    "name": "Require(28) node_modules/egg-i18n/app/extend/context.js",
    "start": 1622012516751,
    "end": 1622012516751,
    "duration": 0,
    "pid": 22924,
    "index": 36
  },
  {
    "name": "Require(29) node_modules/egg-multipart/app/extend/context.js",
    "start": 1622012516753,
    "end": 1622012516828,
    "duration": 75,
    "pid": 22924,
    "index": 37
  },
  {
    "name": "Require(30) node_modules/egg-view/app/extend/context.js",
    "start": 1622012516830,
    "end": 1622012516832,
    "duration": 2,
    "pid": 22924,
    "index": 38
  },
  {
    "name": "Require(31) node_modules/egg-mongoose/app/extend/context.js",
    "start": 1622012516835,
    "end": 1622012516836,
    "duration": 1,
    "pid": 22924,
    "index": 39
  },
  {
    "name": "Require(32) node_modules/egg/app/extend/context.js",
    "start": 1622012516837,
    "end": 1622012516838,
    "duration": 1,
    "pid": 22924,
    "index": 40
  },
  {
    "name": "Load extend/helper.js",
    "start": 1622012516847,
    "end": 1622012516907,
    "duration": 60,
    "pid": 22924,
    "index": 41
  },
  {
    "name": "Require(33) node_modules/egg-security/app/extend/helper.js",
    "start": 1622012516848,
    "end": 1622012516884,
    "duration": 36,
    "pid": 22924,
    "index": 42
  },
  {
    "name": "Require(34) node_modules/egg/app/extend/helper.js",
    "start": 1622012516891,
    "end": 1622012516892,
    "duration": 1,
    "pid": 22924,
    "index": 43
  },
  {
    "name": "Require(35) app/extend/helper.js",
    "start": 1622012516893,
    "end": 1622012516898,
    "duration": 5,
    "pid": 22924,
    "index": 44
  },
  {
    "name": "Load app.js",
    "start": 1622012516908,
    "end": 1622012516985,
    "duration": 77,
    "pid": 22924,
    "index": 45
  },
  {
    "name": "Require(36) node_modules/egg-session/app.js",
    "start": 1622012516908,
    "end": 1622012516909,
    "duration": 1,
    "pid": 22924,
    "index": 46
  },
  {
    "name": "Require(37) node_modules/egg-security/app.js",
    "start": 1622012516909,
    "end": 1622012516912,
    "duration": 3,
    "pid": 22924,
    "index": 47
  },
  {
    "name": "Require(38) node_modules/egg-onerror/app.js",
    "start": 1622012516914,
    "end": 1622012516928,
    "duration": 14,
    "pid": 22924,
    "index": 48
  },
  {
    "name": "Require(39) node_modules/egg-i18n/app.js",
    "start": 1622012516929,
    "end": 1622012516958,
    "duration": 29,
    "pid": 22924,
    "index": 49
  },
  {
    "name": "Require(40) node_modules/egg-watcher/app.js",
    "start": 1622012516959,
    "end": 1622012516970,
    "duration": 11,
    "pid": 22924,
    "index": 50
  },
  {
    "name": "Require(41) node_modules/egg-schedule/app.js",
    "start": 1622012516971,
    "end": 1622012516974,
    "duration": 3,
    "pid": 22924,
    "index": 51
  },
  {
    "name": "Require(42) node_modules/egg-multipart/app.js",
    "start": 1622012516975,
    "end": 1622012516975,
    "duration": 0,
    "pid": 22924,
    "index": 52
  },
  {
    "name": "Require(43) node_modules/egg-logrotator/app.js",
    "start": 1622012516976,
    "end": 1622012516977,
    "duration": 1,
    "pid": 22924,
    "index": 53
  },
  {
    "name": "Require(44) node_modules/egg-static/app.js",
    "start": 1622012516978,
    "end": 1622012516978,
    "duration": 0,
    "pid": 22924,
    "index": 54
  },
  {
    "name": "Require(45) node_modules/egg-view-nunjucks/app.js",
    "start": 1622012516980,
    "end": 1622012516980,
    "duration": 0,
    "pid": 22924,
    "index": 55
  },
  {
    "name": "Require(46) node_modules/egg-view-ejs/app.js",
    "start": 1622012516981,
    "end": 1622012516982,
    "duration": 1,
    "pid": 22924,
    "index": 56
  },
  {
    "name": "Require(47) node_modules/egg-mongoose/app.js",
    "start": 1622012516982,
    "end": 1622012516983,
    "duration": 1,
    "pid": 22924,
    "index": 57
  },
  {
    "name": "Before Start in node_modules/egg-watcher/lib/init.js:15:14",
    "start": 1622012517001,
    "end": 1622012518634,
    "duration": 1633,
    "pid": 22924,
    "index": 58
  },
  {
    "name": "Before Start in node_modules/egg-mongoose/lib/mongoose.js:104:7",
    "start": 1622012517796,
    "end": 1622012518820,
    "duration": 1024,
    "pid": 22924,
    "index": 59
  },
  {
    "name": "Before Start in node_modules/egg-mongoose/lib/mongoose.js:52:9",
    "start": 1622012517796,
    "end": 1622012518615,
    "duration": 819,
    "pid": 22924,
    "index": 60
  },
  {
    "name": "Load Service",
    "start": 1622012517796,
    "end": 1622012518254,
    "duration": 458,
    "pid": 22924,
    "index": 61
  },
  {
    "name": "Load \"service\" to Context",
    "start": 1622012517797,
    "end": 1622012518254,
    "duration": 457,
    "pid": 22924,
    "index": 62
  },
  {
    "name": "Load Middleware",
    "start": 1622012518254,
    "end": 1622012518507,
    "duration": 253,
    "pid": 22924,
    "index": 63
  },
  {
    "name": "Load \"middlewares\" to Application",
    "start": 1622012518254,
    "end": 1622012518480,
    "duration": 226,
    "pid": 22924,
    "index": 64
  },
  {
    "name": "Load Controller",
    "start": 1622012518507,
    "end": 1622012518542,
    "duration": 35,
    "pid": 22924,
    "index": 65
  },
  {
    "name": "Load \"controller\" to Application",
    "start": 1622012518507,
    "end": 1622012518542,
    "duration": 35,
    "pid": 22924,
    "index": 66
  },
  {
    "name": "Load Router",
    "start": 1622012518542,
    "end": 1622012518549,
    "duration": 7,
    "pid": 22924,
    "index": 67
  },
  {
    "name": "Require(48) app/router.js",
    "start": 1622012518543,
    "end": 1622012518543,
    "duration": 0,
    "pid": 22924,
    "index": 68
  },
  {
    "name": "Before Start in node_modules/egg-core/lib/egg.js:303:10",
    "start": 1622012518545,
    "end": 1622012518615,
    "duration": 70,
    "pid": 22924,
    "index": 69
  },
  {
    "name": "Load \"model\" to Application",
    "start": 1622012518561,
    "end": 1622012518614,
    "duration": 53,
    "pid": 22924,
    "index": 70
  }
]