[
  {
    "name": "Process Start",
    "start": 1622012605719,
    "end": 1622012607410,
    "duration": 1691,
    "pid": 24332,
    "index": 0
  },
  {
    "name": "Application Start",
    "start": 1622012607411,
    "end": 1622012609655,
    "duration": 2244,
    "pid": 24332,
    "index": 1
  },
  {
    "name": "Load Plugin",
    "start": 1622012607427,
    "end": 1622012607504,
    "duration": 77,
    "pid": 24332,
    "index": 2
  },
  {
    "name": "Load Config",
    "start": 1622012607504,
    "end": 1622012607553,
    "duration": 49,
    "pid": 24332,
    "index": 3
  },
  {
    "name": "Require(0) config/config.default.js",
    "start": 1622012607505,
    "end": 1622012607506,
    "duration": 1,
    "pid": 24332,
    "index": 4
  },
  {
    "name": "Require(1) node_modules/egg-session/config/config.default.js",
    "start": 1622012607510,
    "end": 1622012607511,
    "duration": 1,
    "pid": 24332,
    "index": 5
  },
  {
    "name": "Require(2) node_modules/egg-security/config/config.default.js",
    "start": 1622012607513,
    "end": 1622012607514,
    "duration": 1,
    "pid": 24332,
    "index": 6
  },
  {
    "name": "Require(3) node_modules/egg-jsonp/config/config.default.js",
    "start": 1622012607515,
    "end": 1622012607516,
    "duration": 1,
    "pid": 24332,
    "index": 7
  },
  {
    "name": "Require(4) node_modules/egg-onerror/config/config.default.js",
    "start": 1622012607517,
    "end": 1622012607518,
    "duration": 1,
    "pid": 24332,
    "index": 8
  },
  {
    "name": "Require(5) node_modules/egg-i18n/config/config.default.js",
    "start": 1622012607519,
    "end": 1622012607520,
    "duration": 1,
    "pid": 24332,
    "index": 9
  },
  {
    "name": "Require(6) node_modules/egg-watcher/config/config.default.js",
    "start": 1622012607521,
    "end": 1622012607522,
    "duration": 1,
    "pid": 24332,
    "index": 10
  },
  {
    "name": "Require(7) node_modules/egg-schedule/config/config.default.js",
    "start": 1622012607523,
    "end": 1622012607523,
    "duration": 0,
    "pid": 24332,
    "index": 11
  },
  {
    "name": "Require(8) node_modules/egg-multipart/config/config.default.js",
    "start": 1622012607525,
    "end": 1622012607526,
    "duration": 1,
    "pid": 24332,
    "index": 12
  },
  {
    "name": "Require(9) node_modules/egg-logrotator/config/config.default.js",
    "start": 1622012607528,
    "end": 1622012607530,
    "duration": 2,
    "pid": 24332,
    "index": 13
  },
  {
    "name": "Require(10) node_modules/egg-static/config/config.default.js",
    "start": 1622012607531,
    "end": 1622012607532,
    "duration": 1,
    "pid": 24332,
    "index": 14
  },
  {
    "name": "Require(11) node_modules/egg-view/config/config.default.js",
    "start": 1622012607533,
    "end": 1622012607534,
    "duration": 1,
    "pid": 24332,
    "index": 15
  },
  {
    "name": "Require(12) node_modules/egg-view-nunjucks/config/config.default.js",
    "start": 1622012607535,
    "end": 1622012607536,
    "duration": 1,
    "pid": 24332,
    "index": 16
  },
  {
    "name": "Require(13) node_modules/egg-view-ejs/config/config.default.js",
    "start": 1622012607537,
    "end": 1622012607539,
    "duration": 2,
    "pid": 24332,
    "index": 17
  },
  {
    "name": "Require(14) node_modules/egg-mongoose/config/config.default.js",
    "start": 1622012607540,
    "end": 1622012607540,
    "duration": 0,
    "pid": 24332,
    "index": 18
  },
  {
    "name": "Require(15) node_modules/egg/config/config.default.js",
    "start": 1622012607541,
    "end": 1622012607542,
    "duration": 1,
    "pid": 24332,
    "index": 19
  },
  {
    "name": "Require(16) config/config.default.js",
    "start": 1622012607544,
    "end": 1622012607544,
    "duration": 0,
    "pid": 24332,
    "index": 20
  },
  {
    "name": "Require(17) node_modules/egg-static/config/config.prod.js",
    "start": 1622012607550,
    "end": 1622012607550,
    "duration": 0,
    "pid": 24332,
    "index": 21
  },
  {
    "name": "Load extend/application.js",
    "start": 1622012607555,
    "end": 1622012607650,
    "duration": 95,
    "pid": 24332,
    "index": 22
  },
  {
    "name": "Require(18) node_modules/egg-session/app/extend/application.js",
    "start": 1622012607556,
    "end": 1622012607557,
    "duration": 1,
    "pid": 24332,
    "index": 23
  },
  {
    "name": "Require(19) node_modules/egg-security/app/extend/application.js",
    "start": 1622012607558,
    "end": 1622012607560,
    "duration": 2,
    "pid": 24332,
    "index": 24
  },
  {
    "name": "Require(20) node_modules/egg-jsonp/app/extend/application.js",
    "start": 1622012607565,
    "end": 1622012607568,
    "duration": 3,
    "pid": 24332,
    "index": 25
  },
  {
    "name": "Require(21) node_modules/egg-logrotator/app/extend/application.js",
    "start": 1622012607571,
    "end": 1622012607575,
    "duration": 4,
    "pid": 24332,
    "index": 26
  },
  {
    "name": "Require(22) node_modules/egg-view/app/extend/application.js",
    "start": 1622012607577,
    "end": 1622012607580,
    "duration": 3,
    "pid": 24332,
    "index": 27
  },
  {
    "name": "Require(23) node_modules/egg-view-nunjucks/app/extend/application.js",
    "start": 1622012607581,
    "end": 1622012607634,
    "duration": 53,
    "pid": 24332,
    "index": 28
  },
  {
    "name": "Load extend/request.js",
    "start": 1622012607650,
    "end": 1622012607669,
    "duration": 19,
    "pid": 24332,
    "index": 29
  },
  {
    "name": "Require(24) node_modules/egg/app/extend/request.js",
    "start": 1622012607658,
    "end": 1622012607659,
    "duration": 1,
    "pid": 24332,
    "index": 30
  },
  {
    "name": "Load extend/response.js",
    "start": 1622012607669,
    "end": 1622012607694,
    "duration": 25,
    "pid": 24332,
    "index": 31
  },
  {
    "name": "Require(25) node_modules/egg/app/extend/response.js",
    "start": 1622012607679,
    "end": 1622012607682,
    "duration": 3,
    "pid": 24332,
    "index": 32
  },
  {
    "name": "Load extend/context.js",
    "start": 1622012607694,
    "end": 1622012607818,
    "duration": 124,
    "pid": 24332,
    "index": 33
  },
  {
    "name": "Require(26) node_modules/egg-security/app/extend/context.js",
    "start": 1622012607695,
    "end": 1622012607717,
    "duration": 22,
    "pid": 24332,
    "index": 34
  },
  {
    "name": "Require(27) node_modules/egg-jsonp/app/extend/context.js",
    "start": 1622012607718,
    "end": 1622012607721,
    "duration": 3,
    "pid": 24332,
    "index": 35
  },
  {
    "name": "Require(28) node_modules/egg-i18n/app/extend/context.js",
    "start": 1622012607723,
    "end": 1622012607724,
    "duration": 1,
    "pid": 24332,
    "index": 36
  },
  {
    "name": "Require(29) node_modules/egg-multipart/app/extend/context.js",
    "start": 1622012607728,
    "end": 1622012607799,
    "duration": 71,
    "pid": 24332,
    "index": 37
  },
  {
    "name": "Require(30) node_modules/egg-view/app/extend/context.js",
    "start": 1622012607801,
    "end": 1622012607803,
    "duration": 2,
    "pid": 24332,
    "index": 38
  },
  {
    "name": "Require(31) node_modules/egg-mongoose/app/extend/context.js",
    "start": 1622012607805,
    "end": 1622012607806,
    "duration": 1,
    "pid": 24332,
    "index": 39
  },
  {
    "name": "Require(32) node_modules/egg/app/extend/context.js",
    "start": 1622012607807,
    "end": 1622012607808,
    "duration": 1,
    "pid": 24332,
    "index": 40
  },
  {
    "name": "Load extend/helper.js",
    "start": 1622012607818,
    "end": 1622012607875,
    "duration": 57,
    "pid": 24332,
    "index": 41
  },
  {
    "name": "Require(33) node_modules/egg-security/app/extend/helper.js",
    "start": 1622012607820,
    "end": 1622012607854,
    "duration": 34,
    "pid": 24332,
    "index": 42
  },
  {
    "name": "Require(34) node_modules/egg/app/extend/helper.js",
    "start": 1622012607861,
    "end": 1622012607862,
    "duration": 1,
    "pid": 24332,
    "index": 43
  },
  {
    "name": "Require(35) app/extend/helper.js",
    "start": 1622012607863,
    "end": 1622012607867,
    "duration": 4,
    "pid": 24332,
    "index": 44
  },
  {
    "name": "Load app.js",
    "start": 1622012607876,
    "end": 1622012607952,
    "duration": 76,
    "pid": 24332,
    "index": 45
  },
  {
    "name": "Require(36) node_modules/egg-session/app.js",
    "start": 1622012607877,
    "end": 1622012607877,
    "duration": 0,
    "pid": 24332,
    "index": 46
  },
  {
    "name": "Require(37) node_modules/egg-security/app.js",
    "start": 1622012607878,
    "end": 1622012607880,
    "duration": 2,
    "pid": 24332,
    "index": 47
  },
  {
    "name": "Require(38) node_modules/egg-onerror/app.js",
    "start": 1622012607882,
    "end": 1622012607898,
    "duration": 16,
    "pid": 24332,
    "index": 48
  },
  {
    "name": "Require(39) node_modules/egg-i18n/app.js",
    "start": 1622012607899,
    "end": 1622012607931,
    "duration": 32,
    "pid": 24332,
    "index": 49
  },
  {
    "name": "Require(40) node_modules/egg-watcher/app.js",
    "start": 1622012607932,
    "end": 1622012607938,
    "duration": 6,
    "pid": 24332,
    "index": 50
  },
  {
    "name": "Require(41) node_modules/egg-schedule/app.js",
    "start": 1622012607939,
    "end": 1622012607942,
    "duration": 3,
    "pid": 24332,
    "index": 51
  },
  {
    "name": "Require(42) node_modules/egg-multipart/app.js",
    "start": 1622012607942,
    "end": 1622012607943,
    "duration": 1,
    "pid": 24332,
    "index": 52
  },
  {
    "name": "Require(43) node_modules/egg-logrotator/app.js",
    "start": 1622012607944,
    "end": 1622012607944,
    "duration": 0,
    "pid": 24332,
    "index": 53
  },
  {
    "name": "Require(44) node_modules/egg-static/app.js",
    "start": 1622012607945,
    "end": 1622012607945,
    "duration": 0,
    "pid": 24332,
    "index": 54
  },
  {
    "name": "Require(45) node_modules/egg-view-nunjucks/app.js",
    "start": 1622012607947,
    "end": 1622012607947,
    "duration": 0,
    "pid": 24332,
    "index": 55
  },
  {
    "name": "Require(46) node_modules/egg-view-ejs/app.js",
    "start": 1622012607948,
    "end": 1622012607949,
    "duration": 1,
    "pid": 24332,
    "index": 56
  },
  {
    "name": "Require(47) node_modules/egg-mongoose/app.js",
    "start": 1622012607950,
    "end": 1622012607950,
    "duration": 0,
    "pid": 24332,
    "index": 57
  },
  {
    "name": "Before Start in node_modules/egg-watcher/lib/init.js:15:14",
    "start": 1622012607968,
    "end": 1622012609502,
    "duration": 1534,
    "pid": 24332,
    "index": 58
  },
  {
    "name": "Before Start in node_modules/egg-mongoose/lib/mongoose.js:104:7",
    "start": 1622012608814,
    "end": 1622012609654,
    "duration": 840,
    "pid": 24332,
    "index": 59
  },
  {
    "name": "Before Start in node_modules/egg-mongoose/lib/mongoose.js:52:9",
    "start": 1622012608814,
    "end": 1622012609489,
    "duration": 675,
    "pid": 24332,
    "index": 60
  },
  {
    "name": "Load Service",
    "start": 1622012608814,
    "end": 1622012609234,
    "duration": 420,
    "pid": 24332,
    "index": 61
  },
  {
    "name": "Load \"service\" to Context",
    "start": 1622012608814,
    "end": 1622012609234,
    "duration": 420,
    "pid": 24332,
    "index": 62
  },
  {
    "name": "Load Middleware",
    "start": 1622012609234,
    "end": 1622012609405,
    "duration": 171,
    "pid": 24332,
    "index": 63
  },
  {
    "name": "Load \"middlewares\" to Application",
    "start": 1622012609234,
    "end": 1622012609388,
    "duration": 154,
    "pid": 24332,
    "index": 64
  },
  {
    "name": "Load Controller",
    "start": 1622012609405,
    "end": 1622012609436,
    "duration": 31,
    "pid": 24332,
    "index": 65
  },
  {
    "name": "Load \"controller\" to Application",
    "start": 1622012609405,
    "end": 1622012609435,
    "duration": 30,
    "pid": 24332,
    "index": 66
  },
  {
    "name": "Load Router",
    "start": 1622012609436,
    "end": 1622012609440,
    "duration": 4,
    "pid": 24332,
    "index": 67
  },
  {
    "name": "Require(48) app/router.js",
    "start": 1622012609436,
    "end": 1622012609436,
    "duration": 0,
    "pid": 24332,
    "index": 68
  },
  {
    "name": "Before Start in node_modules/egg-core/lib/egg.js:303:10",
    "start": 1622012609437,
    "end": 1622012609489,
    "duration": 52,
    "pid": 24332,
    "index": 69
  },
  {
    "name": "Load \"model\" to Application",
    "start": 1622012609449,
    "end": 1622012609488,
    "duration": 39,
    "pid": 24332,
    "index": 70
  }
]