[
  {
    "name": "Process Start",
    "start": 1622012515436,
    "end": 1622012516914,
    "duration": 1478,
    "pid": 21780,
    "index": 0
  },
  {
    "name": "Application Start",
    "start": 1622012516915,
    "end": 1622012519183,
    "duration": 2268,
    "pid": 21780,
    "index": 1
  },
  {
    "name": "Load Plugin",
    "start": 1622012516925,
    "end": 1622012516991,
    "duration": 66,
    "pid": 21780,
    "index": 2
  },
  {
    "name": "Load Config",
    "start": 1622012516991,
    "end": 1622012517034,
    "duration": 43,
    "pid": 21780,
    "index": 3
  },
  {
    "name": "Require(0) config/config.default.js",
    "start": 1622012516992,
    "end": 1622012516993,
    "duration": 1,
    "pid": 21780,
    "index": 4
  },
  {
    "name": "Require(1) node_modules/egg-session/config/config.default.js",
    "start": 1622012516996,
    "end": 1622012516996,
    "duration": 0,
    "pid": 21780,
    "index": 5
  },
  {
    "name": "Require(2) node_modules/egg-security/config/config.default.js",
    "start": 1622012516997,
    "end": 1622012516998,
    "duration": 1,
    "pid": 21780,
    "index": 6
  },
  {
    "name": "Require(3) node_modules/egg-jsonp/config/config.default.js",
    "start": 1622012517000,
    "end": 1622012517001,
    "duration": 1,
    "pid": 21780,
    "index": 7
  },
  {
    "name": "Require(4) node_modules/egg-onerror/config/config.default.js",
    "start": 1622012517002,
    "end": 1622012517003,
    "duration": 1,
    "pid": 21780,
    "index": 8
  },
  {
    "name": "Require(5) node_modules/egg-i18n/config/config.default.js",
    "start": 1622012517004,
    "end": 1622012517004,
    "duration": 0,
    "pid": 21780,
    "index": 9
  },
  {
    "name": "Require(6) node_modules/egg-watcher/config/config.default.js",
    "start": 1622012517005,
    "end": 1622012517006,
    "duration": 1,
    "pid": 21780,
    "index": 10
  },
  {
    "name": "Require(7) node_modules/egg-schedule/config/config.default.js",
    "start": 1622012517007,
    "end": 1622012517008,
    "duration": 1,
    "pid": 21780,
    "index": 11
  },
  {
    "name": "Require(8) node_modules/egg-multipart/config/config.default.js",
    "start": 1622012517009,
    "end": 1622012517010,
    "duration": 1,
    "pid": 21780,
    "index": 12
  },
  {
    "name": "Require(9) node_modules/egg-logrotator/config/config.default.js",
    "start": 1622012517012,
    "end": 1622012517012,
    "duration": 0,
    "pid": 21780,
    "index": 13
  },
  {
    "name": "Require(10) node_modules/egg-static/config/config.default.js",
    "start": 1622012517013,
    "end": 1622012517014,
    "duration": 1,
    "pid": 21780,
    "index": 14
  },
  {
    "name": "Require(11) node_modules/egg-view/config/config.default.js",
    "start": 1622012517015,
    "end": 1622012517016,
    "duration": 1,
    "pid": 21780,
    "index": 15
  },
  {
    "name": "Require(12) node_modules/egg-view-nunjucks/config/config.default.js",
    "start": 1622012517017,
    "end": 1622012517019,
    "duration": 2,
    "pid": 21780,
    "index": 16
  },
  {
    "name": "Require(13) node_modules/egg-view-ejs/config/config.default.js",
    "start": 1622012517020,
    "end": 1622012517020,
    "duration": 0,
    "pid": 21780,
    "index": 17
  },
  {
    "name": "Require(14) node_modules/egg-mongoose/config/config.default.js",
    "start": 1622012517021,
    "end": 1622012517022,
    "duration": 1,
    "pid": 21780,
    "index": 18
  },
  {
    "name": "Require(15) node_modules/egg/config/config.default.js",
    "start": 1622012517023,
    "end": 1622012517023,
    "duration": 0,
    "pid": 21780,
    "index": 19
  },
  {
    "name": "Require(16) config/config.default.js",
    "start": 1622012517025,
    "end": 1622012517025,
    "duration": 0,
    "pid": 21780,
    "index": 20
  },
  {
    "name": "Require(17) node_modules/egg-static/config/config.prod.js",
    "start": 1622012517030,
    "end": 1622012517031,
    "duration": 1,
    "pid": 21780,
    "index": 21
  },
  {
    "name": "Load extend/application.js",
    "start": 1622012517035,
    "end": 1622012517122,
    "duration": 87,
    "pid": 21780,
    "index": 22
  },
  {
    "name": "Require(18) node_modules/egg-session/app/extend/application.js",
    "start": 1622012517038,
    "end": 1622012517040,
    "duration": 2,
    "pid": 21780,
    "index": 23
  },
  {
    "name": "Require(19) node_modules/egg-security/app/extend/application.js",
    "start": 1622012517041,
    "end": 1622012517045,
    "duration": 4,
    "pid": 21780,
    "index": 24
  },
  {
    "name": "Require(20) node_modules/egg-jsonp/app/extend/application.js",
    "start": 1622012517048,
    "end": 1622012517050,
    "duration": 2,
    "pid": 21780,
    "index": 25
  },
  {
    "name": "Require(21) node_modules/egg-logrotator/app/extend/application.js",
    "start": 1622012517054,
    "end": 1622012517057,
    "duration": 3,
    "pid": 21780,
    "index": 26
  },
  {
    "name": "Require(22) node_modules/egg-view/app/extend/application.js",
    "start": 1622012517058,
    "end": 1622012517061,
    "duration": 3,
    "pid": 21780,
    "index": 27
  },
  {
    "name": "Require(23) node_modules/egg-view-nunjucks/app/extend/application.js",
    "start": 1622012517062,
    "end": 1622012517109,
    "duration": 47,
    "pid": 21780,
    "index": 28
  },
  {
    "name": "Load extend/request.js",
    "start": 1622012517122,
    "end": 1622012517143,
    "duration": 21,
    "pid": 21780,
    "index": 29
  },
  {
    "name": "Require(24) node_modules/egg/app/extend/request.js",
    "start": 1622012517131,
    "end": 1622012517132,
    "duration": 1,
    "pid": 21780,
    "index": 30
  },
  {
    "name": "Load extend/response.js",
    "start": 1622012517143,
    "end": 1622012517162,
    "duration": 19,
    "pid": 21780,
    "index": 31
  },
  {
    "name": "Require(25) node_modules/egg/app/extend/response.js",
    "start": 1622012517152,
    "end": 1622012517154,
    "duration": 2,
    "pid": 21780,
    "index": 32
  },
  {
    "name": "Load extend/context.js",
    "start": 1622012517162,
    "end": 1622012517285,
    "duration": 123,
    "pid": 21780,
    "index": 33
  },
  {
    "name": "Require(26) node_modules/egg-security/app/extend/context.js",
    "start": 1622012517163,
    "end": 1622012517185,
    "duration": 22,
    "pid": 21780,
    "index": 34
  },
  {
    "name": "Require(27) node_modules/egg-jsonp/app/extend/context.js",
    "start": 1622012517186,
    "end": 1622012517189,
    "duration": 3,
    "pid": 21780,
    "index": 35
  },
  {
    "name": "Require(28) node_modules/egg-i18n/app/extend/context.js",
    "start": 1622012517190,
    "end": 1622012517191,
    "duration": 1,
    "pid": 21780,
    "index": 36
  },
  {
    "name": "Require(29) node_modules/egg-multipart/app/extend/context.js",
    "start": 1622012517193,
    "end": 1622012517266,
    "duration": 73,
    "pid": 21780,
    "index": 37
  },
  {
    "name": "Require(30) node_modules/egg-view/app/extend/context.js",
    "start": 1622012517268,
    "end": 1622012517270,
    "duration": 2,
    "pid": 21780,
    "index": 38
  },
  {
    "name": "Require(31) node_modules/egg-mongoose/app/extend/context.js",
    "start": 1622012517273,
    "end": 1622012517273,
    "duration": 0,
    "pid": 21780,
    "index": 39
  },
  {
    "name": "Require(32) node_modules/egg/app/extend/context.js",
    "start": 1622012517274,
    "end": 1622012517275,
    "duration": 1,
    "pid": 21780,
    "index": 40
  },
  {
    "name": "Load extend/helper.js",
    "start": 1622012517285,
    "end": 1622012517344,
    "duration": 59,
    "pid": 21780,
    "index": 41
  },
  {
    "name": "Require(33) node_modules/egg-security/app/extend/helper.js",
    "start": 1622012517287,
    "end": 1622012517320,
    "duration": 33,
    "pid": 21780,
    "index": 42
  },
  {
    "name": "Require(34) node_modules/egg/app/extend/helper.js",
    "start": 1622012517327,
    "end": 1622012517328,
    "duration": 1,
    "pid": 21780,
    "index": 43
  },
  {
    "name": "Require(35) app/extend/helper.js",
    "start": 1622012517329,
    "end": 1622012517332,
    "duration": 3,
    "pid": 21780,
    "index": 44
  },
  {
    "name": "Load app.js",
    "start": 1622012517344,
    "end": 1622012517422,
    "duration": 78,
    "pid": 21780,
    "index": 45
  },
  {
    "name": "Require(36) node_modules/egg-session/app.js",
    "start": 1622012517345,
    "end": 1622012517345,
    "duration": 0,
    "pid": 21780,
    "index": 46
  },
  {
    "name": "Require(37) node_modules/egg-security/app.js",
    "start": 1622012517346,
    "end": 1622012517350,
    "duration": 4,
    "pid": 21780,
    "index": 47
  },
  {
    "name": "Require(38) node_modules/egg-onerror/app.js",
    "start": 1622012517352,
    "end": 1622012517369,
    "duration": 17,
    "pid": 21780,
    "index": 48
  },
  {
    "name": "Require(39) node_modules/egg-i18n/app.js",
    "start": 1622012517370,
    "end": 1622012517400,
    "duration": 30,
    "pid": 21780,
    "index": 49
  },
  {
    "name": "Require(40) node_modules/egg-watcher/app.js",
    "start": 1622012517401,
    "end": 1622012517409,
    "duration": 8,
    "pid": 21780,
    "index": 50
  },
  {
    "name": "Require(41) node_modules/egg-schedule/app.js",
    "start": 1622012517410,
    "end": 1622012517412,
    "duration": 2,
    "pid": 21780,
    "index": 51
  },
  {
    "name": "Require(42) node_modules/egg-multipart/app.js",
    "start": 1622012517413,
    "end": 1622012517414,
    "duration": 1,
    "pid": 21780,
    "index": 52
  },
  {
    "name": "Require(43) node_modules/egg-logrotator/app.js",
    "start": 1622012517414,
    "end": 1622012517415,
    "duration": 1,
    "pid": 21780,
    "index": 53
  },
  {
    "name": "Require(44) node_modules/egg-static/app.js",
    "start": 1622012517416,
    "end": 1622012517416,
    "duration": 0,
    "pid": 21780,
    "index": 54
  },
  {
    "name": "Require(45) node_modules/egg-view-nunjucks/app.js",
    "start": 1622012517417,
    "end": 1622012517418,
    "duration": 1,
    "pid": 21780,
    "index": 55
  },
  {
    "name": "Require(46) node_modules/egg-view-ejs/app.js",
    "start": 1622012517418,
    "end": 1622012517419,
    "duration": 1,
    "pid": 21780,
    "index": 56
  },
  {
    "name": "Require(47) node_modules/egg-mongoose/app.js",
    "start": 1622012517420,
    "end": 1622012517420,
    "duration": 0,
    "pid": 21780,
    "index": 57
  },
  {
    "name": "Before Start in node_modules/egg-watcher/lib/init.js:15:14",
    "start": 1622012517437,
    "end": 1622012519015,
    "duration": 1578,
    "pid": 21780,
    "index": 58
  },
  {
    "name": "Before Start in node_modules/egg-mongoose/lib/mongoose.js:104:7",
    "start": 1622012518215,
    "end": 1622012519182,
    "duration": 967,
    "pid": 21780,
    "index": 59
  },
  {
    "name": "Before Start in node_modules/egg-mongoose/lib/mongoose.js:52:9",
    "start": 1622012518216,
    "end": 1622012518998,
    "duration": 782,
    "pid": 21780,
    "index": 60
  },
  {
    "name": "Load Service",
    "start": 1622012518216,
    "end": 1622012518676,
    "duration": 460,
    "pid": 21780,
    "index": 61
  },
  {
    "name": "Load \"service\" to Context",
    "start": 1622012518217,
    "end": 1622012518676,
    "duration": 459,
    "pid": 21780,
    "index": 62
  },
  {
    "name": "Load Middleware",
    "start": 1622012518676,
    "end": 1622012518905,
    "duration": 229,
    "pid": 21780,
    "index": 63
  },
  {
    "name": "Load \"middlewares\" to Application",
    "start": 1622012518676,
    "end": 1622012518885,
    "duration": 209,
    "pid": 21780,
    "index": 64
  },
  {
    "name": "Load Controller",
    "start": 1622012518905,
    "end": 1622012518939,
    "duration": 34,
    "pid": 21780,
    "index": 65
  },
  {
    "name": "Load \"controller\" to Application",
    "start": 1622012518905,
    "end": 1622012518939,
    "duration": 34,
    "pid": 21780,
    "index": 66
  },
  {
    "name": "Load Router",
    "start": 1622012518939,
    "end": 1622012518946,
    "duration": 7,
    "pid": 21780,
    "index": 67
  },
  {
    "name": "Require(48) app/router.js",
    "start": 1622012518940,
    "end": 1622012518940,
    "duration": 0,
    "pid": 21780,
    "index": 68
  },
  {
    "name": "Before Start in node_modules/egg-core/lib/egg.js:303:10",
    "start": 1622012518941,
    "end": 1622012518998,
    "duration": 57,
    "pid": 21780,
    "index": 69
  },
  {
    "name": "Load \"model\" to Application",
    "start": 1622012518956,
    "end": 1622012518998,
    "duration": 42,
    "pid": 21780,
    "index": 70
  }
]