[
  {
    "name": "Process Start",
    "start": 1622012083584,
    "end": 1622012084910,
    "duration": 1326,
    "pid": 16024,
    "index": 0
  },
  {
    "name": "Application Start",
    "start": 1622012084912,
    "end": 1622012087196,
    "duration": 2284,
    "pid": 16024,
    "index": 1
  },
  {
    "name": "Load Plugin",
    "start": 1622012084922,
    "end": 1622012084983,
    "duration": 61,
    "pid": 16024,
    "index": 2
  },
  {
    "name": "Load Config",
    "start": 1622012084983,
    "end": 1622012085026,
    "duration": 43,
    "pid": 16024,
    "index": 3
  },
  {
    "name": "Require(0) config/config.default.js",
    "start": 1622012084985,
    "end": 1622012084985,
    "duration": 0,
    "pid": 16024,
    "index": 4
  },
  {
    "name": "Require(1) node_modules/egg-session/config/config.default.js",
    "start": 1622012084988,
    "end": 1622012084989,
    "duration": 1,
    "pid": 16024,
    "index": 5
  },
  {
    "name": "Require(2) node_modules/egg-security/config/config.default.js",
    "start": 1622012084990,
    "end": 1622012084991,
    "duration": 1,
    "pid": 16024,
    "index": 6
  },
  {
    "name": "Require(3) node_modules/egg-jsonp/config/config.default.js",
    "start": 1622012084992,
    "end": 1622012084993,
    "duration": 1,
    "pid": 16024,
    "index": 7
  },
  {
    "name": "Require(4) node_modules/egg-onerror/config/config.default.js",
    "start": 1622012084994,
    "end": 1622012084995,
    "duration": 1,
    "pid": 16024,
    "index": 8
  },
  {
    "name": "Require(5) node_modules/egg-i18n/config/config.default.js",
    "start": 1622012084996,
    "end": 1622012084996,
    "duration": 0,
    "pid": 16024,
    "index": 9
  },
  {
    "name": "Require(6) node_modules/egg-watcher/config/config.default.js",
    "start": 1622012084998,
    "end": 1622012084998,
    "duration": 0,
    "pid": 16024,
    "index": 10
  },
  {
    "name": "Require(7) node_modules/egg-schedule/config/config.default.js",
    "start": 1622012084999,
    "end": 1622012085000,
    "duration": 1,
    "pid": 16024,
    "index": 11
  },
  {
    "name": "Require(8) node_modules/egg-multipart/config/config.default.js",
    "start": 1622012085001,
    "end": 1622012085002,
    "duration": 1,
    "pid": 16024,
    "index": 12
  },
  {
    "name": "Require(9) node_modules/egg-logrotator/config/config.default.js",
    "start": 1622012085003,
    "end": 1622012085004,
    "duration": 1,
    "pid": 16024,
    "index": 13
  },
  {
    "name": "Require(10) node_modules/egg-static/config/config.default.js",
    "start": 1622012085005,
    "end": 1622012085006,
    "duration": 1,
    "pid": 16024,
    "index": 14
  },
  {
    "name": "Require(11) node_modules/egg-view/config/config.default.js",
    "start": 1622012085007,
    "end": 1622012085008,
    "duration": 1,
    "pid": 16024,
    "index": 15
  },
  {
    "name": "Require(12) node_modules/egg-view-nunjucks/config/config.default.js",
    "start": 1622012085009,
    "end": 1622012085010,
    "duration": 1,
    "pid": 16024,
    "index": 16
  },
  {
    "name": "Require(13) node_modules/egg-view-ejs/config/config.default.js",
    "start": 1622012085011,
    "end": 1622012085012,
    "duration": 1,
    "pid": 16024,
    "index": 17
  },
  {
    "name": "Require(14) node_modules/egg-mongoose/config/config.default.js",
    "start": 1622012085013,
    "end": 1622012085013,
    "duration": 0,
    "pid": 16024,
    "index": 18
  },
  {
    "name": "Require(15) node_modules/egg/config/config.default.js",
    "start": 1622012085014,
    "end": 1622012085015,
    "duration": 1,
    "pid": 16024,
    "index": 19
  },
  {
    "name": "Require(16) config/config.default.js",
    "start": 1622012085017,
    "end": 1622012085017,
    "duration": 0,
    "pid": 16024,
    "index": 20
  },
  {
    "name": "Require(17) node_modules/egg-static/config/config.prod.js",
    "start": 1622012085023,
    "end": 1622012085023,
    "duration": 0,
    "pid": 16024,
    "index": 21
  },
  {
    "name": "Load extend/application.js",
    "start": 1622012085028,
    "end": 1622012085111,
    "duration": 83,
    "pid": 16024,
    "index": 22
  },
  {
    "name": "Require(18) node_modules/egg-session/app/extend/application.js",
    "start": 1622012085029,
    "end": 1622012085030,
    "duration": 1,
    "pid": 16024,
    "index": 23
  },
  {
    "name": "Require(19) node_modules/egg-security/app/extend/application.js",
    "start": 1622012085031,
    "end": 1622012085034,
    "duration": 3,
    "pid": 16024,
    "index": 24
  },
  {
    "name": "Require(20) node_modules/egg-jsonp/app/extend/application.js",
    "start": 1622012085035,
    "end": 1622012085038,
    "duration": 3,
    "pid": 16024,
    "index": 25
  },
  {
    "name": "Require(21) node_modules/egg-logrotator/app/extend/application.js",
    "start": 1622012085041,
    "end": 1622012085045,
    "duration": 4,
    "pid": 16024,
    "index": 26
  },
  {
    "name": "Require(22) node_modules/egg-view/app/extend/application.js",
    "start": 1622012085047,
    "end": 1622012085049,
    "duration": 2,
    "pid": 16024,
    "index": 27
  },
  {
    "name": "Require(23) node_modules/egg-view-nunjucks/app/extend/application.js",
    "start": 1622012085050,
    "end": 1622012085099,
    "duration": 49,
    "pid": 16024,
    "index": 28
  },
  {
    "name": "Load extend/request.js",
    "start": 1622012085111,
    "end": 1622012085131,
    "duration": 20,
    "pid": 16024,
    "index": 29
  },
  {
    "name": "Require(24) node_modules/egg/app/extend/request.js",
    "start": 1622012085120,
    "end": 1622012085121,
    "duration": 1,
    "pid": 16024,
    "index": 30
  },
  {
    "name": "Load extend/response.js",
    "start": 1622012085131,
    "end": 1622012085152,
    "duration": 21,
    "pid": 16024,
    "index": 31
  },
  {
    "name": "Require(25) node_modules/egg/app/extend/response.js",
    "start": 1622012085140,
    "end": 1622012085143,
    "duration": 3,
    "pid": 16024,
    "index": 32
  },
  {
    "name": "Load extend/context.js",
    "start": 1622012085152,
    "end": 1622012085276,
    "duration": 124,
    "pid": 16024,
    "index": 33
  },
  {
    "name": "Require(26) node_modules/egg-security/app/extend/context.js",
    "start": 1622012085153,
    "end": 1622012085174,
    "duration": 21,
    "pid": 16024,
    "index": 34
  },
  {
    "name": "Require(27) node_modules/egg-jsonp/app/extend/context.js",
    "start": 1622012085175,
    "end": 1622012085178,
    "duration": 3,
    "pid": 16024,
    "index": 35
  },
  {
    "name": "Require(28) node_modules/egg-i18n/app/extend/context.js",
    "start": 1622012085180,
    "end": 1622012085180,
    "duration": 0,
    "pid": 16024,
    "index": 36
  },
  {
    "name": "Require(29) node_modules/egg-multipart/app/extend/context.js",
    "start": 1622012085183,
    "end": 1622012085257,
    "duration": 74,
    "pid": 16024,
    "index": 37
  },
  {
    "name": "Require(30) node_modules/egg-view/app/extend/context.js",
    "start": 1622012085258,
    "end": 1622012085261,
    "duration": 3,
    "pid": 16024,
    "index": 38
  },
  {
    "name": "Require(31) node_modules/egg-mongoose/app/extend/context.js",
    "start": 1622012085264,
    "end": 1622012085264,
    "duration": 0,
    "pid": 16024,
    "index": 39
  },
  {
    "name": "Require(32) node_modules/egg/app/extend/context.js",
    "start": 1622012085265,
    "end": 1622012085266,
    "duration": 1,
    "pid": 16024,
    "index": 40
  },
  {
    "name": "Load extend/helper.js",
    "start": 1622012085276,
    "end": 1622012085343,
    "duration": 67,
    "pid": 16024,
    "index": 41
  },
  {
    "name": "Require(33) node_modules/egg-security/app/extend/helper.js",
    "start": 1622012085277,
    "end": 1622012085316,
    "duration": 39,
    "pid": 16024,
    "index": 42
  },
  {
    "name": "Require(34) node_modules/egg/app/extend/helper.js",
    "start": 1622012085324,
    "end": 1622012085325,
    "duration": 1,
    "pid": 16024,
    "index": 43
  },
  {
    "name": "Require(35) app/extend/helper.js",
    "start": 1622012085327,
    "end": 1622012085331,
    "duration": 4,
    "pid": 16024,
    "index": 44
  },
  {
    "name": "Load app.js",
    "start": 1622012085343,
    "end": 1622012085415,
    "duration": 72,
    "pid": 16024,
    "index": 45
  },
  {
    "name": "Require(36) node_modules/egg-session/app.js",
    "start": 1622012085344,
    "end": 1622012085344,
    "duration": 0,
    "pid": 16024,
    "index": 46
  },
  {
    "name": "Require(37) node_modules/egg-security/app.js",
    "start": 1622012085345,
    "end": 1622012085348,
    "duration": 3,
    "pid": 16024,
    "index": 47
  },
  {
    "name": "Require(38) node_modules/egg-onerror/app.js",
    "start": 1622012085350,
    "end": 1622012085366,
    "duration": 16,
    "pid": 16024,
    "index": 48
  },
  {
    "name": "Require(39) node_modules/egg-i18n/app.js",
    "start": 1622012085367,
    "end": 1622012085394,
    "duration": 27,
    "pid": 16024,
    "index": 49
  },
  {
    "name": "Require(40) node_modules/egg-watcher/app.js",
    "start": 1622012085395,
    "end": 1622012085401,
    "duration": 6,
    "pid": 16024,
    "index": 50
  },
  {
    "name": "Require(41) node_modules/egg-schedule/app.js",
    "start": 1622012085402,
    "end": 1622012085405,
    "duration": 3,
    "pid": 16024,
    "index": 51
  },
  {
    "name": "Require(42) node_modules/egg-multipart/app.js",
    "start": 1622012085405,
    "end": 1622012085406,
    "duration": 1,
    "pid": 16024,
    "index": 52
  },
  {
    "name": "Require(43) node_modules/egg-logrotator/app.js",
    "start": 1622012085407,
    "end": 1622012085407,
    "duration": 0,
    "pid": 16024,
    "index": 53
  },
  {
    "name": "Require(44) node_modules/egg-static/app.js",
    "start": 1622012085408,
    "end": 1622012085408,
    "duration": 0,
    "pid": 16024,
    "index": 54
  },
  {
    "name": "Require(45) node_modules/egg-view-nunjucks/app.js",
    "start": 1622012085410,
    "end": 1622012085411,
    "duration": 1,
    "pid": 16024,
    "index": 55
  },
  {
    "name": "Require(46) node_modules/egg-view-ejs/app.js",
    "start": 1622012085411,
    "end": 1622012085412,
    "duration": 1,
    "pid": 16024,
    "index": 56
  },
  {
    "name": "Require(47) node_modules/egg-mongoose/app.js",
    "start": 1622012085412,
    "end": 1622012085413,
    "duration": 1,
    "pid": 16024,
    "index": 57
  },
  {
    "name": "Before Start in node_modules/egg-watcher/lib/init.js:15:14",
    "start": 1622012085430,
    "end": 1622012087053,
    "duration": 1623,
    "pid": 16024,
    "index": 58
  },
  {
    "name": "Before Start in node_modules/egg-mongoose/lib/mongoose.js:104:7",
    "start": 1622012086232,
    "end": 1622012087196,
    "duration": 964,
    "pid": 16024,
    "index": 59
  },
  {
    "name": "Before Start in node_modules/egg-mongoose/lib/mongoose.js:52:9",
    "start": 1622012086233,
    "end": 1622012087037,
    "duration": 804,
    "pid": 16024,
    "index": 60
  },
  {
    "name": "Load Service",
    "start": 1622012086233,
    "end": 1622012086682,
    "duration": 449,
    "pid": 16024,
    "index": 61
  },
  {
    "name": "Load \"service\" to Context",
    "start": 1622012086233,
    "end": 1622012086682,
    "duration": 449,
    "pid": 16024,
    "index": 62
  },
  {
    "name": "Load Middleware",
    "start": 1622012086682,
    "end": 1622012086921,
    "duration": 239,
    "pid": 16024,
    "index": 63
  },
  {
    "name": "Load \"middlewares\" to Application",
    "start": 1622012086682,
    "end": 1622012086898,
    "duration": 216,
    "pid": 16024,
    "index": 64
  },
  {
    "name": "Load Controller",
    "start": 1622012086921,
    "end": 1622012086957,
    "duration": 36,
    "pid": 16024,
    "index": 65
  },
  {
    "name": "Load \"controller\" to Application",
    "start": 1622012086921,
    "end": 1622012086957,
    "duration": 36,
    "pid": 16024,
    "index": 66
  },
  {
    "name": "Load Router",
    "start": 1622012086957,
    "end": 1622012086965,
    "duration": 8,
    "pid": 16024,
    "index": 67
  },
  {
    "name": "Require(48) app/router.js",
    "start": 1622012086958,
    "end": 1622012086958,
    "duration": 0,
    "pid": 16024,
    "index": 68
  },
  {
    "name": "Before Start in node_modules/egg-core/lib/egg.js:303:10",
    "start": 1622012086960,
    "end": 1622012087037,
    "duration": 77,
    "pid": 16024,
    "index": 69
  },
  {
    "name": "Load \"model\" to Application",
    "start": 1622012086978,
    "end": 1622012087035,
    "duration": 57,
    "pid": 16024,
    "index": 70
  }
]