[
  {
    "name": "Process Start",
    "start": 1622012605336,
    "end": 1622012606918,
    "duration": 1582,
    "pid": 15272,
    "index": 0
  },
  {
    "name": "Application Start",
    "start": 1622012606920,
    "end": 1622012609352,
    "duration": 2432,
    "pid": 15272,
    "index": 1
  },
  {
    "name": "Load Plugin",
    "start": 1622012606933,
    "end": 1622012607001,
    "duration": 68,
    "pid": 15272,
    "index": 2
  },
  {
    "name": "Load Config",
    "start": 1622012607001,
    "end": 1622012607053,
    "duration": 52,
    "pid": 15272,
    "index": 3
  },
  {
    "name": "Require(0) config/config.default.js",
    "start": 1622012607003,
    "end": 1622012607003,
    "duration": 0,
    "pid": 15272,
    "index": 4
  },
  {
    "name": "Require(1) node_modules/egg-session/config/config.default.js",
    "start": 1622012607007,
    "end": 1622012607008,
    "duration": 1,
    "pid": 15272,
    "index": 5
  },
  {
    "name": "Require(2) node_modules/egg-security/config/config.default.js",
    "start": 1622012607009,
    "end": 1622012607010,
    "duration": 1,
    "pid": 15272,
    "index": 6
  },
  {
    "name": "Require(3) node_modules/egg-jsonp/config/config.default.js",
    "start": 1622012607013,
    "end": 1622012607014,
    "duration": 1,
    "pid": 15272,
    "index": 7
  },
  {
    "name": "Require(4) node_modules/egg-onerror/config/config.default.js",
    "start": 1622012607015,
    "end": 1622012607016,
    "duration": 1,
    "pid": 15272,
    "index": 8
  },
  {
    "name": "Require(5) node_modules/egg-i18n/config/config.default.js",
    "start": 1622012607018,
    "end": 1622012607019,
    "duration": 1,
    "pid": 15272,
    "index": 9
  },
  {
    "name": "Require(6) node_modules/egg-watcher/config/config.default.js",
    "start": 1622012607020,
    "end": 1622012607021,
    "duration": 1,
    "pid": 15272,
    "index": 10
  },
  {
    "name": "Require(7) node_modules/egg-schedule/config/config.default.js",
    "start": 1622012607022,
    "end": 1622012607022,
    "duration": 0,
    "pid": 15272,
    "index": 11
  },
  {
    "name": "Require(8) node_modules/egg-multipart/config/config.default.js",
    "start": 1622012607024,
    "end": 1622012607025,
    "duration": 1,
    "pid": 15272,
    "index": 12
  },
  {
    "name": "Require(9) node_modules/egg-logrotator/config/config.default.js",
    "start": 1622012607026,
    "end": 1622012607027,
    "duration": 1,
    "pid": 15272,
    "index": 13
  },
  {
    "name": "Require(10) node_modules/egg-static/config/config.default.js",
    "start": 1622012607028,
    "end": 1622012607028,
    "duration": 0,
    "pid": 15272,
    "index": 14
  },
  {
    "name": "Require(11) node_modules/egg-view/config/config.default.js",
    "start": 1622012607030,
    "end": 1622012607030,
    "duration": 0,
    "pid": 15272,
    "index": 15
  },
  {
    "name": "Require(12) node_modules/egg-view-nunjucks/config/config.default.js",
    "start": 1622012607031,
    "end": 1622012607032,
    "duration": 1,
    "pid": 15272,
    "index": 16
  },
  {
    "name": "Require(13) node_modules/egg-view-ejs/config/config.default.js",
    "start": 1622012607034,
    "end": 1622012607035,
    "duration": 1,
    "pid": 15272,
    "index": 17
  },
  {
    "name": "Require(14) node_modules/egg-mongoose/config/config.default.js",
    "start": 1622012607036,
    "end": 1622012607037,
    "duration": 1,
    "pid": 15272,
    "index": 18
  },
  {
    "name": "Require(15) node_modules/egg/config/config.default.js",
    "start": 1622012607038,
    "end": 1622012607038,
    "duration": 0,
    "pid": 15272,
    "index": 19
  },
  {
    "name": "Require(16) config/config.default.js",
    "start": 1622012607040,
    "end": 1622012607040,
    "duration": 0,
    "pid": 15272,
    "index": 20
  },
  {
    "name": "Require(17) node_modules/egg-static/config/config.prod.js",
    "start": 1622012607049,
    "end": 1622012607049,
    "duration": 0,
    "pid": 15272,
    "index": 21
  },
  {
    "name": "Load extend/application.js",
    "start": 1622012607054,
    "end": 1622012607144,
    "duration": 90,
    "pid": 15272,
    "index": 22
  },
  {
    "name": "Require(18) node_modules/egg-session/app/extend/application.js",
    "start": 1622012607055,
    "end": 1622012607056,
    "duration": 1,
    "pid": 15272,
    "index": 23
  },
  {
    "name": "Require(19) node_modules/egg-security/app/extend/application.js",
    "start": 1622012607061,
    "end": 1622012607063,
    "duration": 2,
    "pid": 15272,
    "index": 24
  },
  {
    "name": "Require(20) node_modules/egg-jsonp/app/extend/application.js",
    "start": 1622012607064,
    "end": 1622012607067,
    "duration": 3,
    "pid": 15272,
    "index": 25
  },
  {
    "name": "Require(21) node_modules/egg-logrotator/app/extend/application.js",
    "start": 1622012607072,
    "end": 1622012607075,
    "duration": 3,
    "pid": 15272,
    "index": 26
  },
  {
    "name": "Require(22) node_modules/egg-view/app/extend/application.js",
    "start": 1622012607077,
    "end": 1622012607080,
    "duration": 3,
    "pid": 15272,
    "index": 27
  },
  {
    "name": "Require(23) node_modules/egg-view-nunjucks/app/extend/application.js",
    "start": 1622012607081,
    "end": 1622012607132,
    "duration": 51,
    "pid": 15272,
    "index": 28
  },
  {
    "name": "Load extend/request.js",
    "start": 1622012607144,
    "end": 1622012607170,
    "duration": 26,
    "pid": 15272,
    "index": 29
  },
  {
    "name": "Require(24) node_modules/egg/app/extend/request.js",
    "start": 1622012607157,
    "end": 1622012607158,
    "duration": 1,
    "pid": 15272,
    "index": 30
  },
  {
    "name": "Load extend/response.js",
    "start": 1622012607170,
    "end": 1622012607195,
    "duration": 25,
    "pid": 15272,
    "index": 31
  },
  {
    "name": "Require(25) node_modules/egg/app/extend/response.js",
    "start": 1622012607183,
    "end": 1622012607186,
    "duration": 3,
    "pid": 15272,
    "index": 32
  },
  {
    "name": "Load extend/context.js",
    "start": 1622012607195,
    "end": 1622012607323,
    "duration": 128,
    "pid": 15272,
    "index": 33
  },
  {
    "name": "Require(26) node_modules/egg-security/app/extend/context.js",
    "start": 1622012607196,
    "end": 1622012607218,
    "duration": 22,
    "pid": 15272,
    "index": 34
  },
  {
    "name": "Require(27) node_modules/egg-jsonp/app/extend/context.js",
    "start": 1622012607219,
    "end": 1622012607222,
    "duration": 3,
    "pid": 15272,
    "index": 35
  },
  {
    "name": "Require(28) node_modules/egg-i18n/app/extend/context.js",
    "start": 1622012607224,
    "end": 1622012607224,
    "duration": 0,
    "pid": 15272,
    "index": 36
  },
  {
    "name": "Require(29) node_modules/egg-multipart/app/extend/context.js",
    "start": 1622012607227,
    "end": 1622012607305,
    "duration": 78,
    "pid": 15272,
    "index": 37
  },
  {
    "name": "Require(30) node_modules/egg-view/app/extend/context.js",
    "start": 1622012607307,
    "end": 1622012607310,
    "duration": 3,
    "pid": 15272,
    "index": 38
  },
  {
    "name": "Require(31) node_modules/egg-mongoose/app/extend/context.js",
    "start": 1622012607312,
    "end": 1622012607313,
    "duration": 1,
    "pid": 15272,
    "index": 39
  },
  {
    "name": "Require(32) node_modules/egg/app/extend/context.js",
    "start": 1622012607313,
    "end": 1622012607314,
    "duration": 1,
    "pid": 15272,
    "index": 40
  },
  {
    "name": "Load extend/helper.js",
    "start": 1622012607323,
    "end": 1622012607398,
    "duration": 75,
    "pid": 15272,
    "index": 41
  },
  {
    "name": "Require(33) node_modules/egg-security/app/extend/helper.js",
    "start": 1622012607325,
    "end": 1622012607365,
    "duration": 40,
    "pid": 15272,
    "index": 42
  },
  {
    "name": "Require(34) node_modules/egg/app/extend/helper.js",
    "start": 1622012607371,
    "end": 1622012607372,
    "duration": 1,
    "pid": 15272,
    "index": 43
  },
  {
    "name": "Require(35) app/extend/helper.js",
    "start": 1622012607373,
    "end": 1622012607383,
    "duration": 10,
    "pid": 15272,
    "index": 44
  },
  {
    "name": "Load app.js",
    "start": 1622012607399,
    "end": 1622012607481,
    "duration": 82,
    "pid": 15272,
    "index": 45
  },
  {
    "name": "Require(36) node_modules/egg-session/app.js",
    "start": 1622012607399,
    "end": 1622012607400,
    "duration": 1,
    "pid": 15272,
    "index": 46
  },
  {
    "name": "Require(37) node_modules/egg-security/app.js",
    "start": 1622012607401,
    "end": 1622012607403,
    "duration": 2,
    "pid": 15272,
    "index": 47
  },
  {
    "name": "Require(38) node_modules/egg-onerror/app.js",
    "start": 1622012607405,
    "end": 1622012607422,
    "duration": 17,
    "pid": 15272,
    "index": 48
  },
  {
    "name": "Require(39) node_modules/egg-i18n/app.js",
    "start": 1622012607424,
    "end": 1622012607456,
    "duration": 32,
    "pid": 15272,
    "index": 49
  },
  {
    "name": "Require(40) node_modules/egg-watcher/app.js",
    "start": 1622012607456,
    "end": 1622012607466,
    "duration": 10,
    "pid": 15272,
    "index": 50
  },
  {
    "name": "Require(41) node_modules/egg-schedule/app.js",
    "start": 1622012607466,
    "end": 1622012607469,
    "duration": 3,
    "pid": 15272,
    "index": 51
  },
  {
    "name": "Require(42) node_modules/egg-multipart/app.js",
    "start": 1622012607470,
    "end": 1622012607470,
    "duration": 0,
    "pid": 15272,
    "index": 52
  },
  {
    "name": "Require(43) node_modules/egg-logrotator/app.js",
    "start": 1622012607471,
    "end": 1622012607472,
    "duration": 1,
    "pid": 15272,
    "index": 53
  },
  {
    "name": "Require(44) node_modules/egg-static/app.js",
    "start": 1622012607472,
    "end": 1622012607473,
    "duration": 1,
    "pid": 15272,
    "index": 54
  },
  {
    "name": "Require(45) node_modules/egg-view-nunjucks/app.js",
    "start": 1622012607476,
    "end": 1622012607476,
    "duration": 0,
    "pid": 15272,
    "index": 55
  },
  {
    "name": "Require(46) node_modules/egg-view-ejs/app.js",
    "start": 1622012607477,
    "end": 1622012607478,
    "duration": 1,
    "pid": 15272,
    "index": 56
  },
  {
    "name": "Require(47) node_modules/egg-mongoose/app.js",
    "start": 1622012607478,
    "end": 1622012607479,
    "duration": 1,
    "pid": 15272,
    "index": 57
  },
  {
    "name": "Before Start in node_modules/egg-watcher/lib/init.js:15:14",
    "start": 1622012607502,
    "end": 1622012609202,
    "duration": 1700,
    "pid": 15272,
    "index": 58
  },
  {
    "name": "Before Start in node_modules/egg-mongoose/lib/mongoose.js:104:7",
    "start": 1622012608359,
    "end": 1622012609352,
    "duration": 993,
    "pid": 15272,
    "index": 59
  },
  {
    "name": "Before Start in node_modules/egg-mongoose/lib/mongoose.js:52:9",
    "start": 1622012608359,
    "end": 1622012609177,
    "duration": 818,
    "pid": 15272,
    "index": 60
  },
  {
    "name": "Load Service",
    "start": 1622012608360,
    "end": 1622012608841,
    "duration": 481,
    "pid": 15272,
    "index": 61
  },
  {
    "name": "Load \"service\" to Context",
    "start": 1622012608360,
    "end": 1622012608841,
    "duration": 481,
    "pid": 15272,
    "index": 62
  },
  {
    "name": "Load Middleware",
    "start": 1622012608841,
    "end": 1622012609074,
    "duration": 233,
    "pid": 15272,
    "index": 63
  },
  {
    "name": "Load \"middlewares\" to Application",
    "start": 1622012608841,
    "end": 1622012609051,
    "duration": 210,
    "pid": 15272,
    "index": 64
  },
  {
    "name": "Load Controller",
    "start": 1622012609074,
    "end": 1622012609109,
    "duration": 35,
    "pid": 15272,
    "index": 65
  },
  {
    "name": "Load \"controller\" to Application",
    "start": 1622012609074,
    "end": 1622012609108,
    "duration": 34,
    "pid": 15272,
    "index": 66
  },
  {
    "name": "Load Router",
    "start": 1622012609109,
    "end": 1622012609116,
    "duration": 7,
    "pid": 15272,
    "index": 67
  },
  {
    "name": "Require(48) app/router.js",
    "start": 1622012609109,
    "end": 1622012609110,
    "duration": 1,
    "pid": 15272,
    "index": 68
  },
  {
    "name": "Before Start in node_modules/egg-core/lib/egg.js:303:10",
    "start": 1622012609112,
    "end": 1622012609177,
    "duration": 65,
    "pid": 15272,
    "index": 69
  },
  {
    "name": "Load \"model\" to Application",
    "start": 1622012609130,
    "end": 1622012609176,
    "duration": 46,
    "pid": 15272,
    "index": 70
  }
]