[
  {
    "name": "Process Start",
    "start": 1622012083496,
    "end": 1622012084770,
    "duration": 1274,
    "pid": 9192,
    "index": 0
  },
  {
    "name": "Application Start",
    "start": 1622012084771,
    "end": 1622012087116,
    "duration": 2345,
    "pid": 9192,
    "index": 1
  },
  {
    "name": "Load Plugin",
    "start": 1622012084782,
    "end": 1622012084847,
    "duration": 65,
    "pid": 9192,
    "index": 2
  },
  {
    "name": "Load Config",
    "start": 1622012084847,
    "end": 1622012084894,
    "duration": 47,
    "pid": 9192,
    "index": 3
  },
  {
    "name": "Require(0) config/config.default.js",
    "start": 1622012084849,
    "end": 1622012084849,
    "duration": 0,
    "pid": 9192,
    "index": 4
  },
  {
    "name": "Require(1) node_modules/egg-session/config/config.default.js",
    "start": 1622012084852,
    "end": 1622012084853,
    "duration": 1,
    "pid": 9192,
    "index": 5
  },
  {
    "name": "Require(2) node_modules/egg-security/config/config.default.js",
    "start": 1622012084854,
    "end": 1622012084855,
    "duration": 1,
    "pid": 9192,
    "index": 6
  },
  {
    "name": "Require(3) node_modules/egg-jsonp/config/config.default.js",
    "start": 1622012084856,
    "end": 1622012084857,
    "duration": 1,
    "pid": 9192,
    "index": 7
  },
  {
    "name": "Require(4) node_modules/egg-onerror/config/config.default.js",
    "start": 1622012084858,
    "end": 1622012084859,
    "duration": 1,
    "pid": 9192,
    "index": 8
  },
  {
    "name": "Require(5) node_modules/egg-i18n/config/config.default.js",
    "start": 1622012084860,
    "end": 1622012084860,
    "duration": 0,
    "pid": 9192,
    "index": 9
  },
  {
    "name": "Require(6) node_modules/egg-watcher/config/config.default.js",
    "start": 1622012084862,
    "end": 1622012084862,
    "duration": 0,
    "pid": 9192,
    "index": 10
  },
  {
    "name": "Require(7) node_modules/egg-schedule/config/config.default.js",
    "start": 1622012084864,
    "end": 1622012084865,
    "duration": 1,
    "pid": 9192,
    "index": 11
  },
  {
    "name": "Require(8) node_modules/egg-multipart/config/config.default.js",
    "start": 1622012084867,
    "end": 1622012084868,
    "duration": 1,
    "pid": 9192,
    "index": 12
  },
  {
    "name": "Require(9) node_modules/egg-logrotator/config/config.default.js",
    "start": 1622012084869,
    "end": 1622012084869,
    "duration": 0,
    "pid": 9192,
    "index": 13
  },
  {
    "name": "Require(10) node_modules/egg-static/config/config.default.js",
    "start": 1622012084870,
    "end": 1622012084871,
    "duration": 1,
    "pid": 9192,
    "index": 14
  },
  {
    "name": "Require(11) node_modules/egg-view/config/config.default.js",
    "start": 1622012084872,
    "end": 1622012084873,
    "duration": 1,
    "pid": 9192,
    "index": 15
  },
  {
    "name": "Require(12) node_modules/egg-view-nunjucks/config/config.default.js",
    "start": 1622012084874,
    "end": 1622012084875,
    "duration": 1,
    "pid": 9192,
    "index": 16
  },
  {
    "name": "Require(13) node_modules/egg-view-ejs/config/config.default.js",
    "start": 1622012084877,
    "end": 1622012084878,
    "duration": 1,
    "pid": 9192,
    "index": 17
  },
  {
    "name": "Require(14) node_modules/egg-mongoose/config/config.default.js",
    "start": 1622012084879,
    "end": 1622012084880,
    "duration": 1,
    "pid": 9192,
    "index": 18
  },
  {
    "name": "Require(15) node_modules/egg/config/config.default.js",
    "start": 1622012084880,
    "end": 1622012084881,
    "duration": 1,
    "pid": 9192,
    "index": 19
  },
  {
    "name": "Require(16) config/config.default.js",
    "start": 1622012084883,
    "end": 1622012084883,
    "duration": 0,
    "pid": 9192,
    "index": 20
  },
  {
    "name": "Require(17) node_modules/egg-static/config/config.prod.js",
    "start": 1622012084891,
    "end": 1622012084891,
    "duration": 0,
    "pid": 9192,
    "index": 21
  },
  {
    "name": "Load extend/application.js",
    "start": 1622012084896,
    "end": 1622012084980,
    "duration": 84,
    "pid": 9192,
    "index": 22
  },
  {
    "name": "Require(18) node_modules/egg-session/app/extend/application.js",
    "start": 1622012084897,
    "end": 1622012084898,
    "duration": 1,
    "pid": 9192,
    "index": 23
  },
  {
    "name": "Require(19) node_modules/egg-security/app/extend/application.js",
    "start": 1622012084899,
    "end": 1622012084901,
    "duration": 2,
    "pid": 9192,
    "index": 24
  },
  {
    "name": "Require(20) node_modules/egg-jsonp/app/extend/application.js",
    "start": 1622012084902,
    "end": 1622012084905,
    "duration": 3,
    "pid": 9192,
    "index": 25
  },
  {
    "name": "Require(21) node_modules/egg-logrotator/app/extend/application.js",
    "start": 1622012084908,
    "end": 1622012084911,
    "duration": 3,
    "pid": 9192,
    "index": 26
  },
  {
    "name": "Require(22) node_modules/egg-view/app/extend/application.js",
    "start": 1622012084913,
    "end": 1622012084916,
    "duration": 3,
    "pid": 9192,
    "index": 27
  },
  {
    "name": "Require(23) node_modules/egg-view-nunjucks/app/extend/application.js",
    "start": 1622012084917,
    "end": 1622012084969,
    "duration": 52,
    "pid": 9192,
    "index": 28
  },
  {
    "name": "Load extend/request.js",
    "start": 1622012084980,
    "end": 1622012085000,
    "duration": 20,
    "pid": 9192,
    "index": 29
  },
  {
    "name": "Require(24) node_modules/egg/app/extend/request.js",
    "start": 1622012084990,
    "end": 1622012084991,
    "duration": 1,
    "pid": 9192,
    "index": 30
  },
  {
    "name": "Load extend/response.js",
    "start": 1622012085000,
    "end": 1622012085023,
    "duration": 23,
    "pid": 9192,
    "index": 31
  },
  {
    "name": "Require(25) node_modules/egg/app/extend/response.js",
    "start": 1622012085011,
    "end": 1622012085013,
    "duration": 2,
    "pid": 9192,
    "index": 32
  },
  {
    "name": "Load extend/context.js",
    "start": 1622012085023,
    "end": 1622012085157,
    "duration": 134,
    "pid": 9192,
    "index": 33
  },
  {
    "name": "Require(26) node_modules/egg-security/app/extend/context.js",
    "start": 1622012085024,
    "end": 1622012085049,
    "duration": 25,
    "pid": 9192,
    "index": 34
  },
  {
    "name": "Require(27) node_modules/egg-jsonp/app/extend/context.js",
    "start": 1622012085049,
    "end": 1622012085052,
    "duration": 3,
    "pid": 9192,
    "index": 35
  },
  {
    "name": "Require(28) node_modules/egg-i18n/app/extend/context.js",
    "start": 1622012085054,
    "end": 1622012085055,
    "duration": 1,
    "pid": 9192,
    "index": 36
  },
  {
    "name": "Require(29) node_modules/egg-multipart/app/extend/context.js",
    "start": 1622012085058,
    "end": 1622012085139,
    "duration": 81,
    "pid": 9192,
    "index": 37
  },
  {
    "name": "Require(30) node_modules/egg-view/app/extend/context.js",
    "start": 1622012085140,
    "end": 1622012085143,
    "duration": 3,
    "pid": 9192,
    "index": 38
  },
  {
    "name": "Require(31) node_modules/egg-mongoose/app/extend/context.js",
    "start": 1622012085146,
    "end": 1622012085147,
    "duration": 1,
    "pid": 9192,
    "index": 39
  },
  {
    "name": "Require(32) node_modules/egg/app/extend/context.js",
    "start": 1622012085147,
    "end": 1622012085148,
    "duration": 1,
    "pid": 9192,
    "index": 40
  },
  {
    "name": "Load extend/helper.js",
    "start": 1622012085157,
    "end": 1622012085218,
    "duration": 61,
    "pid": 9192,
    "index": 41
  },
  {
    "name": "Require(33) node_modules/egg-security/app/extend/helper.js",
    "start": 1622012085158,
    "end": 1622012085193,
    "duration": 35,
    "pid": 9192,
    "index": 42
  },
  {
    "name": "Require(34) node_modules/egg/app/extend/helper.js",
    "start": 1622012085204,
    "end": 1622012085204,
    "duration": 0,
    "pid": 9192,
    "index": 43
  },
  {
    "name": "Require(35) app/extend/helper.js",
    "start": 1622012085206,
    "end": 1622012085209,
    "duration": 3,
    "pid": 9192,
    "index": 44
  },
  {
    "name": "Load app.js",
    "start": 1622012085218,
    "end": 1622012085293,
    "duration": 75,
    "pid": 9192,
    "index": 45
  },
  {
    "name": "Require(36) node_modules/egg-session/app.js",
    "start": 1622012085219,
    "end": 1622012085219,
    "duration": 0,
    "pid": 9192,
    "index": 46
  },
  {
    "name": "Require(37) node_modules/egg-security/app.js",
    "start": 1622012085221,
    "end": 1622012085224,
    "duration": 3,
    "pid": 9192,
    "index": 47
  },
  {
    "name": "Require(38) node_modules/egg-onerror/app.js",
    "start": 1622012085225,
    "end": 1622012085240,
    "duration": 15,
    "pid": 9192,
    "index": 48
  },
  {
    "name": "Require(39) node_modules/egg-i18n/app.js",
    "start": 1622012085241,
    "end": 1622012085268,
    "duration": 27,
    "pid": 9192,
    "index": 49
  },
  {
    "name": "Require(40) node_modules/egg-watcher/app.js",
    "start": 1622012085269,
    "end": 1622012085276,
    "duration": 7,
    "pid": 9192,
    "index": 50
  },
  {
    "name": "Require(41) node_modules/egg-schedule/app.js",
    "start": 1622012085277,
    "end": 1622012085279,
    "duration": 2,
    "pid": 9192,
    "index": 51
  },
  {
    "name": "Require(42) node_modules/egg-multipart/app.js",
    "start": 1622012085280,
    "end": 1622012085285,
    "duration": 5,
    "pid": 9192,
    "index": 52
  },
  {
    "name": "Require(43) node_modules/egg-logrotator/app.js",
    "start": 1622012085286,
    "end": 1622012085286,
    "duration": 0,
    "pid": 9192,
    "index": 53
  },
  {
    "name": "Require(44) node_modules/egg-static/app.js",
    "start": 1622012085287,
    "end": 1622012085287,
    "duration": 0,
    "pid": 9192,
    "index": 54
  },
  {
    "name": "Require(45) node_modules/egg-view-nunjucks/app.js",
    "start": 1622012085289,
    "end": 1622012085289,
    "duration": 0,
    "pid": 9192,
    "index": 55
  },
  {
    "name": "Require(46) node_modules/egg-view-ejs/app.js",
    "start": 1622012085290,
    "end": 1622012085290,
    "duration": 0,
    "pid": 9192,
    "index": 56
  },
  {
    "name": "Require(47) node_modules/egg-mongoose/app.js",
    "start": 1622012085291,
    "end": 1622012085291,
    "duration": 0,
    "pid": 9192,
    "index": 57
  },
  {
    "name": "Before Start in node_modules/egg-watcher/lib/init.js:15:14",
    "start": 1622012085310,
    "end": 1622012086936,
    "duration": 1626,
    "pid": 9192,
    "index": 58
  },
  {
    "name": "Before Start in node_modules/egg-mongoose/lib/mongoose.js:104:7",
    "start": 1622012086111,
    "end": 1622012087116,
    "duration": 1005,
    "pid": 9192,
    "index": 59
  },
  {
    "name": "Before Start in node_modules/egg-mongoose/lib/mongoose.js:52:9",
    "start": 1622012086111,
    "end": 1622012086912,
    "duration": 801,
    "pid": 9192,
    "index": 60
  },
  {
    "name": "Load Service",
    "start": 1622012086111,
    "end": 1622012086552,
    "duration": 441,
    "pid": 9192,
    "index": 61
  },
  {
    "name": "Load \"service\" to Context",
    "start": 1622012086111,
    "end": 1622012086552,
    "duration": 441,
    "pid": 9192,
    "index": 62
  },
  {
    "name": "Load Middleware",
    "start": 1622012086552,
    "end": 1622012086793,
    "duration": 241,
    "pid": 9192,
    "index": 63
  },
  {
    "name": "Load \"middlewares\" to Application",
    "start": 1622012086553,
    "end": 1622012086770,
    "duration": 217,
    "pid": 9192,
    "index": 64
  },
  {
    "name": "Load Controller",
    "start": 1622012086793,
    "end": 1622012086833,
    "duration": 40,
    "pid": 9192,
    "index": 65
  },
  {
    "name": "Load \"controller\" to Application",
    "start": 1622012086793,
    "end": 1622012086833,
    "duration": 40,
    "pid": 9192,
    "index": 66
  },
  {
    "name": "Load Router",
    "start": 1622012086833,
    "end": 1622012086841,
    "duration": 8,
    "pid": 9192,
    "index": 67
  },
  {
    "name": "Require(48) app/router.js",
    "start": 1622012086833,
    "end": 1622012086834,
    "duration": 1,
    "pid": 9192,
    "index": 68
  },
  {
    "name": "Before Start in node_modules/egg-core/lib/egg.js:303:10",
    "start": 1622012086836,
    "end": 1622012086912,
    "duration": 76,
    "pid": 9192,
    "index": 69
  },
  {
    "name": "Load \"model\" to Application",
    "start": 1622012086854,
    "end": 1622012086911,
    "duration": 57,
    "pid": 9192,
    "index": 70
  }
]