[
  {
    "name": "Process Start",
    "start": 1622012083535,
    "end": 1622012084840,
    "duration": 1305,
    "pid": 10536,
    "index": 0
  },
  {
    "name": "Application Start",
    "start": 1622012084842,
    "end": 1622012087188,
    "duration": 2346,
    "pid": 10536,
    "index": 1
  },
  {
    "name": "Load Plugin",
    "start": 1622012084854,
    "end": 1622012084914,
    "duration": 60,
    "pid": 10536,
    "index": 2
  },
  {
    "name": "Load Config",
    "start": 1622012084914,
    "end": 1622012084958,
    "duration": 44,
    "pid": 10536,
    "index": 3
  },
  {
    "name": "Require(0) config/config.default.js",
    "start": 1622012084916,
    "end": 1622012084916,
    "duration": 0,
    "pid": 10536,
    "index": 4
  },
  {
    "name": "Require(1) node_modules/egg-session/config/config.default.js",
    "start": 1622012084919,
    "end": 1622012084920,
    "duration": 1,
    "pid": 10536,
    "index": 5
  },
  {
    "name": "Require(2) node_modules/egg-security/config/config.default.js",
    "start": 1622012084921,
    "end": 1622012084922,
    "duration": 1,
    "pid": 10536,
    "index": 6
  },
  {
    "name": "Require(3) node_modules/egg-jsonp/config/config.default.js",
    "start": 1622012084923,
    "end": 1622012084925,
    "duration": 2,
    "pid": 10536,
    "index": 7
  },
  {
    "name": "Require(4) node_modules/egg-onerror/config/config.default.js",
    "start": 1622012084926,
    "end": 1622012084927,
    "duration": 1,
    "pid": 10536,
    "index": 8
  },
  {
    "name": "Require(5) node_modules/egg-i18n/config/config.default.js",
    "start": 1622012084928,
    "end": 1622012084929,
    "duration": 1,
    "pid": 10536,
    "index": 9
  },
  {
    "name": "Require(6) node_modules/egg-watcher/config/config.default.js",
    "start": 1622012084930,
    "end": 1622012084930,
    "duration": 0,
    "pid": 10536,
    "index": 10
  },
  {
    "name": "Require(7) node_modules/egg-schedule/config/config.default.js",
    "start": 1622012084931,
    "end": 1622012084932,
    "duration": 1,
    "pid": 10536,
    "index": 11
  },
  {
    "name": "Require(8) node_modules/egg-multipart/config/config.default.js",
    "start": 1622012084933,
    "end": 1622012084934,
    "duration": 1,
    "pid": 10536,
    "index": 12
  },
  {
    "name": "Require(9) node_modules/egg-logrotator/config/config.default.js",
    "start": 1622012084936,
    "end": 1622012084936,
    "duration": 0,
    "pid": 10536,
    "index": 13
  },
  {
    "name": "Require(10) node_modules/egg-static/config/config.default.js",
    "start": 1622012084937,
    "end": 1622012084938,
    "duration": 1,
    "pid": 10536,
    "index": 14
  },
  {
    "name": "Require(11) node_modules/egg-view/config/config.default.js",
    "start": 1622012084939,
    "end": 1622012084940,
    "duration": 1,
    "pid": 10536,
    "index": 15
  },
  {
    "name": "Require(12) node_modules/egg-view-nunjucks/config/config.default.js",
    "start": 1622012084941,
    "end": 1622012084942,
    "duration": 1,
    "pid": 10536,
    "index": 16
  },
  {
    "name": "Require(13) node_modules/egg-view-ejs/config/config.default.js",
    "start": 1622012084943,
    "end": 1622012084944,
    "duration": 1,
    "pid": 10536,
    "index": 17
  },
  {
    "name": "Require(14) node_modules/egg-mongoose/config/config.default.js",
    "start": 1622012084945,
    "end": 1622012084945,
    "duration": 0,
    "pid": 10536,
    "index": 18
  },
  {
    "name": "Require(15) node_modules/egg/config/config.default.js",
    "start": 1622012084946,
    "end": 1622012084947,
    "duration": 1,
    "pid": 10536,
    "index": 19
  },
  {
    "name": "Require(16) config/config.default.js",
    "start": 1622012084948,
    "end": 1622012084948,
    "duration": 0,
    "pid": 10536,
    "index": 20
  },
  {
    "name": "Require(17) node_modules/egg-static/config/config.prod.js",
    "start": 1622012084954,
    "end": 1622012084955,
    "duration": 1,
    "pid": 10536,
    "index": 21
  },
  {
    "name": "Load extend/application.js",
    "start": 1622012084960,
    "end": 1622012085042,
    "duration": 82,
    "pid": 10536,
    "index": 22
  },
  {
    "name": "Require(18) node_modules/egg-session/app/extend/application.js",
    "start": 1622012084961,
    "end": 1622012084962,
    "duration": 1,
    "pid": 10536,
    "index": 23
  },
  {
    "name": "Require(19) node_modules/egg-security/app/extend/application.js",
    "start": 1622012084963,
    "end": 1622012084965,
    "duration": 2,
    "pid": 10536,
    "index": 24
  },
  {
    "name": "Require(20) node_modules/egg-jsonp/app/extend/application.js",
    "start": 1622012084966,
    "end": 1622012084969,
    "duration": 3,
    "pid": 10536,
    "index": 25
  },
  {
    "name": "Require(21) node_modules/egg-logrotator/app/extend/application.js",
    "start": 1622012084973,
    "end": 1622012084976,
    "duration": 3,
    "pid": 10536,
    "index": 26
  },
  {
    "name": "Require(22) node_modules/egg-view/app/extend/application.js",
    "start": 1622012084978,
    "end": 1622012084980,
    "duration": 2,
    "pid": 10536,
    "index": 27
  },
  {
    "name": "Require(23) node_modules/egg-view-nunjucks/app/extend/application.js",
    "start": 1622012084981,
    "end": 1622012085030,
    "duration": 49,
    "pid": 10536,
    "index": 28
  },
  {
    "name": "Load extend/request.js",
    "start": 1622012085042,
    "end": 1622012085062,
    "duration": 20,
    "pid": 10536,
    "index": 29
  },
  {
    "name": "Require(24) node_modules/egg/app/extend/request.js",
    "start": 1622012085051,
    "end": 1622012085052,
    "duration": 1,
    "pid": 10536,
    "index": 30
  },
  {
    "name": "Load extend/response.js",
    "start": 1622012085062,
    "end": 1622012085084,
    "duration": 22,
    "pid": 10536,
    "index": 31
  },
  {
    "name": "Require(25) node_modules/egg/app/extend/response.js",
    "start": 1622012085071,
    "end": 1622012085074,
    "duration": 3,
    "pid": 10536,
    "index": 32
  },
  {
    "name": "Load extend/context.js",
    "start": 1622012085084,
    "end": 1622012085215,
    "duration": 131,
    "pid": 10536,
    "index": 33
  },
  {
    "name": "Require(26) node_modules/egg-security/app/extend/context.js",
    "start": 1622012085085,
    "end": 1622012085110,
    "duration": 25,
    "pid": 10536,
    "index": 34
  },
  {
    "name": "Require(27) node_modules/egg-jsonp/app/extend/context.js",
    "start": 1622012085111,
    "end": 1622012085114,
    "duration": 3,
    "pid": 10536,
    "index": 35
  },
  {
    "name": "Require(28) node_modules/egg-i18n/app/extend/context.js",
    "start": 1622012085116,
    "end": 1622012085117,
    "duration": 1,
    "pid": 10536,
    "index": 36
  },
  {
    "name": "Require(29) node_modules/egg-multipart/app/extend/context.js",
    "start": 1622012085119,
    "end": 1622012085192,
    "duration": 73,
    "pid": 10536,
    "index": 37
  },
  {
    "name": "Require(30) node_modules/egg-view/app/extend/context.js",
    "start": 1622012085194,
    "end": 1622012085196,
    "duration": 2,
    "pid": 10536,
    "index": 38
  },
  {
    "name": "Require(31) node_modules/egg-mongoose/app/extend/context.js",
    "start": 1622012085198,
    "end": 1622012085199,
    "duration": 1,
    "pid": 10536,
    "index": 39
  },
  {
    "name": "Require(32) node_modules/egg/app/extend/context.js",
    "start": 1622012085200,
    "end": 1622012085201,
    "duration": 1,
    "pid": 10536,
    "index": 40
  },
  {
    "name": "Load extend/helper.js",
    "start": 1622012085215,
    "end": 1622012085275,
    "duration": 60,
    "pid": 10536,
    "index": 41
  },
  {
    "name": "Require(33) node_modules/egg-security/app/extend/helper.js",
    "start": 1622012085217,
    "end": 1622012085253,
    "duration": 36,
    "pid": 10536,
    "index": 42
  },
  {
    "name": "Require(34) node_modules/egg/app/extend/helper.js",
    "start": 1622012085259,
    "end": 1622012085260,
    "duration": 1,
    "pid": 10536,
    "index": 43
  },
  {
    "name": "Require(35) app/extend/helper.js",
    "start": 1622012085260,
    "end": 1622012085264,
    "duration": 4,
    "pid": 10536,
    "index": 44
  },
  {
    "name": "Load app.js",
    "start": 1622012085275,
    "end": 1622012085357,
    "duration": 82,
    "pid": 10536,
    "index": 45
  },
  {
    "name": "Require(36) node_modules/egg-session/app.js",
    "start": 1622012085276,
    "end": 1622012085276,
    "duration": 0,
    "pid": 10536,
    "index": 46
  },
  {
    "name": "Require(37) node_modules/egg-security/app.js",
    "start": 1622012085277,
    "end": 1622012085280,
    "duration": 3,
    "pid": 10536,
    "index": 47
  },
  {
    "name": "Require(38) node_modules/egg-onerror/app.js",
    "start": 1622012085283,
    "end": 1622012085302,
    "duration": 19,
    "pid": 10536,
    "index": 48
  },
  {
    "name": "Require(39) node_modules/egg-i18n/app.js",
    "start": 1622012085303,
    "end": 1622012085335,
    "duration": 32,
    "pid": 10536,
    "index": 49
  },
  {
    "name": "Require(40) node_modules/egg-watcher/app.js",
    "start": 1622012085336,
    "end": 1622012085343,
    "duration": 7,
    "pid": 10536,
    "index": 50
  },
  {
    "name": "Require(41) node_modules/egg-schedule/app.js",
    "start": 1622012085344,
    "end": 1622012085346,
    "duration": 2,
    "pid": 10536,
    "index": 51
  },
  {
    "name": "Require(42) node_modules/egg-multipart/app.js",
    "start": 1622012085347,
    "end": 1622012085348,
    "duration": 1,
    "pid": 10536,
    "index": 52
  },
  {
    "name": "Require(43) node_modules/egg-logrotator/app.js",
    "start": 1622012085349,
    "end": 1622012085349,
    "duration": 0,
    "pid": 10536,
    "index": 53
  },
  {
    "name": "Require(44) node_modules/egg-static/app.js",
    "start": 1622012085350,
    "end": 1622012085350,
    "duration": 0,
    "pid": 10536,
    "index": 54
  },
  {
    "name": "Require(45) node_modules/egg-view-nunjucks/app.js",
    "start": 1622012085352,
    "end": 1622012085353,
    "duration": 1,
    "pid": 10536,
    "index": 55
  },
  {
    "name": "Require(46) node_modules/egg-view-ejs/app.js",
    "start": 1622012085353,
    "end": 1622012085354,
    "duration": 1,
    "pid": 10536,
    "index": 56
  },
  {
    "name": "Require(47) node_modules/egg-mongoose/app.js",
    "start": 1622012085354,
    "end": 1622012085355,
    "duration": 1,
    "pid": 10536,
    "index": 57
  },
  {
    "name": "Before Start in node_modules/egg-watcher/lib/init.js:15:14",
    "start": 1622012085372,
    "end": 1622012087007,
    "duration": 1635,
    "pid": 10536,
    "index": 58
  },
  {
    "name": "Before Start in node_modules/egg-mongoose/lib/mongoose.js:104:7",
    "start": 1622012086174,
    "end": 1622012087187,
    "duration": 1013,
    "pid": 10536,
    "index": 59
  },
  {
    "name": "Before Start in node_modules/egg-mongoose/lib/mongoose.js:52:9",
    "start": 1622012086174,
    "end": 1622012086990,
    "duration": 816,
    "pid": 10536,
    "index": 60
  },
  {
    "name": "Load Service",
    "start": 1622012086174,
    "end": 1622012086629,
    "duration": 455,
    "pid": 10536,
    "index": 61
  },
  {
    "name": "Load \"service\" to Context",
    "start": 1622012086174,
    "end": 1622012086629,
    "duration": 455,
    "pid": 10536,
    "index": 62
  },
  {
    "name": "Load Middleware",
    "start": 1622012086629,
    "end": 1622012086866,
    "duration": 237,
    "pid": 10536,
    "index": 63
  },
  {
    "name": "Load \"middlewares\" to Application",
    "start": 1622012086629,
    "end": 1622012086842,
    "duration": 213,
    "pid": 10536,
    "index": 64
  },
  {
    "name": "Load Controller",
    "start": 1622012086867,
    "end": 1622012086906,
    "duration": 39,
    "pid": 10536,
    "index": 65
  },
  {
    "name": "Load \"controller\" to Application",
    "start": 1622012086867,
    "end": 1622012086906,
    "duration": 39,
    "pid": 10536,
    "index": 66
  },
  {
    "name": "Load Router",
    "start": 1622012086906,
    "end": 1622012086915,
    "duration": 9,
    "pid": 10536,
    "index": 67
  },
  {
    "name": "Require(48) app/router.js",
    "start": 1622012086907,
    "end": 1622012086908,
    "duration": 1,
    "pid": 10536,
    "index": 68
  },
  {
    "name": "Before Start in node_modules/egg-core/lib/egg.js:303:10",
    "start": 1622012086910,
    "end": 1622012086990,
    "duration": 80,
    "pid": 10536,
    "index": 69
  },
  {
    "name": "Load \"model\" to Application",
    "start": 1622012086934,
    "end": 1622012086988,
    "duration": 54,
    "pid": 10536,
    "index": 70
  }
]