[
  {
    "name": "Process Start",
    "start": 1622012083684,
    "end": 1622012085069,
    "duration": 1385,
    "pid": 25688,
    "index": 0
  },
  {
    "name": "Application Start",
    "start": 1622012085070,
    "end": 1622012087411,
    "duration": 2341,
    "pid": 25688,
    "index": 1
  },
  {
    "name": "Load Plugin",
    "start": 1622012085082,
    "end": 1622012085147,
    "duration": 65,
    "pid": 25688,
    "index": 2
  },
  {
    "name": "Load Config",
    "start": 1622012085147,
    "end": 1622012085190,
    "duration": 43,
    "pid": 25688,
    "index": 3
  },
  {
    "name": "Require(0) config/config.default.js",
    "start": 1622012085148,
    "end": 1622012085149,
    "duration": 1,
    "pid": 25688,
    "index": 4
  },
  {
    "name": "Require(1) node_modules/egg-session/config/config.default.js",
    "start": 1622012085151,
    "end": 1622012085152,
    "duration": 1,
    "pid": 25688,
    "index": 5
  },
  {
    "name": "Require(2) node_modules/egg-security/config/config.default.js",
    "start": 1622012085153,
    "end": 1622012085154,
    "duration": 1,
    "pid": 25688,
    "index": 6
  },
  {
    "name": "Require(3) node_modules/egg-jsonp/config/config.default.js",
    "start": 1622012085155,
    "end": 1622012085156,
    "duration": 1,
    "pid": 25688,
    "index": 7
  },
  {
    "name": "Require(4) node_modules/egg-onerror/config/config.default.js",
    "start": 1622012085157,
    "end": 1622012085158,
    "duration": 1,
    "pid": 25688,
    "index": 8
  },
  {
    "name": "Require(5) node_modules/egg-i18n/config/config.default.js",
    "start": 1622012085159,
    "end": 1622012085160,
    "duration": 1,
    "pid": 25688,
    "index": 9
  },
  {
    "name": "Require(6) node_modules/egg-watcher/config/config.default.js",
    "start": 1622012085161,
    "end": 1622012085162,
    "duration": 1,
    "pid": 25688,
    "index": 10
  },
  {
    "name": "Require(7) node_modules/egg-schedule/config/config.default.js",
    "start": 1622012085164,
    "end": 1622012085164,
    "duration": 0,
    "pid": 25688,
    "index": 11
  },
  {
    "name": "Require(8) node_modules/egg-multipart/config/config.default.js",
    "start": 1622012085165,
    "end": 1622012085166,
    "duration": 1,
    "pid": 25688,
    "index": 12
  },
  {
    "name": "Require(9) node_modules/egg-logrotator/config/config.default.js",
    "start": 1622012085167,
    "end": 1622012085168,
    "duration": 1,
    "pid": 25688,
    "index": 13
  },
  {
    "name": "Require(10) node_modules/egg-static/config/config.default.js",
    "start": 1622012085169,
    "end": 1622012085170,
    "duration": 1,
    "pid": 25688,
    "index": 14
  },
  {
    "name": "Require(11) node_modules/egg-view/config/config.default.js",
    "start": 1622012085171,
    "end": 1622012085172,
    "duration": 1,
    "pid": 25688,
    "index": 15
  },
  {
    "name": "Require(12) node_modules/egg-view-nunjucks/config/config.default.js",
    "start": 1622012085173,
    "end": 1622012085174,
    "duration": 1,
    "pid": 25688,
    "index": 16
  },
  {
    "name": "Require(13) node_modules/egg-view-ejs/config/config.default.js",
    "start": 1622012085175,
    "end": 1622012085175,
    "duration": 0,
    "pid": 25688,
    "index": 17
  },
  {
    "name": "Require(14) node_modules/egg-mongoose/config/config.default.js",
    "start": 1622012085176,
    "end": 1622012085177,
    "duration": 1,
    "pid": 25688,
    "index": 18
  },
  {
    "name": "Require(15) node_modules/egg/config/config.default.js",
    "start": 1622012085178,
    "end": 1622012085179,
    "duration": 1,
    "pid": 25688,
    "index": 19
  },
  {
    "name": "Require(16) config/config.default.js",
    "start": 1622012085180,
    "end": 1622012085180,
    "duration": 0,
    "pid": 25688,
    "index": 20
  },
  {
    "name": "Require(17) node_modules/egg-static/config/config.prod.js",
    "start": 1622012085187,
    "end": 1622012085187,
    "duration": 0,
    "pid": 25688,
    "index": 21
  },
  {
    "name": "Load extend/application.js",
    "start": 1622012085191,
    "end": 1622012085275,
    "duration": 84,
    "pid": 25688,
    "index": 22
  },
  {
    "name": "Require(18) node_modules/egg-session/app/extend/application.js",
    "start": 1622012085192,
    "end": 1622012085193,
    "duration": 1,
    "pid": 25688,
    "index": 23
  },
  {
    "name": "Require(19) node_modules/egg-security/app/extend/application.js",
    "start": 1622012085194,
    "end": 1622012085197,
    "duration": 3,
    "pid": 25688,
    "index": 24
  },
  {
    "name": "Require(20) node_modules/egg-jsonp/app/extend/application.js",
    "start": 1622012085200,
    "end": 1622012085202,
    "duration": 2,
    "pid": 25688,
    "index": 25
  },
  {
    "name": "Require(21) node_modules/egg-logrotator/app/extend/application.js",
    "start": 1622012085206,
    "end": 1622012085209,
    "duration": 3,
    "pid": 25688,
    "index": 26
  },
  {
    "name": "Require(22) node_modules/egg-view/app/extend/application.js",
    "start": 1622012085211,
    "end": 1622012085214,
    "duration": 3,
    "pid": 25688,
    "index": 27
  },
  {
    "name": "Require(23) node_modules/egg-view-nunjucks/app/extend/application.js",
    "start": 1622012085215,
    "end": 1622012085262,
    "duration": 47,
    "pid": 25688,
    "index": 28
  },
  {
    "name": "Load extend/request.js",
    "start": 1622012085275,
    "end": 1622012085299,
    "duration": 24,
    "pid": 25688,
    "index": 29
  },
  {
    "name": "Require(24) node_modules/egg/app/extend/request.js",
    "start": 1622012085285,
    "end": 1622012085286,
    "duration": 1,
    "pid": 25688,
    "index": 30
  },
  {
    "name": "Load extend/response.js",
    "start": 1622012085299,
    "end": 1622012085326,
    "duration": 27,
    "pid": 25688,
    "index": 31
  },
  {
    "name": "Require(25) node_modules/egg/app/extend/response.js",
    "start": 1622012085309,
    "end": 1622012085314,
    "duration": 5,
    "pid": 25688,
    "index": 32
  },
  {
    "name": "Load extend/context.js",
    "start": 1622012085326,
    "end": 1622012085455,
    "duration": 129,
    "pid": 25688,
    "index": 33
  },
  {
    "name": "Require(26) node_modules/egg-security/app/extend/context.js",
    "start": 1622012085328,
    "end": 1622012085354,
    "duration": 26,
    "pid": 25688,
    "index": 34
  },
  {
    "name": "Require(27) node_modules/egg-jsonp/app/extend/context.js",
    "start": 1622012085355,
    "end": 1622012085359,
    "duration": 4,
    "pid": 25688,
    "index": 35
  },
  {
    "name": "Require(28) node_modules/egg-i18n/app/extend/context.js",
    "start": 1622012085361,
    "end": 1622012085361,
    "duration": 0,
    "pid": 25688,
    "index": 36
  },
  {
    "name": "Require(29) node_modules/egg-multipart/app/extend/context.js",
    "start": 1622012085364,
    "end": 1622012085435,
    "duration": 71,
    "pid": 25688,
    "index": 37
  },
  {
    "name": "Require(30) node_modules/egg-view/app/extend/context.js",
    "start": 1622012085437,
    "end": 1622012085439,
    "duration": 2,
    "pid": 25688,
    "index": 38
  },
  {
    "name": "Require(31) node_modules/egg-mongoose/app/extend/context.js",
    "start": 1622012085441,
    "end": 1622012085442,
    "duration": 1,
    "pid": 25688,
    "index": 39
  },
  {
    "name": "Require(32) node_modules/egg/app/extend/context.js",
    "start": 1622012085443,
    "end": 1622012085444,
    "duration": 1,
    "pid": 25688,
    "index": 40
  },
  {
    "name": "Load extend/helper.js",
    "start": 1622012085455,
    "end": 1622012085513,
    "duration": 58,
    "pid": 25688,
    "index": 41
  },
  {
    "name": "Require(33) node_modules/egg-security/app/extend/helper.js",
    "start": 1622012085456,
    "end": 1622012085490,
    "duration": 34,
    "pid": 25688,
    "index": 42
  },
  {
    "name": "Require(34) node_modules/egg/app/extend/helper.js",
    "start": 1622012085496,
    "end": 1622012085497,
    "duration": 1,
    "pid": 25688,
    "index": 43
  },
  {
    "name": "Require(35) app/extend/helper.js",
    "start": 1622012085497,
    "end": 1622012085501,
    "duration": 4,
    "pid": 25688,
    "index": 44
  },
  {
    "name": "Load app.js",
    "start": 1622012085514,
    "end": 1622012085591,
    "duration": 77,
    "pid": 25688,
    "index": 45
  },
  {
    "name": "Require(36) node_modules/egg-session/app.js",
    "start": 1622012085514,
    "end": 1622012085515,
    "duration": 1,
    "pid": 25688,
    "index": 46
  },
  {
    "name": "Require(37) node_modules/egg-security/app.js",
    "start": 1622012085516,
    "end": 1622012085519,
    "duration": 3,
    "pid": 25688,
    "index": 47
  },
  {
    "name": "Require(38) node_modules/egg-onerror/app.js",
    "start": 1622012085521,
    "end": 1622012085535,
    "duration": 14,
    "pid": 25688,
    "index": 48
  },
  {
    "name": "Require(39) node_modules/egg-i18n/app.js",
    "start": 1622012085536,
    "end": 1622012085564,
    "duration": 28,
    "pid": 25688,
    "index": 49
  },
  {
    "name": "Require(40) node_modules/egg-watcher/app.js",
    "start": 1622012085564,
    "end": 1622012085575,
    "duration": 11,
    "pid": 25688,
    "index": 50
  },
  {
    "name": "Require(41) node_modules/egg-schedule/app.js",
    "start": 1622012085576,
    "end": 1622012085579,
    "duration": 3,
    "pid": 25688,
    "index": 51
  },
  {
    "name": "Require(42) node_modules/egg-multipart/app.js",
    "start": 1622012085580,
    "end": 1622012085581,
    "duration": 1,
    "pid": 25688,
    "index": 52
  },
  {
    "name": "Require(43) node_modules/egg-logrotator/app.js",
    "start": 1622012085582,
    "end": 1622012085582,
    "duration": 0,
    "pid": 25688,
    "index": 53
  },
  {
    "name": "Require(44) node_modules/egg-static/app.js",
    "start": 1622012085583,
    "end": 1622012085584,
    "duration": 1,
    "pid": 25688,
    "index": 54
  },
  {
    "name": "Require(45) node_modules/egg-view-nunjucks/app.js",
    "start": 1622012085586,
    "end": 1622012085586,
    "duration": 0,
    "pid": 25688,
    "index": 55
  },
  {
    "name": "Require(46) node_modules/egg-view-ejs/app.js",
    "start": 1622012085587,
    "end": 1622012085587,
    "duration": 0,
    "pid": 25688,
    "index": 56
  },
  {
    "name": "Require(47) node_modules/egg-mongoose/app.js",
    "start": 1622012085588,
    "end": 1622012085588,
    "duration": 0,
    "pid": 25688,
    "index": 57
  },
  {
    "name": "Before Start in node_modules/egg-watcher/lib/init.js:15:14",
    "start": 1622012085606,
    "end": 1622012087231,
    "duration": 1625,
    "pid": 25688,
    "index": 58
  },
  {
    "name": "Before Start in node_modules/egg-mongoose/lib/mongoose.js:104:7",
    "start": 1622012086418,
    "end": 1622012087410,
    "duration": 992,
    "pid": 25688,
    "index": 59
  },
  {
    "name": "Before Start in node_modules/egg-mongoose/lib/mongoose.js:52:9",
    "start": 1622012086419,
    "end": 1622012087216,
    "duration": 797,
    "pid": 25688,
    "index": 60
  },
  {
    "name": "Load Service",
    "start": 1622012086419,
    "end": 1622012086871,
    "duration": 452,
    "pid": 25688,
    "index": 61
  },
  {
    "name": "Load \"service\" to Context",
    "start": 1622012086419,
    "end": 1622012086871,
    "duration": 452,
    "pid": 25688,
    "index": 62
  },
  {
    "name": "Load Middleware",
    "start": 1622012086871,
    "end": 1622012087109,
    "duration": 238,
    "pid": 25688,
    "index": 63
  },
  {
    "name": "Load \"middlewares\" to Application",
    "start": 1622012086871,
    "end": 1622012087086,
    "duration": 215,
    "pid": 25688,
    "index": 64
  },
  {
    "name": "Load Controller",
    "start": 1622012087109,
    "end": 1622012087143,
    "duration": 34,
    "pid": 25688,
    "index": 65
  },
  {
    "name": "Load \"controller\" to Application",
    "start": 1622012087109,
    "end": 1622012087143,
    "duration": 34,
    "pid": 25688,
    "index": 66
  },
  {
    "name": "Load Router",
    "start": 1622012087144,
    "end": 1622012087150,
    "duration": 6,
    "pid": 25688,
    "index": 67
  },
  {
    "name": "Require(48) app/router.js",
    "start": 1622012087144,
    "end": 1622012087145,
    "duration": 1,
    "pid": 25688,
    "index": 68
  },
  {
    "name": "Before Start in node_modules/egg-core/lib/egg.js:303:10",
    "start": 1622012087146,
    "end": 1622012087216,
    "duration": 70,
    "pid": 25688,
    "index": 69
  },
  {
    "name": "Load \"model\" to Application",
    "start": 1622012087161,
    "end": 1622012087215,
    "duration": 54,
    "pid": 25688,
    "index": 70
  }
]