[
  {
    "name": "Process Start",
    "start": 1622012605030,
    "end": 1622012606396,
    "duration": 1366,
    "pid": 22940,
    "index": 0
  },
  {
    "name": "Application Start",
    "start": 1622012606398,
    "end": 1622012608902,
    "duration": 2504,
    "pid": 22940,
    "index": 1
  },
  {
    "name": "Load Plugin",
    "start": 1622012606408,
    "end": 1622012606484,
    "duration": 76,
    "pid": 22940,
    "index": 2
  },
  {
    "name": "Load Config",
    "start": 1622012606484,
    "end": 1622012606537,
    "duration": 53,
    "pid": 22940,
    "index": 3
  },
  {
    "name": "Require(0) config/config.default.js",
    "start": 1622012606485,
    "end": 1622012606486,
    "duration": 1,
    "pid": 22940,
    "index": 4
  },
  {
    "name": "Require(1) node_modules/egg-session/config/config.default.js",
    "start": 1622012606490,
    "end": 1622012606491,
    "duration": 1,
    "pid": 22940,
    "index": 5
  },
  {
    "name": "Require(2) node_modules/egg-security/config/config.default.js",
    "start": 1622012606493,
    "end": 1622012606494,
    "duration": 1,
    "pid": 22940,
    "index": 6
  },
  {
    "name": "Require(3) node_modules/egg-jsonp/config/config.default.js",
    "start": 1622012606496,
    "end": 1622012606497,
    "duration": 1,
    "pid": 22940,
    "index": 7
  },
  {
    "name": "Require(4) node_modules/egg-onerror/config/config.default.js",
    "start": 1622012606498,
    "end": 1622012606499,
    "duration": 1,
    "pid": 22940,
    "index": 8
  },
  {
    "name": "Require(5) node_modules/egg-i18n/config/config.default.js",
    "start": 1622012606500,
    "end": 1622012606501,
    "duration": 1,
    "pid": 22940,
    "index": 9
  },
  {
    "name": "Require(6) node_modules/egg-watcher/config/config.default.js",
    "start": 1622012606502,
    "end": 1622012606503,
    "duration": 1,
    "pid": 22940,
    "index": 10
  },
  {
    "name": "Require(7) node_modules/egg-schedule/config/config.default.js",
    "start": 1622012606504,
    "end": 1622012606505,
    "duration": 1,
    "pid": 22940,
    "index": 11
  },
  {
    "name": "Require(8) node_modules/egg-multipart/config/config.default.js",
    "start": 1622012606507,
    "end": 1622012606508,
    "duration": 1,
    "pid": 22940,
    "index": 12
  },
  {
    "name": "Require(9) node_modules/egg-logrotator/config/config.default.js",
    "start": 1622012606509,
    "end": 1622012606510,
    "duration": 1,
    "pid": 22940,
    "index": 13
  },
  {
    "name": "Require(10) node_modules/egg-static/config/config.default.js",
    "start": 1622012606513,
    "end": 1622012606514,
    "duration": 1,
    "pid": 22940,
    "index": 14
  },
  {
    "name": "Require(11) node_modules/egg-view/config/config.default.js",
    "start": 1622012606515,
    "end": 1622012606516,
    "duration": 1,
    "pid": 22940,
    "index": 15
  },
  {
    "name": "Require(12) node_modules/egg-view-nunjucks/config/config.default.js",
    "start": 1622012606518,
    "end": 1622012606518,
    "duration": 0,
    "pid": 22940,
    "index": 16
  },
  {
    "name": "Require(13) node_modules/egg-view-ejs/config/config.default.js",
    "start": 1622012606519,
    "end": 1622012606520,
    "duration": 1,
    "pid": 22940,
    "index": 17
  },
  {
    "name": "Require(14) node_modules/egg-mongoose/config/config.default.js",
    "start": 1622012606521,
    "end": 1622012606522,
    "duration": 1,
    "pid": 22940,
    "index": 18
  },
  {
    "name": "Require(15) node_modules/egg/config/config.default.js",
    "start": 1622012606524,
    "end": 1622012606524,
    "duration": 0,
    "pid": 22940,
    "index": 19
  },
  {
    "name": "Require(16) config/config.default.js",
    "start": 1622012606526,
    "end": 1622012606526,
    "duration": 0,
    "pid": 22940,
    "index": 20
  },
  {
    "name": "Require(17) node_modules/egg-static/config/config.prod.js",
    "start": 1622012606534,
    "end": 1622012606534,
    "duration": 0,
    "pid": 22940,
    "index": 21
  },
  {
    "name": "Load extend/application.js",
    "start": 1622012606539,
    "end": 1622012606634,
    "duration": 95,
    "pid": 22940,
    "index": 22
  },
  {
    "name": "Require(18) node_modules/egg-session/app/extend/application.js",
    "start": 1622012606540,
    "end": 1622012606541,
    "duration": 1,
    "pid": 22940,
    "index": 23
  },
  {
    "name": "Require(19) node_modules/egg-security/app/extend/application.js",
    "start": 1622012606542,
    "end": 1622012606546,
    "duration": 4,
    "pid": 22940,
    "index": 24
  },
  {
    "name": "Require(20) node_modules/egg-jsonp/app/extend/application.js",
    "start": 1622012606547,
    "end": 1622012606550,
    "duration": 3,
    "pid": 22940,
    "index": 25
  },
  {
    "name": "Require(21) node_modules/egg-logrotator/app/extend/application.js",
    "start": 1622012606554,
    "end": 1622012606558,
    "duration": 4,
    "pid": 22940,
    "index": 26
  },
  {
    "name": "Require(22) node_modules/egg-view/app/extend/application.js",
    "start": 1622012606561,
    "end": 1622012606564,
    "duration": 3,
    "pid": 22940,
    "index": 27
  },
  {
    "name": "Require(23) node_modules/egg-view-nunjucks/app/extend/application.js",
    "start": 1622012606565,
    "end": 1622012606619,
    "duration": 54,
    "pid": 22940,
    "index": 28
  },
  {
    "name": "Load extend/request.js",
    "start": 1622012606634,
    "end": 1622012606658,
    "duration": 24,
    "pid": 22940,
    "index": 29
  },
  {
    "name": "Require(24) node_modules/egg/app/extend/request.js",
    "start": 1622012606644,
    "end": 1622012606645,
    "duration": 1,
    "pid": 22940,
    "index": 30
  },
  {
    "name": "Load extend/response.js",
    "start": 1622012606658,
    "end": 1622012606685,
    "duration": 27,
    "pid": 22940,
    "index": 31
  },
  {
    "name": "Require(25) node_modules/egg/app/extend/response.js",
    "start": 1622012606671,
    "end": 1622012606675,
    "duration": 4,
    "pid": 22940,
    "index": 32
  },
  {
    "name": "Load extend/context.js",
    "start": 1622012606685,
    "end": 1622012606817,
    "duration": 132,
    "pid": 22940,
    "index": 33
  },
  {
    "name": "Require(26) node_modules/egg-security/app/extend/context.js",
    "start": 1622012606687,
    "end": 1622012606708,
    "duration": 21,
    "pid": 22940,
    "index": 34
  },
  {
    "name": "Require(27) node_modules/egg-jsonp/app/extend/context.js",
    "start": 1622012606710,
    "end": 1622012606713,
    "duration": 3,
    "pid": 22940,
    "index": 35
  },
  {
    "name": "Require(28) node_modules/egg-i18n/app/extend/context.js",
    "start": 1622012606714,
    "end": 1622012606715,
    "duration": 1,
    "pid": 22940,
    "index": 36
  },
  {
    "name": "Require(29) node_modules/egg-multipart/app/extend/context.js",
    "start": 1622012606717,
    "end": 1622012606796,
    "duration": 79,
    "pid": 22940,
    "index": 37
  },
  {
    "name": "Require(30) node_modules/egg-view/app/extend/context.js",
    "start": 1622012606798,
    "end": 1622012606800,
    "duration": 2,
    "pid": 22940,
    "index": 38
  },
  {
    "name": "Require(31) node_modules/egg-mongoose/app/extend/context.js",
    "start": 1622012606803,
    "end": 1622012606804,
    "duration": 1,
    "pid": 22940,
    "index": 39
  },
  {
    "name": "Require(32) node_modules/egg/app/extend/context.js",
    "start": 1622012606805,
    "end": 1622012606806,
    "duration": 1,
    "pid": 22940,
    "index": 40
  },
  {
    "name": "Load extend/helper.js",
    "start": 1622012606818,
    "end": 1622012606888,
    "duration": 70,
    "pid": 22940,
    "index": 41
  },
  {
    "name": "Require(33) node_modules/egg-security/app/extend/helper.js",
    "start": 1622012606819,
    "end": 1622012606859,
    "duration": 40,
    "pid": 22940,
    "index": 42
  },
  {
    "name": "Require(34) node_modules/egg/app/extend/helper.js",
    "start": 1622012606866,
    "end": 1622012606867,
    "duration": 1,
    "pid": 22940,
    "index": 43
  },
  {
    "name": "Require(35) app/extend/helper.js",
    "start": 1622012606868,
    "end": 1622012606877,
    "duration": 9,
    "pid": 22940,
    "index": 44
  },
  {
    "name": "Load app.js",
    "start": 1622012606888,
    "end": 1622012606968,
    "duration": 80,
    "pid": 22940,
    "index": 45
  },
  {
    "name": "Require(36) node_modules/egg-session/app.js",
    "start": 1622012606889,
    "end": 1622012606889,
    "duration": 0,
    "pid": 22940,
    "index": 46
  },
  {
    "name": "Require(37) node_modules/egg-security/app.js",
    "start": 1622012606890,
    "end": 1622012606894,
    "duration": 4,
    "pid": 22940,
    "index": 47
  },
  {
    "name": "Require(38) node_modules/egg-onerror/app.js",
    "start": 1622012606895,
    "end": 1622012606912,
    "duration": 17,
    "pid": 22940,
    "index": 48
  },
  {
    "name": "Require(39) node_modules/egg-i18n/app.js",
    "start": 1622012606913,
    "end": 1622012606943,
    "duration": 30,
    "pid": 22940,
    "index": 49
  },
  {
    "name": "Require(40) node_modules/egg-watcher/app.js",
    "start": 1622012606945,
    "end": 1622012606952,
    "duration": 7,
    "pid": 22940,
    "index": 50
  },
  {
    "name": "Require(41) node_modules/egg-schedule/app.js",
    "start": 1622012606953,
    "end": 1622012606955,
    "duration": 2,
    "pid": 22940,
    "index": 51
  },
  {
    "name": "Require(42) node_modules/egg-multipart/app.js",
    "start": 1622012606956,
    "end": 1622012606957,
    "duration": 1,
    "pid": 22940,
    "index": 52
  },
  {
    "name": "Require(43) node_modules/egg-logrotator/app.js",
    "start": 1622012606959,
    "end": 1622012606960,
    "duration": 1,
    "pid": 22940,
    "index": 53
  },
  {
    "name": "Require(44) node_modules/egg-static/app.js",
    "start": 1622012606961,
    "end": 1622012606961,
    "duration": 0,
    "pid": 22940,
    "index": 54
  },
  {
    "name": "Require(45) node_modules/egg-view-nunjucks/app.js",
    "start": 1622012606963,
    "end": 1622012606963,
    "duration": 0,
    "pid": 22940,
    "index": 55
  },
  {
    "name": "Require(46) node_modules/egg-view-ejs/app.js",
    "start": 1622012606964,
    "end": 1622012606964,
    "duration": 0,
    "pid": 22940,
    "index": 56
  },
  {
    "name": "Require(47) node_modules/egg-mongoose/app.js",
    "start": 1622012606965,
    "end": 1622012606966,
    "duration": 1,
    "pid": 22940,
    "index": 57
  },
  {
    "name": "Before Start in node_modules/egg-watcher/lib/init.js:15:14",
    "start": 1622012606986,
    "end": 1622012608714,
    "duration": 1728,
    "pid": 22940,
    "index": 58
  },
  {
    "name": "Before Start in node_modules/egg-mongoose/lib/mongoose.js:104:7",
    "start": 1622012607850,
    "end": 1622012608901,
    "duration": 1051,
    "pid": 22940,
    "index": 59
  },
  {
    "name": "Before Start in node_modules/egg-mongoose/lib/mongoose.js:52:9",
    "start": 1622012607850,
    "end": 1622012608696,
    "duration": 846,
    "pid": 22940,
    "index": 60
  },
  {
    "name": "Load Service",
    "start": 1622012607850,
    "end": 1622012608325,
    "duration": 475,
    "pid": 22940,
    "index": 61
  },
  {
    "name": "Load \"service\" to Context",
    "start": 1622012607850,
    "end": 1622012608325,
    "duration": 475,
    "pid": 22940,
    "index": 62
  },
  {
    "name": "Load Middleware",
    "start": 1622012608325,
    "end": 1622012608572,
    "duration": 247,
    "pid": 22940,
    "index": 63
  },
  {
    "name": "Load \"middlewares\" to Application",
    "start": 1622012608326,
    "end": 1622012608548,
    "duration": 222,
    "pid": 22940,
    "index": 64
  },
  {
    "name": "Load Controller",
    "start": 1622012608573,
    "end": 1622012608611,
    "duration": 38,
    "pid": 22940,
    "index": 65
  },
  {
    "name": "Load \"controller\" to Application",
    "start": 1622012608573,
    "end": 1622012608611,
    "duration": 38,
    "pid": 22940,
    "index": 66
  },
  {
    "name": "Load Router",
    "start": 1622012608611,
    "end": 1622012608619,
    "duration": 8,
    "pid": 22940,
    "index": 67
  },
  {
    "name": "Require(48) app/router.js",
    "start": 1622012608612,
    "end": 1622012608613,
    "duration": 1,
    "pid": 22940,
    "index": 68
  },
  {
    "name": "Before Start in node_modules/egg-core/lib/egg.js:303:10",
    "start": 1622012608615,
    "end": 1622012608696,
    "duration": 81,
    "pid": 22940,
    "index": 69
  },
  {
    "name": "Load \"model\" to Application",
    "start": 1622012608634,
    "end": 1622012608695,
    "duration": 61,
    "pid": 22940,
    "index": 70
  }
]