[
  {
    "name": "Process Start",
    "start": 1622012270125,
    "end": 1622012271524,
    "duration": 1399,
    "pid": 19128,
    "index": 0
  },
  {
    "name": "Application Start",
    "start": 1622012271526,
    "end": 1622012273840,
    "duration": 2314,
    "pid": 19128,
    "index": 1
  },
  {
    "name": "Load Plugin",
    "start": 1622012271537,
    "end": 1622012271602,
    "duration": 65,
    "pid": 19128,
    "index": 2
  },
  {
    "name": "Load Config",
    "start": 1622012271602,
    "end": 1622012271650,
    "duration": 48,
    "pid": 19128,
    "index": 3
  },
  {
    "name": "Require(0) config/config.default.js",
    "start": 1622012271604,
    "end": 1622012271604,
    "duration": 0,
    "pid": 19128,
    "index": 4
  },
  {
    "name": "Require(1) node_modules/egg-session/config/config.default.js",
    "start": 1622012271607,
    "end": 1622012271608,
    "duration": 1,
    "pid": 19128,
    "index": 5
  },
  {
    "name": "Require(2) node_modules/egg-security/config/config.default.js",
    "start": 1622012271608,
    "end": 1622012271609,
    "duration": 1,
    "pid": 19128,
    "index": 6
  },
  {
    "name": "Require(3) node_modules/egg-jsonp/config/config.default.js",
    "start": 1622012271611,
    "end": 1622012271612,
    "duration": 1,
    "pid": 19128,
    "index": 7
  },
  {
    "name": "Require(4) node_modules/egg-onerror/config/config.default.js",
    "start": 1622012271613,
    "end": 1622012271613,
    "duration": 0,
    "pid": 19128,
    "index": 8
  },
  {
    "name": "Require(5) node_modules/egg-i18n/config/config.default.js",
    "start": 1622012271615,
    "end": 1622012271615,
    "duration": 0,
    "pid": 19128,
    "index": 9
  },
  {
    "name": "Require(6) node_modules/egg-watcher/config/config.default.js",
    "start": 1622012271616,
    "end": 1622012271617,
    "duration": 1,
    "pid": 19128,
    "index": 10
  },
  {
    "name": "Require(7) node_modules/egg-schedule/config/config.default.js",
    "start": 1622012271618,
    "end": 1622012271619,
    "duration": 1,
    "pid": 19128,
    "index": 11
  },
  {
    "name": "Require(8) node_modules/egg-multipart/config/config.default.js",
    "start": 1622012271620,
    "end": 1622012271622,
    "duration": 2,
    "pid": 19128,
    "index": 12
  },
  {
    "name": "Require(9) node_modules/egg-logrotator/config/config.default.js",
    "start": 1622012271623,
    "end": 1622012271624,
    "duration": 1,
    "pid": 19128,
    "index": 13
  },
  {
    "name": "Require(10) node_modules/egg-static/config/config.default.js",
    "start": 1622012271625,
    "end": 1622012271626,
    "duration": 1,
    "pid": 19128,
    "index": 14
  },
  {
    "name": "Require(11) node_modules/egg-view/config/config.default.js",
    "start": 1622012271627,
    "end": 1622012271627,
    "duration": 0,
    "pid": 19128,
    "index": 15
  },
  {
    "name": "Require(12) node_modules/egg-view-nunjucks/config/config.default.js",
    "start": 1622012271629,
    "end": 1622012271630,
    "duration": 1,
    "pid": 19128,
    "index": 16
  },
  {
    "name": "Require(13) node_modules/egg-view-ejs/config/config.default.js",
    "start": 1622012271631,
    "end": 1622012271632,
    "duration": 1,
    "pid": 19128,
    "index": 17
  },
  {
    "name": "Require(14) node_modules/egg-mongoose/config/config.default.js",
    "start": 1622012271633,
    "end": 1622012271634,
    "duration": 1,
    "pid": 19128,
    "index": 18
  },
  {
    "name": "Require(15) node_modules/egg/config/config.default.js",
    "start": 1622012271635,
    "end": 1622012271636,
    "duration": 1,
    "pid": 19128,
    "index": 19
  },
  {
    "name": "Require(16) config/config.default.js",
    "start": 1622012271637,
    "end": 1622012271637,
    "duration": 0,
    "pid": 19128,
    "index": 20
  },
  {
    "name": "Require(17) node_modules/egg-static/config/config.prod.js",
    "start": 1622012271644,
    "end": 1622012271645,
    "duration": 1,
    "pid": 19128,
    "index": 21
  },
  {
    "name": "Load extend/application.js",
    "start": 1622012271651,
    "end": 1622012271730,
    "duration": 79,
    "pid": 19128,
    "index": 22
  },
  {
    "name": "Require(18) node_modules/egg-session/app/extend/application.js",
    "start": 1622012271653,
    "end": 1622012271653,
    "duration": 0,
    "pid": 19128,
    "index": 23
  },
  {
    "name": "Require(19) node_modules/egg-security/app/extend/application.js",
    "start": 1622012271654,
    "end": 1622012271657,
    "duration": 3,
    "pid": 19128,
    "index": 24
  },
  {
    "name": "Require(20) node_modules/egg-jsonp/app/extend/application.js",
    "start": 1622012271658,
    "end": 1622012271660,
    "duration": 2,
    "pid": 19128,
    "index": 25
  },
  {
    "name": "Require(21) node_modules/egg-logrotator/app/extend/application.js",
    "start": 1622012271664,
    "end": 1622012271667,
    "duration": 3,
    "pid": 19128,
    "index": 26
  },
  {
    "name": "Require(22) node_modules/egg-view/app/extend/application.js",
    "start": 1622012271668,
    "end": 1622012271671,
    "duration": 3,
    "pid": 19128,
    "index": 27
  },
  {
    "name": "Require(23) node_modules/egg-view-nunjucks/app/extend/application.js",
    "start": 1622012271672,
    "end": 1622012271720,
    "duration": 48,
    "pid": 19128,
    "index": 28
  },
  {
    "name": "Load extend/request.js",
    "start": 1622012271730,
    "end": 1622012271749,
    "duration": 19,
    "pid": 19128,
    "index": 29
  },
  {
    "name": "Require(24) node_modules/egg/app/extend/request.js",
    "start": 1622012271739,
    "end": 1622012271740,
    "duration": 1,
    "pid": 19128,
    "index": 30
  },
  {
    "name": "Load extend/response.js",
    "start": 1622012271749,
    "end": 1622012271768,
    "duration": 19,
    "pid": 19128,
    "index": 31
  },
  {
    "name": "Require(25) node_modules/egg/app/extend/response.js",
    "start": 1622012271757,
    "end": 1622012271760,
    "duration": 3,
    "pid": 19128,
    "index": 32
  },
  {
    "name": "Load extend/context.js",
    "start": 1622012271768,
    "end": 1622012271895,
    "duration": 127,
    "pid": 19128,
    "index": 33
  },
  {
    "name": "Require(26) node_modules/egg-security/app/extend/context.js",
    "start": 1622012271770,
    "end": 1622012271789,
    "duration": 19,
    "pid": 19128,
    "index": 34
  },
  {
    "name": "Require(27) node_modules/egg-jsonp/app/extend/context.js",
    "start": 1622012271789,
    "end": 1622012271792,
    "duration": 3,
    "pid": 19128,
    "index": 35
  },
  {
    "name": "Require(28) node_modules/egg-i18n/app/extend/context.js",
    "start": 1622012271793,
    "end": 1622012271794,
    "duration": 1,
    "pid": 19128,
    "index": 36
  },
  {
    "name": "Require(29) node_modules/egg-multipart/app/extend/context.js",
    "start": 1622012271796,
    "end": 1622012271876,
    "duration": 80,
    "pid": 19128,
    "index": 37
  },
  {
    "name": "Require(30) node_modules/egg-view/app/extend/context.js",
    "start": 1622012271877,
    "end": 1622012271880,
    "duration": 3,
    "pid": 19128,
    "index": 38
  },
  {
    "name": "Require(31) node_modules/egg-mongoose/app/extend/context.js",
    "start": 1622012271881,
    "end": 1622012271882,
    "duration": 1,
    "pid": 19128,
    "index": 39
  },
  {
    "name": "Require(32) node_modules/egg/app/extend/context.js",
    "start": 1622012271883,
    "end": 1622012271884,
    "duration": 1,
    "pid": 19128,
    "index": 40
  },
  {
    "name": "Load extend/helper.js",
    "start": 1622012271895,
    "end": 1622012271954,
    "duration": 59,
    "pid": 19128,
    "index": 41
  },
  {
    "name": "Require(33) node_modules/egg-security/app/extend/helper.js",
    "start": 1622012271896,
    "end": 1622012271933,
    "duration": 37,
    "pid": 19128,
    "index": 42
  },
  {
    "name": "Require(34) node_modules/egg/app/extend/helper.js",
    "start": 1622012271940,
    "end": 1622012271941,
    "duration": 1,
    "pid": 19128,
    "index": 43
  },
  {
    "name": "Require(35) app/extend/helper.js",
    "start": 1622012271942,
    "end": 1622012271946,
    "duration": 4,
    "pid": 19128,
    "index": 44
  },
  {
    "name": "Load app.js",
    "start": 1622012271954,
    "end": 1622012272046,
    "duration": 92,
    "pid": 19128,
    "index": 45
  },
  {
    "name": "Require(36) node_modules/egg-session/app.js",
    "start": 1622012271955,
    "end": 1622012271955,
    "duration": 0,
    "pid": 19128,
    "index": 46
  },
  {
    "name": "Require(37) node_modules/egg-security/app.js",
    "start": 1622012271956,
    "end": 1622012271959,
    "duration": 3,
    "pid": 19128,
    "index": 47
  },
  {
    "name": "Require(38) node_modules/egg-onerror/app.js",
    "start": 1622012271961,
    "end": 1622012271989,
    "duration": 28,
    "pid": 19128,
    "index": 48
  },
  {
    "name": "Require(39) node_modules/egg-i18n/app.js",
    "start": 1622012271990,
    "end": 1622012272022,
    "duration": 32,
    "pid": 19128,
    "index": 49
  },
  {
    "name": "Require(40) node_modules/egg-watcher/app.js",
    "start": 1622012272022,
    "end": 1622012272030,
    "duration": 8,
    "pid": 19128,
    "index": 50
  },
  {
    "name": "Require(41) node_modules/egg-schedule/app.js",
    "start": 1622012272030,
    "end": 1622012272033,
    "duration": 3,
    "pid": 19128,
    "index": 51
  },
  {
    "name": "Require(42) node_modules/egg-multipart/app.js",
    "start": 1622012272034,
    "end": 1622012272035,
    "duration": 1,
    "pid": 19128,
    "index": 52
  },
  {
    "name": "Require(43) node_modules/egg-logrotator/app.js",
    "start": 1622012272035,
    "end": 1622012272036,
    "duration": 1,
    "pid": 19128,
    "index": 53
  },
  {
    "name": "Require(44) node_modules/egg-static/app.js",
    "start": 1622012272037,
    "end": 1622012272037,
    "duration": 0,
    "pid": 19128,
    "index": 54
  },
  {
    "name": "Require(45) node_modules/egg-view-nunjucks/app.js",
    "start": 1622012272039,
    "end": 1622012272040,
    "duration": 1,
    "pid": 19128,
    "index": 55
  },
  {
    "name": "Require(46) node_modules/egg-view-ejs/app.js",
    "start": 1622012272042,
    "end": 1622012272042,
    "duration": 0,
    "pid": 19128,
    "index": 56
  },
  {
    "name": "Require(47) node_modules/egg-mongoose/app.js",
    "start": 1622012272043,
    "end": 1622012272044,
    "duration": 1,
    "pid": 19128,
    "index": 57
  },
  {
    "name": "Before Start in node_modules/egg-watcher/lib/init.js:15:14",
    "start": 1622012272062,
    "end": 1622012273680,
    "duration": 1618,
    "pid": 19128,
    "index": 58
  },
  {
    "name": "Before Start in node_modules/egg-mongoose/lib/mongoose.js:104:7",
    "start": 1622012272869,
    "end": 1622012273839,
    "duration": 970,
    "pid": 19128,
    "index": 59
  },
  {
    "name": "Before Start in node_modules/egg-mongoose/lib/mongoose.js:52:9",
    "start": 1622012272869,
    "end": 1622012273663,
    "duration": 794,
    "pid": 19128,
    "index": 60
  },
  {
    "name": "Load Service",
    "start": 1622012272869,
    "end": 1622012273325,
    "duration": 456,
    "pid": 19128,
    "index": 61
  },
  {
    "name": "Load \"service\" to Context",
    "start": 1622012272869,
    "end": 1622012273325,
    "duration": 456,
    "pid": 19128,
    "index": 62
  },
  {
    "name": "Load Middleware",
    "start": 1622012273325,
    "end": 1622012273555,
    "duration": 230,
    "pid": 19128,
    "index": 63
  },
  {
    "name": "Load \"middlewares\" to Application",
    "start": 1622012273326,
    "end": 1622012273532,
    "duration": 206,
    "pid": 19128,
    "index": 64
  },
  {
    "name": "Load Controller",
    "start": 1622012273556,
    "end": 1622012273592,
    "duration": 36,
    "pid": 19128,
    "index": 65
  },
  {
    "name": "Load \"controller\" to Application",
    "start": 1622012273556,
    "end": 1622012273592,
    "duration": 36,
    "pid": 19128,
    "index": 66
  },
  {
    "name": "Load Router",
    "start": 1622012273592,
    "end": 1622012273599,
    "duration": 7,
    "pid": 19128,
    "index": 67
  },
  {
    "name": "Require(48) app/router.js",
    "start": 1622012273592,
    "end": 1622012273593,
    "duration": 1,
    "pid": 19128,
    "index": 68
  },
  {
    "name": "Before Start in node_modules/egg-core/lib/egg.js:303:10",
    "start": 1622012273595,
    "end": 1622012273663,
    "duration": 68,
    "pid": 19128,
    "index": 69
  },
  {
    "name": "Load \"model\" to Application",
    "start": 1622012273611,
    "end": 1622012273662,
    "duration": 51,
    "pid": 19128,
    "index": 70
  }
]