[
  {
    "name": "Process Start",
    "start": 1622012605654,
    "end": 1622012607315,
    "duration": 1661,
    "pid": 6744,
    "index": 0
  },
  {
    "name": "Application Start",
    "start": 1622012607316,
    "end": 1622012609598,
    "duration": 2282,
    "pid": 6744,
    "index": 1
  },
  {
    "name": "Load Plugin",
    "start": 1622012607327,
    "end": 1622012607411,
    "duration": 84,
    "pid": 6744,
    "index": 2
  },
  {
    "name": "Load Config",
    "start": 1622012607411,
    "end": 1622012607459,
    "duration": 48,
    "pid": 6744,
    "index": 3
  },
  {
    "name": "Require(0) config/config.default.js",
    "start": 1622012607413,
    "end": 1622012607413,
    "duration": 0,
    "pid": 6744,
    "index": 4
  },
  {
    "name": "Require(1) node_modules/egg-session/config/config.default.js",
    "start": 1622012607416,
    "end": 1622012607417,
    "duration": 1,
    "pid": 6744,
    "index": 5
  },
  {
    "name": "Require(2) node_modules/egg-security/config/config.default.js",
    "start": 1622012607418,
    "end": 1622012607418,
    "duration": 0,
    "pid": 6744,
    "index": 6
  },
  {
    "name": "Require(3) node_modules/egg-jsonp/config/config.default.js",
    "start": 1622012607420,
    "end": 1622012607421,
    "duration": 1,
    "pid": 6744,
    "index": 7
  },
  {
    "name": "Require(4) node_modules/egg-onerror/config/config.default.js",
    "start": 1622012607422,
    "end": 1622012607423,
    "duration": 1,
    "pid": 6744,
    "index": 8
  },
  {
    "name": "Require(5) node_modules/egg-i18n/config/config.default.js",
    "start": 1622012607424,
    "end": 1622012607425,
    "duration": 1,
    "pid": 6744,
    "index": 9
  },
  {
    "name": "Require(6) node_modules/egg-watcher/config/config.default.js",
    "start": 1622012607426,
    "end": 1622012607427,
    "duration": 1,
    "pid": 6744,
    "index": 10
  },
  {
    "name": "Require(7) node_modules/egg-schedule/config/config.default.js",
    "start": 1622012607428,
    "end": 1622012607429,
    "duration": 1,
    "pid": 6744,
    "index": 11
  },
  {
    "name": "Require(8) node_modules/egg-multipart/config/config.default.js",
    "start": 1622012607430,
    "end": 1622012607431,
    "duration": 1,
    "pid": 6744,
    "index": 12
  },
  {
    "name": "Require(9) node_modules/egg-logrotator/config/config.default.js",
    "start": 1622012607432,
    "end": 1622012607433,
    "duration": 1,
    "pid": 6744,
    "index": 13
  },
  {
    "name": "Require(10) node_modules/egg-static/config/config.default.js",
    "start": 1622012607434,
    "end": 1622012607434,
    "duration": 0,
    "pid": 6744,
    "index": 14
  },
  {
    "name": "Require(11) node_modules/egg-view/config/config.default.js",
    "start": 1622012607436,
    "end": 1622012607437,
    "duration": 1,
    "pid": 6744,
    "index": 15
  },
  {
    "name": "Require(12) node_modules/egg-view-nunjucks/config/config.default.js",
    "start": 1622012607438,
    "end": 1622012607439,
    "duration": 1,
    "pid": 6744,
    "index": 16
  },
  {
    "name": "Require(13) node_modules/egg-view-ejs/config/config.default.js",
    "start": 1622012607443,
    "end": 1622012607444,
    "duration": 1,
    "pid": 6744,
    "index": 17
  },
  {
    "name": "Require(14) node_modules/egg-mongoose/config/config.default.js",
    "start": 1622012607446,
    "end": 1622012607446,
    "duration": 0,
    "pid": 6744,
    "index": 18
  },
  {
    "name": "Require(15) node_modules/egg/config/config.default.js",
    "start": 1622012607447,
    "end": 1622012607448,
    "duration": 1,
    "pid": 6744,
    "index": 19
  },
  {
    "name": "Require(16) config/config.default.js",
    "start": 1622012607450,
    "end": 1622012607450,
    "duration": 0,
    "pid": 6744,
    "index": 20
  },
  {
    "name": "Require(17) node_modules/egg-static/config/config.prod.js",
    "start": 1622012607456,
    "end": 1622012607456,
    "duration": 0,
    "pid": 6744,
    "index": 21
  },
  {
    "name": "Load extend/application.js",
    "start": 1622012607461,
    "end": 1622012607551,
    "duration": 90,
    "pid": 6744,
    "index": 22
  },
  {
    "name": "Require(18) node_modules/egg-session/app/extend/application.js",
    "start": 1622012607462,
    "end": 1622012607463,
    "duration": 1,
    "pid": 6744,
    "index": 23
  },
  {
    "name": "Require(19) node_modules/egg-security/app/extend/application.js",
    "start": 1622012607464,
    "end": 1622012607467,
    "duration": 3,
    "pid": 6744,
    "index": 24
  },
  {
    "name": "Require(20) node_modules/egg-jsonp/app/extend/application.js",
    "start": 1622012607468,
    "end": 1622012607471,
    "duration": 3,
    "pid": 6744,
    "index": 25
  },
  {
    "name": "Require(21) node_modules/egg-logrotator/app/extend/application.js",
    "start": 1622012607475,
    "end": 1622012607478,
    "duration": 3,
    "pid": 6744,
    "index": 26
  },
  {
    "name": "Require(22) node_modules/egg-view/app/extend/application.js",
    "start": 1622012607479,
    "end": 1622012607483,
    "duration": 4,
    "pid": 6744,
    "index": 27
  },
  {
    "name": "Require(23) node_modules/egg-view-nunjucks/app/extend/application.js",
    "start": 1622012607484,
    "end": 1622012607539,
    "duration": 55,
    "pid": 6744,
    "index": 28
  },
  {
    "name": "Load extend/request.js",
    "start": 1622012607551,
    "end": 1622012607577,
    "duration": 26,
    "pid": 6744,
    "index": 29
  },
  {
    "name": "Require(24) node_modules/egg/app/extend/request.js",
    "start": 1622012607561,
    "end": 1622012607562,
    "duration": 1,
    "pid": 6744,
    "index": 30
  },
  {
    "name": "Load extend/response.js",
    "start": 1622012607577,
    "end": 1622012607603,
    "duration": 26,
    "pid": 6744,
    "index": 31
  },
  {
    "name": "Require(25) node_modules/egg/app/extend/response.js",
    "start": 1622012607588,
    "end": 1622012607593,
    "duration": 5,
    "pid": 6744,
    "index": 32
  },
  {
    "name": "Load extend/context.js",
    "start": 1622012607603,
    "end": 1622012607734,
    "duration": 131,
    "pid": 6744,
    "index": 33
  },
  {
    "name": "Require(26) node_modules/egg-security/app/extend/context.js",
    "start": 1622012607604,
    "end": 1622012607626,
    "duration": 22,
    "pid": 6744,
    "index": 34
  },
  {
    "name": "Require(27) node_modules/egg-jsonp/app/extend/context.js",
    "start": 1622012607627,
    "end": 1622012607630,
    "duration": 3,
    "pid": 6744,
    "index": 35
  },
  {
    "name": "Require(28) node_modules/egg-i18n/app/extend/context.js",
    "start": 1622012607631,
    "end": 1622012607632,
    "duration": 1,
    "pid": 6744,
    "index": 36
  },
  {
    "name": "Require(29) node_modules/egg-multipart/app/extend/context.js",
    "start": 1622012607634,
    "end": 1622012607715,
    "duration": 81,
    "pid": 6744,
    "index": 37
  },
  {
    "name": "Require(30) node_modules/egg-view/app/extend/context.js",
    "start": 1622012607716,
    "end": 1622012607719,
    "duration": 3,
    "pid": 6744,
    "index": 38
  },
  {
    "name": "Require(31) node_modules/egg-mongoose/app/extend/context.js",
    "start": 1622012607722,
    "end": 1622012607723,
    "duration": 1,
    "pid": 6744,
    "index": 39
  },
  {
    "name": "Require(32) node_modules/egg/app/extend/context.js",
    "start": 1622012607724,
    "end": 1622012607725,
    "duration": 1,
    "pid": 6744,
    "index": 40
  },
  {
    "name": "Load extend/helper.js",
    "start": 1622012607734,
    "end": 1622012607792,
    "duration": 58,
    "pid": 6744,
    "index": 41
  },
  {
    "name": "Require(33) node_modules/egg-security/app/extend/helper.js",
    "start": 1622012607735,
    "end": 1622012607769,
    "duration": 34,
    "pid": 6744,
    "index": 42
  },
  {
    "name": "Require(34) node_modules/egg/app/extend/helper.js",
    "start": 1622012607776,
    "end": 1622012607776,
    "duration": 0,
    "pid": 6744,
    "index": 43
  },
  {
    "name": "Require(35) app/extend/helper.js",
    "start": 1622012607777,
    "end": 1622012607781,
    "duration": 4,
    "pid": 6744,
    "index": 44
  },
  {
    "name": "Load app.js",
    "start": 1622012607792,
    "end": 1622012607871,
    "duration": 79,
    "pid": 6744,
    "index": 45
  },
  {
    "name": "Require(36) node_modules/egg-session/app.js",
    "start": 1622012607793,
    "end": 1622012607793,
    "duration": 0,
    "pid": 6744,
    "index": 46
  },
  {
    "name": "Require(37) node_modules/egg-security/app.js",
    "start": 1622012607794,
    "end": 1622012607796,
    "duration": 2,
    "pid": 6744,
    "index": 47
  },
  {
    "name": "Require(38) node_modules/egg-onerror/app.js",
    "start": 1622012607798,
    "end": 1622012607814,
    "duration": 16,
    "pid": 6744,
    "index": 48
  },
  {
    "name": "Require(39) node_modules/egg-i18n/app.js",
    "start": 1622012607815,
    "end": 1622012607847,
    "duration": 32,
    "pid": 6744,
    "index": 49
  },
  {
    "name": "Require(40) node_modules/egg-watcher/app.js",
    "start": 1622012607848,
    "end": 1622012607855,
    "duration": 7,
    "pid": 6744,
    "index": 50
  },
  {
    "name": "Require(41) node_modules/egg-schedule/app.js",
    "start": 1622012607856,
    "end": 1622012607859,
    "duration": 3,
    "pid": 6744,
    "index": 51
  },
  {
    "name": "Require(42) node_modules/egg-multipart/app.js",
    "start": 1622012607861,
    "end": 1622012607861,
    "duration": 0,
    "pid": 6744,
    "index": 52
  },
  {
    "name": "Require(43) node_modules/egg-logrotator/app.js",
    "start": 1622012607862,
    "end": 1622012607863,
    "duration": 1,
    "pid": 6744,
    "index": 53
  },
  {
    "name": "Require(44) node_modules/egg-static/app.js",
    "start": 1622012607864,
    "end": 1622012607864,
    "duration": 0,
    "pid": 6744,
    "index": 54
  },
  {
    "name": "Require(45) node_modules/egg-view-nunjucks/app.js",
    "start": 1622012607866,
    "end": 1622012607866,
    "duration": 0,
    "pid": 6744,
    "index": 55
  },
  {
    "name": "Require(46) node_modules/egg-view-ejs/app.js",
    "start": 1622012607868,
    "end": 1622012607868,
    "duration": 0,
    "pid": 6744,
    "index": 56
  },
  {
    "name": "Require(47) node_modules/egg-mongoose/app.js",
    "start": 1622012607869,
    "end": 1622012607869,
    "duration": 0,
    "pid": 6744,
    "index": 57
  },
  {
    "name": "Before Start in node_modules/egg-watcher/lib/init.js:15:14",
    "start": 1622012607895,
    "end": 1622012609463,
    "duration": 1568,
    "pid": 6744,
    "index": 58
  },
  {
    "name": "Before Start in node_modules/egg-mongoose/lib/mongoose.js:104:7",
    "start": 1622012608733,
    "end": 1622012609597,
    "duration": 864,
    "pid": 6744,
    "index": 59
  },
  {
    "name": "Before Start in node_modules/egg-mongoose/lib/mongoose.js:52:9",
    "start": 1622012608733,
    "end": 1622012609445,
    "duration": 712,
    "pid": 6744,
    "index": 60
  },
  {
    "name": "Load Service",
    "start": 1622012608734,
    "end": 1622012609177,
    "duration": 443,
    "pid": 6744,
    "index": 61
  },
  {
    "name": "Load \"service\" to Context",
    "start": 1622012608734,
    "end": 1622012609177,
    "duration": 443,
    "pid": 6744,
    "index": 62
  },
  {
    "name": "Load Middleware",
    "start": 1622012609178,
    "end": 1622012609362,
    "duration": 184,
    "pid": 6744,
    "index": 63
  },
  {
    "name": "Load \"middlewares\" to Application",
    "start": 1622012609178,
    "end": 1622012609343,
    "duration": 165,
    "pid": 6744,
    "index": 64
  },
  {
    "name": "Load Controller",
    "start": 1622012609362,
    "end": 1622012609389,
    "duration": 27,
    "pid": 6744,
    "index": 65
  },
  {
    "name": "Load \"controller\" to Application",
    "start": 1622012609362,
    "end": 1622012609389,
    "duration": 27,
    "pid": 6744,
    "index": 66
  },
  {
    "name": "Load Router",
    "start": 1622012609390,
    "end": 1622012609394,
    "duration": 4,
    "pid": 6744,
    "index": 67
  },
  {
    "name": "Require(48) app/router.js",
    "start": 1622012609390,
    "end": 1622012609390,
    "duration": 0,
    "pid": 6744,
    "index": 68
  },
  {
    "name": "Before Start in node_modules/egg-core/lib/egg.js:303:10",
    "start": 1622012609391,
    "end": 1622012609445,
    "duration": 54,
    "pid": 6744,
    "index": 69
  },
  {
    "name": "Load \"model\" to Application",
    "start": 1622012609404,
    "end": 1622012609445,
    "duration": 41,
    "pid": 6744,
    "index": 70
  }
]