[
  {
    "name": "Process Start",
    "start": 1622012515814,
    "end": 1622012517367,
    "duration": 1553,
    "pid": 10392,
    "index": 0
  },
  {
    "name": "Application Start",
    "start": 1622012517368,
    "end": 1622012519438,
    "duration": 2070,
    "pid": 10392,
    "index": 1
  },
  {
    "name": "Load Plugin",
    "start": 1622012517381,
    "end": 1622012517439,
    "duration": 58,
    "pid": 10392,
    "index": 2
  },
  {
    "name": "Load Config",
    "start": 1622012517439,
    "end": 1622012517482,
    "duration": 43,
    "pid": 10392,
    "index": 3
  },
  {
    "name": "Require(0) config/config.default.js",
    "start": 1622012517440,
    "end": 1622012517441,
    "duration": 1,
    "pid": 10392,
    "index": 4
  },
  {
    "name": "Require(1) node_modules/egg-session/config/config.default.js",
    "start": 1622012517444,
    "end": 1622012517445,
    "duration": 1,
    "pid": 10392,
    "index": 5
  },
  {
    "name": "Require(2) node_modules/egg-security/config/config.default.js",
    "start": 1622012517446,
    "end": 1622012517447,
    "duration": 1,
    "pid": 10392,
    "index": 6
  },
  {
    "name": "Require(3) node_modules/egg-jsonp/config/config.default.js",
    "start": 1622012517448,
    "end": 1622012517450,
    "duration": 2,
    "pid": 10392,
    "index": 7
  },
  {
    "name": "Require(4) node_modules/egg-onerror/config/config.default.js",
    "start": 1622012517451,
    "end": 1622012517452,
    "duration": 1,
    "pid": 10392,
    "index": 8
  },
  {
    "name": "Require(5) node_modules/egg-i18n/config/config.default.js",
    "start": 1622012517453,
    "end": 1622012517453,
    "duration": 0,
    "pid": 10392,
    "index": 9
  },
  {
    "name": "Require(6) node_modules/egg-watcher/config/config.default.js",
    "start": 1622012517454,
    "end": 1622012517455,
    "duration": 1,
    "pid": 10392,
    "index": 10
  },
  {
    "name": "Require(7) node_modules/egg-schedule/config/config.default.js",
    "start": 1622012517456,
    "end": 1622012517457,
    "duration": 1,
    "pid": 10392,
    "index": 11
  },
  {
    "name": "Require(8) node_modules/egg-multipart/config/config.default.js",
    "start": 1622012517458,
    "end": 1622012517459,
    "duration": 1,
    "pid": 10392,
    "index": 12
  },
  {
    "name": "Require(9) node_modules/egg-logrotator/config/config.default.js",
    "start": 1622012517460,
    "end": 1622012517461,
    "duration": 1,
    "pid": 10392,
    "index": 13
  },
  {
    "name": "Require(10) node_modules/egg-static/config/config.default.js",
    "start": 1622012517462,
    "end": 1622012517463,
    "duration": 1,
    "pid": 10392,
    "index": 14
  },
  {
    "name": "Require(11) node_modules/egg-view/config/config.default.js",
    "start": 1622012517464,
    "end": 1622012517465,
    "duration": 1,
    "pid": 10392,
    "index": 15
  },
  {
    "name": "Require(12) node_modules/egg-view-nunjucks/config/config.default.js",
    "start": 1622012517466,
    "end": 1622012517467,
    "duration": 1,
    "pid": 10392,
    "index": 16
  },
  {
    "name": "Require(13) node_modules/egg-view-ejs/config/config.default.js",
    "start": 1622012517468,
    "end": 1622012517468,
    "duration": 0,
    "pid": 10392,
    "index": 17
  },
  {
    "name": "Require(14) node_modules/egg-mongoose/config/config.default.js",
    "start": 1622012517470,
    "end": 1622012517470,
    "duration": 0,
    "pid": 10392,
    "index": 18
  },
  {
    "name": "Require(15) node_modules/egg/config/config.default.js",
    "start": 1622012517471,
    "end": 1622012517472,
    "duration": 1,
    "pid": 10392,
    "index": 19
  },
  {
    "name": "Require(16) config/config.default.js",
    "start": 1622012517473,
    "end": 1622012517473,
    "duration": 0,
    "pid": 10392,
    "index": 20
  },
  {
    "name": "Require(17) node_modules/egg-static/config/config.prod.js",
    "start": 1622012517479,
    "end": 1622012517479,
    "duration": 0,
    "pid": 10392,
    "index": 21
  },
  {
    "name": "Load extend/application.js",
    "start": 1622012517484,
    "end": 1622012517567,
    "duration": 83,
    "pid": 10392,
    "index": 22
  },
  {
    "name": "Require(18) node_modules/egg-session/app/extend/application.js",
    "start": 1622012517485,
    "end": 1622012517485,
    "duration": 0,
    "pid": 10392,
    "index": 23
  },
  {
    "name": "Require(19) node_modules/egg-security/app/extend/application.js",
    "start": 1622012517487,
    "end": 1622012517489,
    "duration": 2,
    "pid": 10392,
    "index": 24
  },
  {
    "name": "Require(20) node_modules/egg-jsonp/app/extend/application.js",
    "start": 1622012517490,
    "end": 1622012517493,
    "duration": 3,
    "pid": 10392,
    "index": 25
  },
  {
    "name": "Require(21) node_modules/egg-logrotator/app/extend/application.js",
    "start": 1622012517496,
    "end": 1622012517499,
    "duration": 3,
    "pid": 10392,
    "index": 26
  },
  {
    "name": "Require(22) node_modules/egg-view/app/extend/application.js",
    "start": 1622012517500,
    "end": 1622012517503,
    "duration": 3,
    "pid": 10392,
    "index": 27
  },
  {
    "name": "Require(23) node_modules/egg-view-nunjucks/app/extend/application.js",
    "start": 1622012517504,
    "end": 1622012517552,
    "duration": 48,
    "pid": 10392,
    "index": 28
  },
  {
    "name": "Load extend/request.js",
    "start": 1622012517567,
    "end": 1622012517585,
    "duration": 18,
    "pid": 10392,
    "index": 29
  },
  {
    "name": "Require(24) node_modules/egg/app/extend/request.js",
    "start": 1622012517575,
    "end": 1622012517577,
    "duration": 2,
    "pid": 10392,
    "index": 30
  },
  {
    "name": "Load extend/response.js",
    "start": 1622012517585,
    "end": 1622012517605,
    "duration": 20,
    "pid": 10392,
    "index": 31
  },
  {
    "name": "Require(25) node_modules/egg/app/extend/response.js",
    "start": 1622012517593,
    "end": 1622012517596,
    "duration": 3,
    "pid": 10392,
    "index": 32
  },
  {
    "name": "Load extend/context.js",
    "start": 1622012517605,
    "end": 1622012517723,
    "duration": 118,
    "pid": 10392,
    "index": 33
  },
  {
    "name": "Require(26) node_modules/egg-security/app/extend/context.js",
    "start": 1622012517607,
    "end": 1622012517627,
    "duration": 20,
    "pid": 10392,
    "index": 34
  },
  {
    "name": "Require(27) node_modules/egg-jsonp/app/extend/context.js",
    "start": 1622012517628,
    "end": 1622012517631,
    "duration": 3,
    "pid": 10392,
    "index": 35
  },
  {
    "name": "Require(28) node_modules/egg-i18n/app/extend/context.js",
    "start": 1622012517632,
    "end": 1622012517633,
    "duration": 1,
    "pid": 10392,
    "index": 36
  },
  {
    "name": "Require(29) node_modules/egg-multipart/app/extend/context.js",
    "start": 1622012517635,
    "end": 1622012517706,
    "duration": 71,
    "pid": 10392,
    "index": 37
  },
  {
    "name": "Require(30) node_modules/egg-view/app/extend/context.js",
    "start": 1622012517707,
    "end": 1622012517710,
    "duration": 3,
    "pid": 10392,
    "index": 38
  },
  {
    "name": "Require(31) node_modules/egg-mongoose/app/extend/context.js",
    "start": 1622012517712,
    "end": 1622012517713,
    "duration": 1,
    "pid": 10392,
    "index": 39
  },
  {
    "name": "Require(32) node_modules/egg/app/extend/context.js",
    "start": 1622012517714,
    "end": 1622012517714,
    "duration": 0,
    "pid": 10392,
    "index": 40
  },
  {
    "name": "Load extend/helper.js",
    "start": 1622012517723,
    "end": 1622012517781,
    "duration": 58,
    "pid": 10392,
    "index": 41
  },
  {
    "name": "Require(33) node_modules/egg-security/app/extend/helper.js",
    "start": 1622012517724,
    "end": 1622012517760,
    "duration": 36,
    "pid": 10392,
    "index": 42
  },
  {
    "name": "Require(34) node_modules/egg/app/extend/helper.js",
    "start": 1622012517766,
    "end": 1622012517767,
    "duration": 1,
    "pid": 10392,
    "index": 43
  },
  {
    "name": "Require(35) app/extend/helper.js",
    "start": 1622012517768,
    "end": 1622012517772,
    "duration": 4,
    "pid": 10392,
    "index": 44
  },
  {
    "name": "Load app.js",
    "start": 1622012517781,
    "end": 1622012517853,
    "duration": 72,
    "pid": 10392,
    "index": 45
  },
  {
    "name": "Require(36) node_modules/egg-session/app.js",
    "start": 1622012517782,
    "end": 1622012517782,
    "duration": 0,
    "pid": 10392,
    "index": 46
  },
  {
    "name": "Require(37) node_modules/egg-security/app.js",
    "start": 1622012517783,
    "end": 1622012517786,
    "duration": 3,
    "pid": 10392,
    "index": 47
  },
  {
    "name": "Require(38) node_modules/egg-onerror/app.js",
    "start": 1622012517787,
    "end": 1622012517803,
    "duration": 16,
    "pid": 10392,
    "index": 48
  },
  {
    "name": "Require(39) node_modules/egg-i18n/app.js",
    "start": 1622012517804,
    "end": 1622012517833,
    "duration": 29,
    "pid": 10392,
    "index": 49
  },
  {
    "name": "Require(40) node_modules/egg-watcher/app.js",
    "start": 1622012517833,
    "end": 1622012517840,
    "duration": 7,
    "pid": 10392,
    "index": 50
  },
  {
    "name": "Require(41) node_modules/egg-schedule/app.js",
    "start": 1622012517841,
    "end": 1622012517843,
    "duration": 2,
    "pid": 10392,
    "index": 51
  },
  {
    "name": "Require(42) node_modules/egg-multipart/app.js",
    "start": 1622012517844,
    "end": 1622012517844,
    "duration": 0,
    "pid": 10392,
    "index": 52
  },
  {
    "name": "Require(43) node_modules/egg-logrotator/app.js",
    "start": 1622012517845,
    "end": 1622012517846,
    "duration": 1,
    "pid": 10392,
    "index": 53
  },
  {
    "name": "Require(44) node_modules/egg-static/app.js",
    "start": 1622012517846,
    "end": 1622012517847,
    "duration": 1,
    "pid": 10392,
    "index": 54
  },
  {
    "name": "Require(45) node_modules/egg-view-nunjucks/app.js",
    "start": 1622012517848,
    "end": 1622012517849,
    "duration": 1,
    "pid": 10392,
    "index": 55
  },
  {
    "name": "Require(46) node_modules/egg-view-ejs/app.js",
    "start": 1622012517849,
    "end": 1622012517850,
    "duration": 1,
    "pid": 10392,
    "index": 56
  },
  {
    "name": "Require(47) node_modules/egg-mongoose/app.js",
    "start": 1622012517850,
    "end": 1622012517851,
    "duration": 1,
    "pid": 10392,
    "index": 57
  },
  {
    "name": "Before Start in node_modules/egg-watcher/lib/init.js:15:14",
    "start": 1622012517869,
    "end": 1622012519289,
    "duration": 1420,
    "pid": 10392,
    "index": 58
  },
  {
    "name": "Before Start in node_modules/egg-mongoose/lib/mongoose.js:104:7",
    "start": 1622012518651,
    "end": 1622012519438,
    "duration": 787,
    "pid": 10392,
    "index": 59
  },
  {
    "name": "Before Start in node_modules/egg-mongoose/lib/mongoose.js:52:9",
    "start": 1622012518651,
    "end": 1622012519278,
    "duration": 627,
    "pid": 10392,
    "index": 60
  },
  {
    "name": "Load Service",
    "start": 1622012518651,
    "end": 1622012519037,
    "duration": 386,
    "pid": 10392,
    "index": 61
  },
  {
    "name": "Load \"service\" to Context",
    "start": 1622012518652,
    "end": 1622012519037,
    "duration": 385,
    "pid": 10392,
    "index": 62
  },
  {
    "name": "Load Middleware",
    "start": 1622012519037,
    "end": 1622012519200,
    "duration": 163,
    "pid": 10392,
    "index": 63
  },
  {
    "name": "Load \"middlewares\" to Application",
    "start": 1622012519038,
    "end": 1622012519182,
    "duration": 144,
    "pid": 10392,
    "index": 64
  },
  {
    "name": "Load Controller",
    "start": 1622012519200,
    "end": 1622012519225,
    "duration": 25,
    "pid": 10392,
    "index": 65
  },
  {
    "name": "Load \"controller\" to Application",
    "start": 1622012519200,
    "end": 1622012519225,
    "duration": 25,
    "pid": 10392,
    "index": 66
  },
  {
    "name": "Load Router",
    "start": 1622012519225,
    "end": 1622012519231,
    "duration": 6,
    "pid": 10392,
    "index": 67
  },
  {
    "name": "Require(48) app/router.js",
    "start": 1622012519226,
    "end": 1622012519226,
    "duration": 0,
    "pid": 10392,
    "index": 68
  },
  {
    "name": "Before Start in node_modules/egg-core/lib/egg.js:303:10",
    "start": 1622012519228,
    "end": 1622012519278,
    "duration": 50,
    "pid": 10392,
    "index": 69
  },
  {
    "name": "Load \"model\" to Application",
    "start": 1622012519245,
    "end": 1622012519277,
    "duration": 32,
    "pid": 10392,
    "index": 70
  }
]