[
  {
    "name": "Process Start",
    "start": 1622012605857,
    "end": 1622012607603,
    "duration": 1746,
    "pid": 2360,
    "index": 0
  },
  {
    "name": "Application Start",
    "start": 1622012607604,
    "end": 1622012609770,
    "duration": 2166,
    "pid": 2360,
    "index": 1
  },
  {
    "name": "Load Plugin",
    "start": 1622012607614,
    "end": 1622012607681,
    "duration": 67,
    "pid": 2360,
    "index": 2
  },
  {
    "name": "Load Config",
    "start": 1622012607681,
    "end": 1622012607733,
    "duration": 52,
    "pid": 2360,
    "index": 3
  },
  {
    "name": "Require(0) config/config.default.js",
    "start": 1622012607682,
    "end": 1622012607683,
    "duration": 1,
    "pid": 2360,
    "index": 4
  },
  {
    "name": "Require(1) node_modules/egg-session/config/config.default.js",
    "start": 1622012607685,
    "end": 1622012607686,
    "duration": 1,
    "pid": 2360,
    "index": 5
  },
  {
    "name": "Require(2) node_modules/egg-security/config/config.default.js",
    "start": 1622012607687,
    "end": 1622012607688,
    "duration": 1,
    "pid": 2360,
    "index": 6
  },
  {
    "name": "Require(3) node_modules/egg-jsonp/config/config.default.js",
    "start": 1622012607690,
    "end": 1622012607691,
    "duration": 1,
    "pid": 2360,
    "index": 7
  },
  {
    "name": "Require(4) node_modules/egg-onerror/config/config.default.js",
    "start": 1622012607692,
    "end": 1622012607693,
    "duration": 1,
    "pid": 2360,
    "index": 8
  },
  {
    "name": "Require(5) node_modules/egg-i18n/config/config.default.js",
    "start": 1622012607694,
    "end": 1622012607694,
    "duration": 0,
    "pid": 2360,
    "index": 9
  },
  {
    "name": "Require(6) node_modules/egg-watcher/config/config.default.js",
    "start": 1622012607695,
    "end": 1622012607696,
    "duration": 1,
    "pid": 2360,
    "index": 10
  },
  {
    "name": "Require(7) node_modules/egg-schedule/config/config.default.js",
    "start": 1622012607697,
    "end": 1622012607698,
    "duration": 1,
    "pid": 2360,
    "index": 11
  },
  {
    "name": "Require(8) node_modules/egg-multipart/config/config.default.js",
    "start": 1622012607700,
    "end": 1622012607702,
    "duration": 2,
    "pid": 2360,
    "index": 12
  },
  {
    "name": "Require(9) node_modules/egg-logrotator/config/config.default.js",
    "start": 1622012607703,
    "end": 1622012607704,
    "duration": 1,
    "pid": 2360,
    "index": 13
  },
  {
    "name": "Require(10) node_modules/egg-static/config/config.default.js",
    "start": 1622012607706,
    "end": 1622012607706,
    "duration": 0,
    "pid": 2360,
    "index": 14
  },
  {
    "name": "Require(11) node_modules/egg-view/config/config.default.js",
    "start": 1622012607708,
    "end": 1622012607709,
    "duration": 1,
    "pid": 2360,
    "index": 15
  },
  {
    "name": "Require(12) node_modules/egg-view-nunjucks/config/config.default.js",
    "start": 1622012607710,
    "end": 1622012607711,
    "duration": 1,
    "pid": 2360,
    "index": 16
  },
  {
    "name": "Require(13) node_modules/egg-view-ejs/config/config.default.js",
    "start": 1622012607713,
    "end": 1622012607714,
    "duration": 1,
    "pid": 2360,
    "index": 17
  },
  {
    "name": "Require(14) node_modules/egg-mongoose/config/config.default.js",
    "start": 1622012607715,
    "end": 1622012607716,
    "duration": 1,
    "pid": 2360,
    "index": 18
  },
  {
    "name": "Require(15) node_modules/egg/config/config.default.js",
    "start": 1622012607717,
    "end": 1622012607717,
    "duration": 0,
    "pid": 2360,
    "index": 19
  },
  {
    "name": "Require(16) config/config.default.js",
    "start": 1622012607719,
    "end": 1622012607719,
    "duration": 0,
    "pid": 2360,
    "index": 20
  },
  {
    "name": "Require(17) node_modules/egg-static/config/config.prod.js",
    "start": 1622012607730,
    "end": 1622012607730,
    "duration": 0,
    "pid": 2360,
    "index": 21
  },
  {
    "name": "Load extend/application.js",
    "start": 1622012607735,
    "end": 1622012607821,
    "duration": 86,
    "pid": 2360,
    "index": 22
  },
  {
    "name": "Require(18) node_modules/egg-session/app/extend/application.js",
    "start": 1622012607736,
    "end": 1622012607737,
    "duration": 1,
    "pid": 2360,
    "index": 23
  },
  {
    "name": "Require(19) node_modules/egg-security/app/extend/application.js",
    "start": 1622012607738,
    "end": 1622012607741,
    "duration": 3,
    "pid": 2360,
    "index": 24
  },
  {
    "name": "Require(20) node_modules/egg-jsonp/app/extend/application.js",
    "start": 1622012607742,
    "end": 1622012607745,
    "duration": 3,
    "pid": 2360,
    "index": 25
  },
  {
    "name": "Require(21) node_modules/egg-logrotator/app/extend/application.js",
    "start": 1622012607748,
    "end": 1622012607751,
    "duration": 3,
    "pid": 2360,
    "index": 26
  },
  {
    "name": "Require(22) node_modules/egg-view/app/extend/application.js",
    "start": 1622012607752,
    "end": 1622012607755,
    "duration": 3,
    "pid": 2360,
    "index": 27
  },
  {
    "name": "Require(23) node_modules/egg-view-nunjucks/app/extend/application.js",
    "start": 1622012607756,
    "end": 1622012607805,
    "duration": 49,
    "pid": 2360,
    "index": 28
  },
  {
    "name": "Load extend/request.js",
    "start": 1622012607821,
    "end": 1622012607849,
    "duration": 28,
    "pid": 2360,
    "index": 29
  },
  {
    "name": "Require(24) node_modules/egg/app/extend/request.js",
    "start": 1622012607830,
    "end": 1622012607831,
    "duration": 1,
    "pid": 2360,
    "index": 30
  },
  {
    "name": "Load extend/response.js",
    "start": 1622012607849,
    "end": 1622012607870,
    "duration": 21,
    "pid": 2360,
    "index": 31
  },
  {
    "name": "Require(25) node_modules/egg/app/extend/response.js",
    "start": 1622012607857,
    "end": 1622012607860,
    "duration": 3,
    "pid": 2360,
    "index": 32
  },
  {
    "name": "Load extend/context.js",
    "start": 1622012607870,
    "end": 1622012608007,
    "duration": 137,
    "pid": 2360,
    "index": 33
  },
  {
    "name": "Require(26) node_modules/egg-security/app/extend/context.js",
    "start": 1622012607871,
    "end": 1622012607899,
    "duration": 28,
    "pid": 2360,
    "index": 34
  },
  {
    "name": "Require(27) node_modules/egg-jsonp/app/extend/context.js",
    "start": 1622012607900,
    "end": 1622012607903,
    "duration": 3,
    "pid": 2360,
    "index": 35
  },
  {
    "name": "Require(28) node_modules/egg-i18n/app/extend/context.js",
    "start": 1622012607904,
    "end": 1622012607905,
    "duration": 1,
    "pid": 2360,
    "index": 36
  },
  {
    "name": "Require(29) node_modules/egg-multipart/app/extend/context.js",
    "start": 1622012607913,
    "end": 1622012607985,
    "duration": 72,
    "pid": 2360,
    "index": 37
  },
  {
    "name": "Require(30) node_modules/egg-view/app/extend/context.js",
    "start": 1622012607989,
    "end": 1622012607991,
    "duration": 2,
    "pid": 2360,
    "index": 38
  },
  {
    "name": "Require(31) node_modules/egg-mongoose/app/extend/context.js",
    "start": 1622012607994,
    "end": 1622012607995,
    "duration": 1,
    "pid": 2360,
    "index": 39
  },
  {
    "name": "Require(32) node_modules/egg/app/extend/context.js",
    "start": 1622012607995,
    "end": 1622012607996,
    "duration": 1,
    "pid": 2360,
    "index": 40
  },
  {
    "name": "Load extend/helper.js",
    "start": 1622012608008,
    "end": 1622012608069,
    "duration": 61,
    "pid": 2360,
    "index": 41
  },
  {
    "name": "Require(33) node_modules/egg-security/app/extend/helper.js",
    "start": 1622012608010,
    "end": 1622012608046,
    "duration": 36,
    "pid": 2360,
    "index": 42
  },
  {
    "name": "Require(34) node_modules/egg/app/extend/helper.js",
    "start": 1622012608054,
    "end": 1622012608054,
    "duration": 0,
    "pid": 2360,
    "index": 43
  },
  {
    "name": "Require(35) app/extend/helper.js",
    "start": 1622012608055,
    "end": 1622012608060,
    "duration": 5,
    "pid": 2360,
    "index": 44
  },
  {
    "name": "Load app.js",
    "start": 1622012608069,
    "end": 1622012608150,
    "duration": 81,
    "pid": 2360,
    "index": 45
  },
  {
    "name": "Require(36) node_modules/egg-session/app.js",
    "start": 1622012608070,
    "end": 1622012608070,
    "duration": 0,
    "pid": 2360,
    "index": 46
  },
  {
    "name": "Require(37) node_modules/egg-security/app.js",
    "start": 1622012608071,
    "end": 1622012608074,
    "duration": 3,
    "pid": 2360,
    "index": 47
  },
  {
    "name": "Require(38) node_modules/egg-onerror/app.js",
    "start": 1622012608076,
    "end": 1622012608095,
    "duration": 19,
    "pid": 2360,
    "index": 48
  },
  {
    "name": "Require(39) node_modules/egg-i18n/app.js",
    "start": 1622012608096,
    "end": 1622012608128,
    "duration": 32,
    "pid": 2360,
    "index": 49
  },
  {
    "name": "Require(40) node_modules/egg-watcher/app.js",
    "start": 1622012608129,
    "end": 1622012608135,
    "duration": 6,
    "pid": 2360,
    "index": 50
  },
  {
    "name": "Require(41) node_modules/egg-schedule/app.js",
    "start": 1622012608135,
    "end": 1622012608138,
    "duration": 3,
    "pid": 2360,
    "index": 51
  },
  {
    "name": "Require(42) node_modules/egg-multipart/app.js",
    "start": 1622012608140,
    "end": 1622012608141,
    "duration": 1,
    "pid": 2360,
    "index": 52
  },
  {
    "name": "Require(43) node_modules/egg-logrotator/app.js",
    "start": 1622012608142,
    "end": 1622012608142,
    "duration": 0,
    "pid": 2360,
    "index": 53
  },
  {
    "name": "Require(44) node_modules/egg-static/app.js",
    "start": 1622012608143,
    "end": 1622012608143,
    "duration": 0,
    "pid": 2360,
    "index": 54
  },
  {
    "name": "Require(45) node_modules/egg-view-nunjucks/app.js",
    "start": 1622012608145,
    "end": 1622012608145,
    "duration": 0,
    "pid": 2360,
    "index": 55
  },
  {
    "name": "Require(46) node_modules/egg-view-ejs/app.js",
    "start": 1622012608146,
    "end": 1622012608147,
    "duration": 1,
    "pid": 2360,
    "index": 56
  },
  {
    "name": "Require(47) node_modules/egg-mongoose/app.js",
    "start": 1622012608147,
    "end": 1622012608148,
    "duration": 1,
    "pid": 2360,
    "index": 57
  },
  {
    "name": "Before Start in node_modules/egg-watcher/lib/init.js:15:14",
    "start": 1622012608166,
    "end": 1622012609611,
    "duration": 1445,
    "pid": 2360,
    "index": 58
  },
  {
    "name": "Before Start in node_modules/egg-mongoose/lib/mongoose.js:104:7",
    "start": 1622012608983,
    "end": 1622012609770,
    "duration": 787,
    "pid": 2360,
    "index": 59
  },
  {
    "name": "Before Start in node_modules/egg-mongoose/lib/mongoose.js:52:9",
    "start": 1622012608983,
    "end": 1622012609599,
    "duration": 616,
    "pid": 2360,
    "index": 60
  },
  {
    "name": "Load Service",
    "start": 1622012608984,
    "end": 1622012609372,
    "duration": 388,
    "pid": 2360,
    "index": 61
  },
  {
    "name": "Load \"service\" to Context",
    "start": 1622012608984,
    "end": 1622012609372,
    "duration": 388,
    "pid": 2360,
    "index": 62
  },
  {
    "name": "Load Middleware",
    "start": 1622012609372,
    "end": 1622012609530,
    "duration": 158,
    "pid": 2360,
    "index": 63
  },
  {
    "name": "Load \"middlewares\" to Application",
    "start": 1622012609372,
    "end": 1622012609515,
    "duration": 143,
    "pid": 2360,
    "index": 64
  },
  {
    "name": "Load Controller",
    "start": 1622012609530,
    "end": 1622012609553,
    "duration": 23,
    "pid": 2360,
    "index": 65
  },
  {
    "name": "Load \"controller\" to Application",
    "start": 1622012609530,
    "end": 1622012609553,
    "duration": 23,
    "pid": 2360,
    "index": 66
  },
  {
    "name": "Load Router",
    "start": 1622012609553,
    "end": 1622012609557,
    "duration": 4,
    "pid": 2360,
    "index": 67
  },
  {
    "name": "Require(48) app/router.js",
    "start": 1622012609553,
    "end": 1622012609554,
    "duration": 1,
    "pid": 2360,
    "index": 68
  },
  {
    "name": "Before Start in node_modules/egg-core/lib/egg.js:303:10",
    "start": 1622012609555,
    "end": 1622012609600,
    "duration": 45,
    "pid": 2360,
    "index": 69
  },
  {
    "name": "Load \"model\" to Application",
    "start": 1622012609566,
    "end": 1622012609599,
    "duration": 33,
    "pid": 2360,
    "index": 70
  }
]