[
  {
    "name": "Process Start",
    "start": 1622012270282,
    "end": 1622012271728,
    "duration": 1446,
    "pid": 7760,
    "index": 0
  },
  {
    "name": "Application Start",
    "start": 1622012271730,
    "end": 1622012274030,
    "duration": 2300,
    "pid": 7760,
    "index": 1
  },
  {
    "name": "Load Plugin",
    "start": 1622012271740,
    "end": 1622012271793,
    "duration": 53,
    "pid": 7760,
    "index": 2
  },
  {
    "name": "Load Config",
    "start": 1622012271793,
    "end": 1622012271834,
    "duration": 41,
    "pid": 7760,
    "index": 3
  },
  {
    "name": "Require(0) config/config.default.js",
    "start": 1622012271794,
    "end": 1622012271795,
    "duration": 1,
    "pid": 7760,
    "index": 4
  },
  {
    "name": "Require(1) node_modules/egg-session/config/config.default.js",
    "start": 1622012271798,
    "end": 1622012271798,
    "duration": 0,
    "pid": 7760,
    "index": 5
  },
  {
    "name": "Require(2) node_modules/egg-security/config/config.default.js",
    "start": 1622012271799,
    "end": 1622012271800,
    "duration": 1,
    "pid": 7760,
    "index": 6
  },
  {
    "name": "Require(3) node_modules/egg-jsonp/config/config.default.js",
    "start": 1622012271802,
    "end": 1622012271803,
    "duration": 1,
    "pid": 7760,
    "index": 7
  },
  {
    "name": "Require(4) node_modules/egg-onerror/config/config.default.js",
    "start": 1622012271804,
    "end": 1622012271805,
    "duration": 1,
    "pid": 7760,
    "index": 8
  },
  {
    "name": "Require(5) node_modules/egg-i18n/config/config.default.js",
    "start": 1622012271806,
    "end": 1622012271807,
    "duration": 1,
    "pid": 7760,
    "index": 9
  },
  {
    "name": "Require(6) node_modules/egg-watcher/config/config.default.js",
    "start": 1622012271808,
    "end": 1622012271809,
    "duration": 1,
    "pid": 7760,
    "index": 10
  },
  {
    "name": "Require(7) node_modules/egg-schedule/config/config.default.js",
    "start": 1622012271810,
    "end": 1622012271810,
    "duration": 0,
    "pid": 7760,
    "index": 11
  },
  {
    "name": "Require(8) node_modules/egg-multipart/config/config.default.js",
    "start": 1622012271811,
    "end": 1622012271812,
    "duration": 1,
    "pid": 7760,
    "index": 12
  },
  {
    "name": "Require(9) node_modules/egg-logrotator/config/config.default.js",
    "start": 1622012271813,
    "end": 1622012271814,
    "duration": 1,
    "pid": 7760,
    "index": 13
  },
  {
    "name": "Require(10) node_modules/egg-static/config/config.default.js",
    "start": 1622012271815,
    "end": 1622012271816,
    "duration": 1,
    "pid": 7760,
    "index": 14
  },
  {
    "name": "Require(11) node_modules/egg-view/config/config.default.js",
    "start": 1622012271817,
    "end": 1622012271817,
    "duration": 0,
    "pid": 7760,
    "index": 15
  },
  {
    "name": "Require(12) node_modules/egg-view-nunjucks/config/config.default.js",
    "start": 1622012271818,
    "end": 1622012271819,
    "duration": 1,
    "pid": 7760,
    "index": 16
  },
  {
    "name": "Require(13) node_modules/egg-view-ejs/config/config.default.js",
    "start": 1622012271820,
    "end": 1622012271821,
    "duration": 1,
    "pid": 7760,
    "index": 17
  },
  {
    "name": "Require(14) node_modules/egg-mongoose/config/config.default.js",
    "start": 1622012271822,
    "end": 1622012271823,
    "duration": 1,
    "pid": 7760,
    "index": 18
  },
  {
    "name": "Require(15) node_modules/egg/config/config.default.js",
    "start": 1622012271823,
    "end": 1622012271824,
    "duration": 1,
    "pid": 7760,
    "index": 19
  },
  {
    "name": "Require(16) config/config.default.js",
    "start": 1622012271826,
    "end": 1622012271826,
    "duration": 0,
    "pid": 7760,
    "index": 20
  },
  {
    "name": "Require(17) node_modules/egg-static/config/config.prod.js",
    "start": 1622012271831,
    "end": 1622012271832,
    "duration": 1,
    "pid": 7760,
    "index": 21
  },
  {
    "name": "Load extend/application.js",
    "start": 1622012271836,
    "end": 1622012271922,
    "duration": 86,
    "pid": 7760,
    "index": 22
  },
  {
    "name": "Require(18) node_modules/egg-session/app/extend/application.js",
    "start": 1622012271838,
    "end": 1622012271838,
    "duration": 0,
    "pid": 7760,
    "index": 23
  },
  {
    "name": "Require(19) node_modules/egg-security/app/extend/application.js",
    "start": 1622012271839,
    "end": 1622012271842,
    "duration": 3,
    "pid": 7760,
    "index": 24
  },
  {
    "name": "Require(20) node_modules/egg-jsonp/app/extend/application.js",
    "start": 1622012271843,
    "end": 1622012271846,
    "duration": 3,
    "pid": 7760,
    "index": 25
  },
  {
    "name": "Require(21) node_modules/egg-logrotator/app/extend/application.js",
    "start": 1622012271850,
    "end": 1622012271853,
    "duration": 3,
    "pid": 7760,
    "index": 26
  },
  {
    "name": "Require(22) node_modules/egg-view/app/extend/application.js",
    "start": 1622012271855,
    "end": 1622012271857,
    "duration": 2,
    "pid": 7760,
    "index": 27
  },
  {
    "name": "Require(23) node_modules/egg-view-nunjucks/app/extend/application.js",
    "start": 1622012271858,
    "end": 1622012271910,
    "duration": 52,
    "pid": 7760,
    "index": 28
  },
  {
    "name": "Load extend/request.js",
    "start": 1622012271922,
    "end": 1622012271944,
    "duration": 22,
    "pid": 7760,
    "index": 29
  },
  {
    "name": "Require(24) node_modules/egg/app/extend/request.js",
    "start": 1622012271931,
    "end": 1622012271932,
    "duration": 1,
    "pid": 7760,
    "index": 30
  },
  {
    "name": "Load extend/response.js",
    "start": 1622012271944,
    "end": 1622012271967,
    "duration": 23,
    "pid": 7760,
    "index": 31
  },
  {
    "name": "Require(25) node_modules/egg/app/extend/response.js",
    "start": 1622012271953,
    "end": 1622012271957,
    "duration": 4,
    "pid": 7760,
    "index": 32
  },
  {
    "name": "Load extend/context.js",
    "start": 1622012271967,
    "end": 1622012272106,
    "duration": 139,
    "pid": 7760,
    "index": 33
  },
  {
    "name": "Require(26) node_modules/egg-security/app/extend/context.js",
    "start": 1622012271968,
    "end": 1622012271992,
    "duration": 24,
    "pid": 7760,
    "index": 34
  },
  {
    "name": "Require(27) node_modules/egg-jsonp/app/extend/context.js",
    "start": 1622012271993,
    "end": 1622012271997,
    "duration": 4,
    "pid": 7760,
    "index": 35
  },
  {
    "name": "Require(28) node_modules/egg-i18n/app/extend/context.js",
    "start": 1622012271998,
    "end": 1622012271999,
    "duration": 1,
    "pid": 7760,
    "index": 36
  },
  {
    "name": "Require(29) node_modules/egg-multipart/app/extend/context.js",
    "start": 1622012272001,
    "end": 1622012272085,
    "duration": 84,
    "pid": 7760,
    "index": 37
  },
  {
    "name": "Require(30) node_modules/egg-view/app/extend/context.js",
    "start": 1622012272087,
    "end": 1622012272090,
    "duration": 3,
    "pid": 7760,
    "index": 38
  },
  {
    "name": "Require(31) node_modules/egg-mongoose/app/extend/context.js",
    "start": 1622012272093,
    "end": 1622012272094,
    "duration": 1,
    "pid": 7760,
    "index": 39
  },
  {
    "name": "Require(32) node_modules/egg/app/extend/context.js",
    "start": 1622012272096,
    "end": 1622012272097,
    "duration": 1,
    "pid": 7760,
    "index": 40
  },
  {
    "name": "Load extend/helper.js",
    "start": 1622012272106,
    "end": 1622012272185,
    "duration": 79,
    "pid": 7760,
    "index": 41
  },
  {
    "name": "Require(33) node_modules/egg-security/app/extend/helper.js",
    "start": 1622012272108,
    "end": 1622012272154,
    "duration": 46,
    "pid": 7760,
    "index": 42
  },
  {
    "name": "Require(34) node_modules/egg/app/extend/helper.js",
    "start": 1622012272161,
    "end": 1622012272161,
    "duration": 0,
    "pid": 7760,
    "index": 43
  },
  {
    "name": "Require(35) app/extend/helper.js",
    "start": 1622012272163,
    "end": 1622012272166,
    "duration": 3,
    "pid": 7760,
    "index": 44
  },
  {
    "name": "Load app.js",
    "start": 1622012272185,
    "end": 1622012272265,
    "duration": 80,
    "pid": 7760,
    "index": 45
  },
  {
    "name": "Require(36) node_modules/egg-session/app.js",
    "start": 1622012272186,
    "end": 1622012272186,
    "duration": 0,
    "pid": 7760,
    "index": 46
  },
  {
    "name": "Require(37) node_modules/egg-security/app.js",
    "start": 1622012272187,
    "end": 1622012272190,
    "duration": 3,
    "pid": 7760,
    "index": 47
  },
  {
    "name": "Require(38) node_modules/egg-onerror/app.js",
    "start": 1622012272192,
    "end": 1622012272210,
    "duration": 18,
    "pid": 7760,
    "index": 48
  },
  {
    "name": "Require(39) node_modules/egg-i18n/app.js",
    "start": 1622012272210,
    "end": 1622012272242,
    "duration": 32,
    "pid": 7760,
    "index": 49
  },
  {
    "name": "Require(40) node_modules/egg-watcher/app.js",
    "start": 1622012272242,
    "end": 1622012272251,
    "duration": 9,
    "pid": 7760,
    "index": 50
  },
  {
    "name": "Require(41) node_modules/egg-schedule/app.js",
    "start": 1622012272252,
    "end": 1622012272254,
    "duration": 2,
    "pid": 7760,
    "index": 51
  },
  {
    "name": "Require(42) node_modules/egg-multipart/app.js",
    "start": 1622012272255,
    "end": 1622012272256,
    "duration": 1,
    "pid": 7760,
    "index": 52
  },
  {
    "name": "Require(43) node_modules/egg-logrotator/app.js",
    "start": 1622012272256,
    "end": 1622012272257,
    "duration": 1,
    "pid": 7760,
    "index": 53
  },
  {
    "name": "Require(44) node_modules/egg-static/app.js",
    "start": 1622012272258,
    "end": 1622012272258,
    "duration": 0,
    "pid": 7760,
    "index": 54
  },
  {
    "name": "Require(45) node_modules/egg-view-nunjucks/app.js",
    "start": 1622012272260,
    "end": 1622012272261,
    "duration": 1,
    "pid": 7760,
    "index": 55
  },
  {
    "name": "Require(46) node_modules/egg-view-ejs/app.js",
    "start": 1622012272261,
    "end": 1622012272262,
    "duration": 1,
    "pid": 7760,
    "index": 56
  },
  {
    "name": "Require(47) node_modules/egg-mongoose/app.js",
    "start": 1622012272263,
    "end": 1622012272263,
    "duration": 0,
    "pid": 7760,
    "index": 57
  },
  {
    "name": "Before Start in node_modules/egg-watcher/lib/init.js:15:14",
    "start": 1622012272283,
    "end": 1622012273875,
    "duration": 1592,
    "pid": 7760,
    "index": 58
  },
  {
    "name": "Before Start in node_modules/egg-mongoose/lib/mongoose.js:104:7",
    "start": 1622012273093,
    "end": 1622012274030,
    "duration": 937,
    "pid": 7760,
    "index": 59
  },
  {
    "name": "Before Start in node_modules/egg-mongoose/lib/mongoose.js:52:9",
    "start": 1622012273093,
    "end": 1622012273860,
    "duration": 767,
    "pid": 7760,
    "index": 60
  },
  {
    "name": "Load Service",
    "start": 1622012273093,
    "end": 1622012273558,
    "duration": 465,
    "pid": 7760,
    "index": 61
  },
  {
    "name": "Load \"service\" to Context",
    "start": 1622012273093,
    "end": 1622012273558,
    "duration": 465,
    "pid": 7760,
    "index": 62
  },
  {
    "name": "Load Middleware",
    "start": 1622012273558,
    "end": 1622012273767,
    "duration": 209,
    "pid": 7760,
    "index": 63
  },
  {
    "name": "Load \"middlewares\" to Application",
    "start": 1622012273558,
    "end": 1622012273747,
    "duration": 189,
    "pid": 7760,
    "index": 64
  },
  {
    "name": "Load Controller",
    "start": 1622012273767,
    "end": 1622012273794,
    "duration": 27,
    "pid": 7760,
    "index": 65
  },
  {
    "name": "Load \"controller\" to Application",
    "start": 1622012273767,
    "end": 1622012273794,
    "duration": 27,
    "pid": 7760,
    "index": 66
  },
  {
    "name": "Load Router",
    "start": 1622012273794,
    "end": 1622012273799,
    "duration": 5,
    "pid": 7760,
    "index": 67
  },
  {
    "name": "Require(48) app/router.js",
    "start": 1622012273795,
    "end": 1622012273795,
    "duration": 0,
    "pid": 7760,
    "index": 68
  },
  {
    "name": "Before Start in node_modules/egg-core/lib/egg.js:303:10",
    "start": 1622012273797,
    "end": 1622012273860,
    "duration": 63,
    "pid": 7760,
    "index": 69
  },
  {
    "name": "Load \"model\" to Application",
    "start": 1622012273811,
    "end": 1622012273858,
    "duration": 47,
    "pid": 7760,
    "index": 70
  }
]