[
  {
    "name": "Process Start",
    "start": 1622012605273,
    "end": 1622012606822,
    "duration": 1549,
    "pid": 24068,
    "index": 0
  },
  {
    "name": "Application Start",
    "start": 1622012606824,
    "end": 1622012609269,
    "duration": 2445,
    "pid": 24068,
    "index": 1
  },
  {
    "name": "Load Plugin",
    "start": 1622012606836,
    "end": 1622012606931,
    "duration": 95,
    "pid": 24068,
    "index": 2
  },
  {
    "name": "Load Config",
    "start": 1622012606931,
    "end": 1622012606978,
    "duration": 47,
    "pid": 24068,
    "index": 3
  },
  {
    "name": "Require(0) config/config.default.js",
    "start": 1622012606932,
    "end": 1622012606932,
    "duration": 0,
    "pid": 24068,
    "index": 4
  },
  {
    "name": "Require(1) node_modules/egg-session/config/config.default.js",
    "start": 1622012606935,
    "end": 1622012606936,
    "duration": 1,
    "pid": 24068,
    "index": 5
  },
  {
    "name": "Require(2) node_modules/egg-security/config/config.default.js",
    "start": 1622012606937,
    "end": 1622012606938,
    "duration": 1,
    "pid": 24068,
    "index": 6
  },
  {
    "name": "Require(3) node_modules/egg-jsonp/config/config.default.js",
    "start": 1622012606942,
    "end": 1622012606943,
    "duration": 1,
    "pid": 24068,
    "index": 7
  },
  {
    "name": "Require(4) node_modules/egg-onerror/config/config.default.js",
    "start": 1622012606944,
    "end": 1622012606945,
    "duration": 1,
    "pid": 24068,
    "index": 8
  },
  {
    "name": "Require(5) node_modules/egg-i18n/config/config.default.js",
    "start": 1622012606946,
    "end": 1622012606947,
    "duration": 1,
    "pid": 24068,
    "index": 9
  },
  {
    "name": "Require(6) node_modules/egg-watcher/config/config.default.js",
    "start": 1622012606948,
    "end": 1622012606949,
    "duration": 1,
    "pid": 24068,
    "index": 10
  },
  {
    "name": "Require(7) node_modules/egg-schedule/config/config.default.js",
    "start": 1622012606950,
    "end": 1622012606950,
    "duration": 0,
    "pid": 24068,
    "index": 11
  },
  {
    "name": "Require(8) node_modules/egg-multipart/config/config.default.js",
    "start": 1622012606951,
    "end": 1622012606952,
    "duration": 1,
    "pid": 24068,
    "index": 12
  },
  {
    "name": "Require(9) node_modules/egg-logrotator/config/config.default.js",
    "start": 1622012606953,
    "end": 1622012606954,
    "duration": 1,
    "pid": 24068,
    "index": 13
  },
  {
    "name": "Require(10) node_modules/egg-static/config/config.default.js",
    "start": 1622012606955,
    "end": 1622012606956,
    "duration": 1,
    "pid": 24068,
    "index": 14
  },
  {
    "name": "Require(11) node_modules/egg-view/config/config.default.js",
    "start": 1622012606957,
    "end": 1622012606957,
    "duration": 0,
    "pid": 24068,
    "index": 15
  },
  {
    "name": "Require(12) node_modules/egg-view-nunjucks/config/config.default.js",
    "start": 1622012606959,
    "end": 1622012606960,
    "duration": 1,
    "pid": 24068,
    "index": 16
  },
  {
    "name": "Require(13) node_modules/egg-view-ejs/config/config.default.js",
    "start": 1622012606961,
    "end": 1622012606961,
    "duration": 0,
    "pid": 24068,
    "index": 17
  },
  {
    "name": "Require(14) node_modules/egg-mongoose/config/config.default.js",
    "start": 1622012606962,
    "end": 1622012606963,
    "duration": 1,
    "pid": 24068,
    "index": 18
  },
  {
    "name": "Require(15) node_modules/egg/config/config.default.js",
    "start": 1622012606964,
    "end": 1622012606965,
    "duration": 1,
    "pid": 24068,
    "index": 19
  },
  {
    "name": "Require(16) config/config.default.js",
    "start": 1622012606966,
    "end": 1622012606966,
    "duration": 0,
    "pid": 24068,
    "index": 20
  },
  {
    "name": "Require(17) node_modules/egg-static/config/config.prod.js",
    "start": 1622012606974,
    "end": 1622012606975,
    "duration": 1,
    "pid": 24068,
    "index": 21
  },
  {
    "name": "Load extend/application.js",
    "start": 1622012606979,
    "end": 1622012607075,
    "duration": 96,
    "pid": 24068,
    "index": 22
  },
  {
    "name": "Require(18) node_modules/egg-session/app/extend/application.js",
    "start": 1622012606981,
    "end": 1622012606981,
    "duration": 0,
    "pid": 24068,
    "index": 23
  },
  {
    "name": "Require(19) node_modules/egg-security/app/extend/application.js",
    "start": 1622012606982,
    "end": 1622012606985,
    "duration": 3,
    "pid": 24068,
    "index": 24
  },
  {
    "name": "Require(20) node_modules/egg-jsonp/app/extend/application.js",
    "start": 1622012606986,
    "end": 1622012606990,
    "duration": 4,
    "pid": 24068,
    "index": 25
  },
  {
    "name": "Require(21) node_modules/egg-logrotator/app/extend/application.js",
    "start": 1622012606994,
    "end": 1622012606997,
    "duration": 3,
    "pid": 24068,
    "index": 26
  },
  {
    "name": "Require(22) node_modules/egg-view/app/extend/application.js",
    "start": 1622012606998,
    "end": 1622012607002,
    "duration": 4,
    "pid": 24068,
    "index": 27
  },
  {
    "name": "Require(23) node_modules/egg-view-nunjucks/app/extend/application.js",
    "start": 1622012607004,
    "end": 1622012607061,
    "duration": 57,
    "pid": 24068,
    "index": 28
  },
  {
    "name": "Load extend/request.js",
    "start": 1622012607075,
    "end": 1622012607094,
    "duration": 19,
    "pid": 24068,
    "index": 29
  },
  {
    "name": "Require(24) node_modules/egg/app/extend/request.js",
    "start": 1622012607084,
    "end": 1622012607085,
    "duration": 1,
    "pid": 24068,
    "index": 30
  },
  {
    "name": "Load extend/response.js",
    "start": 1622012607094,
    "end": 1622012607119,
    "duration": 25,
    "pid": 24068,
    "index": 31
  },
  {
    "name": "Require(25) node_modules/egg/app/extend/response.js",
    "start": 1622012607104,
    "end": 1622012607109,
    "duration": 5,
    "pid": 24068,
    "index": 32
  },
  {
    "name": "Load extend/context.js",
    "start": 1622012607119,
    "end": 1622012607257,
    "duration": 138,
    "pid": 24068,
    "index": 33
  },
  {
    "name": "Require(26) node_modules/egg-security/app/extend/context.js",
    "start": 1622012607121,
    "end": 1622012607143,
    "duration": 22,
    "pid": 24068,
    "index": 34
  },
  {
    "name": "Require(27) node_modules/egg-jsonp/app/extend/context.js",
    "start": 1622012607144,
    "end": 1622012607147,
    "duration": 3,
    "pid": 24068,
    "index": 35
  },
  {
    "name": "Require(28) node_modules/egg-i18n/app/extend/context.js",
    "start": 1622012607149,
    "end": 1622012607150,
    "duration": 1,
    "pid": 24068,
    "index": 36
  },
  {
    "name": "Require(29) node_modules/egg-multipart/app/extend/context.js",
    "start": 1622012607153,
    "end": 1622012607236,
    "duration": 83,
    "pid": 24068,
    "index": 37
  },
  {
    "name": "Require(30) node_modules/egg-view/app/extend/context.js",
    "start": 1622012607237,
    "end": 1622012607240,
    "duration": 3,
    "pid": 24068,
    "index": 38
  },
  {
    "name": "Require(31) node_modules/egg-mongoose/app/extend/context.js",
    "start": 1622012607242,
    "end": 1622012607244,
    "duration": 2,
    "pid": 24068,
    "index": 39
  },
  {
    "name": "Require(32) node_modules/egg/app/extend/context.js",
    "start": 1622012607245,
    "end": 1622012607246,
    "duration": 1,
    "pid": 24068,
    "index": 40
  },
  {
    "name": "Load extend/helper.js",
    "start": 1622012607258,
    "end": 1622012607319,
    "duration": 61,
    "pid": 24068,
    "index": 41
  },
  {
    "name": "Require(33) node_modules/egg-security/app/extend/helper.js",
    "start": 1622012607259,
    "end": 1622012607295,
    "duration": 36,
    "pid": 24068,
    "index": 42
  },
  {
    "name": "Require(34) node_modules/egg/app/extend/helper.js",
    "start": 1622012607304,
    "end": 1622012607304,
    "duration": 0,
    "pid": 24068,
    "index": 43
  },
  {
    "name": "Require(35) app/extend/helper.js",
    "start": 1622012607306,
    "end": 1622012607310,
    "duration": 4,
    "pid": 24068,
    "index": 44
  },
  {
    "name": "Load app.js",
    "start": 1622012607319,
    "end": 1622012607405,
    "duration": 86,
    "pid": 24068,
    "index": 45
  },
  {
    "name": "Require(36) node_modules/egg-session/app.js",
    "start": 1622012607320,
    "end": 1622012607320,
    "duration": 0,
    "pid": 24068,
    "index": 46
  },
  {
    "name": "Require(37) node_modules/egg-security/app.js",
    "start": 1622012607321,
    "end": 1622012607324,
    "duration": 3,
    "pid": 24068,
    "index": 47
  },
  {
    "name": "Require(38) node_modules/egg-onerror/app.js",
    "start": 1622012607326,
    "end": 1622012607345,
    "duration": 19,
    "pid": 24068,
    "index": 48
  },
  {
    "name": "Require(39) node_modules/egg-i18n/app.js",
    "start": 1622012607346,
    "end": 1622012607381,
    "duration": 35,
    "pid": 24068,
    "index": 49
  },
  {
    "name": "Require(40) node_modules/egg-watcher/app.js",
    "start": 1622012607382,
    "end": 1622012607389,
    "duration": 7,
    "pid": 24068,
    "index": 50
  },
  {
    "name": "Require(41) node_modules/egg-schedule/app.js",
    "start": 1622012607391,
    "end": 1622012607394,
    "duration": 3,
    "pid": 24068,
    "index": 51
  },
  {
    "name": "Require(42) node_modules/egg-multipart/app.js",
    "start": 1622012607395,
    "end": 1622012607395,
    "duration": 0,
    "pid": 24068,
    "index": 52
  },
  {
    "name": "Require(43) node_modules/egg-logrotator/app.js",
    "start": 1622012607396,
    "end": 1622012607397,
    "duration": 1,
    "pid": 24068,
    "index": 53
  },
  {
    "name": "Require(44) node_modules/egg-static/app.js",
    "start": 1622012607397,
    "end": 1622012607398,
    "duration": 1,
    "pid": 24068,
    "index": 54
  },
  {
    "name": "Require(45) node_modules/egg-view-nunjucks/app.js",
    "start": 1622012607399,
    "end": 1622012607400,
    "duration": 1,
    "pid": 24068,
    "index": 55
  },
  {
    "name": "Require(46) node_modules/egg-view-ejs/app.js",
    "start": 1622012607401,
    "end": 1622012607402,
    "duration": 1,
    "pid": 24068,
    "index": 56
  },
  {
    "name": "Require(47) node_modules/egg-mongoose/app.js",
    "start": 1622012607403,
    "end": 1622012607403,
    "duration": 0,
    "pid": 24068,
    "index": 57
  },
  {
    "name": "Before Start in node_modules/egg-watcher/lib/init.js:15:14",
    "start": 1622012607421,
    "end": 1622012609116,
    "duration": 1695,
    "pid": 24068,
    "index": 58
  },
  {
    "name": "Before Start in node_modules/egg-mongoose/lib/mongoose.js:104:7",
    "start": 1622012608282,
    "end": 1622012609268,
    "duration": 986,
    "pid": 24068,
    "index": 59
  },
  {
    "name": "Before Start in node_modules/egg-mongoose/lib/mongoose.js:52:9",
    "start": 1622012608282,
    "end": 1622012609099,
    "duration": 817,
    "pid": 24068,
    "index": 60
  },
  {
    "name": "Load Service",
    "start": 1622012608283,
    "end": 1622012608753,
    "duration": 470,
    "pid": 24068,
    "index": 61
  },
  {
    "name": "Load \"service\" to Context",
    "start": 1622012608283,
    "end": 1622012608753,
    "duration": 470,
    "pid": 24068,
    "index": 62
  },
  {
    "name": "Load Middleware",
    "start": 1622012608753,
    "end": 1622012608990,
    "duration": 237,
    "pid": 24068,
    "index": 63
  },
  {
    "name": "Load \"middlewares\" to Application",
    "start": 1622012608753,
    "end": 1622012608967,
    "duration": 214,
    "pid": 24068,
    "index": 64
  },
  {
    "name": "Load Controller",
    "start": 1622012608990,
    "end": 1622012609027,
    "duration": 37,
    "pid": 24068,
    "index": 65
  },
  {
    "name": "Load \"controller\" to Application",
    "start": 1622012608990,
    "end": 1622012609027,
    "duration": 37,
    "pid": 24068,
    "index": 66
  },
  {
    "name": "Load Router",
    "start": 1622012609027,
    "end": 1622012609034,
    "duration": 7,
    "pid": 24068,
    "index": 67
  },
  {
    "name": "Require(48) app/router.js",
    "start": 1622012609028,
    "end": 1622012609028,
    "duration": 0,
    "pid": 24068,
    "index": 68
  },
  {
    "name": "Before Start in node_modules/egg-core/lib/egg.js:303:10",
    "start": 1622012609030,
    "end": 1622012609099,
    "duration": 69,
    "pid": 24068,
    "index": 69
  },
  {
    "name": "Load \"model\" to Application",
    "start": 1622012609047,
    "end": 1622012609098,
    "duration": 51,
    "pid": 24068,
    "index": 70
  }
]