[
  {
    "name": "Process Start",
    "start": 1622012605573,
    "end": 1622012607264,
    "duration": 1691,
    "pid": 4920,
    "index": 0
  },
  {
    "name": "Application Start",
    "start": 1622012607265,
    "end": 1622012609568,
    "duration": 2303,
    "pid": 4920,
    "index": 1
  },
  {
    "name": "Load Plugin",
    "start": 1622012607276,
    "end": 1622012607338,
    "duration": 62,
    "pid": 4920,
    "index": 2
  },
  {
    "name": "Load Config",
    "start": 1622012607338,
    "end": 1622012607388,
    "duration": 50,
    "pid": 4920,
    "index": 3
  },
  {
    "name": "Require(0) config/config.default.js",
    "start": 1622012607339,
    "end": 1622012607340,
    "duration": 1,
    "pid": 4920,
    "index": 4
  },
  {
    "name": "Require(1) node_modules/egg-session/config/config.default.js",
    "start": 1622012607343,
    "end": 1622012607344,
    "duration": 1,
    "pid": 4920,
    "index": 5
  },
  {
    "name": "Require(2) node_modules/egg-security/config/config.default.js",
    "start": 1622012607345,
    "end": 1622012607346,
    "duration": 1,
    "pid": 4920,
    "index": 6
  },
  {
    "name": "Require(3) node_modules/egg-jsonp/config/config.default.js",
    "start": 1622012607348,
    "end": 1622012607349,
    "duration": 1,
    "pid": 4920,
    "index": 7
  },
  {
    "name": "Require(4) node_modules/egg-onerror/config/config.default.js",
    "start": 1622012607350,
    "end": 1622012607351,
    "duration": 1,
    "pid": 4920,
    "index": 8
  },
  {
    "name": "Require(5) node_modules/egg-i18n/config/config.default.js",
    "start": 1622012607352,
    "end": 1622012607353,
    "duration": 1,
    "pid": 4920,
    "index": 9
  },
  {
    "name": "Require(6) node_modules/egg-watcher/config/config.default.js",
    "start": 1622012607354,
    "end": 1622012607354,
    "duration": 0,
    "pid": 4920,
    "index": 10
  },
  {
    "name": "Require(7) node_modules/egg-schedule/config/config.default.js",
    "start": 1622012607355,
    "end": 1622012607356,
    "duration": 1,
    "pid": 4920,
    "index": 11
  },
  {
    "name": "Require(8) node_modules/egg-multipart/config/config.default.js",
    "start": 1622012607357,
    "end": 1622012607358,
    "duration": 1,
    "pid": 4920,
    "index": 12
  },
  {
    "name": "Require(9) node_modules/egg-logrotator/config/config.default.js",
    "start": 1622012607360,
    "end": 1622012607360,
    "duration": 0,
    "pid": 4920,
    "index": 13
  },
  {
    "name": "Require(10) node_modules/egg-static/config/config.default.js",
    "start": 1622012607361,
    "end": 1622012607362,
    "duration": 1,
    "pid": 4920,
    "index": 14
  },
  {
    "name": "Require(11) node_modules/egg-view/config/config.default.js",
    "start": 1622012607364,
    "end": 1622012607364,
    "duration": 0,
    "pid": 4920,
    "index": 15
  },
  {
    "name": "Require(12) node_modules/egg-view-nunjucks/config/config.default.js",
    "start": 1622012607369,
    "end": 1622012607370,
    "duration": 1,
    "pid": 4920,
    "index": 16
  },
  {
    "name": "Require(13) node_modules/egg-view-ejs/config/config.default.js",
    "start": 1622012607371,
    "end": 1622012607372,
    "duration": 1,
    "pid": 4920,
    "index": 17
  },
  {
    "name": "Require(14) node_modules/egg-mongoose/config/config.default.js",
    "start": 1622012607373,
    "end": 1622012607374,
    "duration": 1,
    "pid": 4920,
    "index": 18
  },
  {
    "name": "Require(15) node_modules/egg/config/config.default.js",
    "start": 1622012607376,
    "end": 1622012607377,
    "duration": 1,
    "pid": 4920,
    "index": 19
  },
  {
    "name": "Require(16) config/config.default.js",
    "start": 1622012607378,
    "end": 1622012607378,
    "duration": 0,
    "pid": 4920,
    "index": 20
  },
  {
    "name": "Require(17) node_modules/egg-static/config/config.prod.js",
    "start": 1622012607384,
    "end": 1622012607385,
    "duration": 1,
    "pid": 4920,
    "index": 21
  },
  {
    "name": "Load extend/application.js",
    "start": 1622012607390,
    "end": 1622012607492,
    "duration": 102,
    "pid": 4920,
    "index": 22
  },
  {
    "name": "Require(18) node_modules/egg-session/app/extend/application.js",
    "start": 1622012607392,
    "end": 1622012607393,
    "duration": 1,
    "pid": 4920,
    "index": 23
  },
  {
    "name": "Require(19) node_modules/egg-security/app/extend/application.js",
    "start": 1622012607394,
    "end": 1622012607399,
    "duration": 5,
    "pid": 4920,
    "index": 24
  },
  {
    "name": "Require(20) node_modules/egg-jsonp/app/extend/application.js",
    "start": 1622012607400,
    "end": 1622012607403,
    "duration": 3,
    "pid": 4920,
    "index": 25
  },
  {
    "name": "Require(21) node_modules/egg-logrotator/app/extend/application.js",
    "start": 1622012607408,
    "end": 1622012607411,
    "duration": 3,
    "pid": 4920,
    "index": 26
  },
  {
    "name": "Require(22) node_modules/egg-view/app/extend/application.js",
    "start": 1622012607412,
    "end": 1622012607415,
    "duration": 3,
    "pid": 4920,
    "index": 27
  },
  {
    "name": "Require(23) node_modules/egg-view-nunjucks/app/extend/application.js",
    "start": 1622012607416,
    "end": 1622012607474,
    "duration": 58,
    "pid": 4920,
    "index": 28
  },
  {
    "name": "Load extend/request.js",
    "start": 1622012607493,
    "end": 1622012607517,
    "duration": 24,
    "pid": 4920,
    "index": 29
  },
  {
    "name": "Require(24) node_modules/egg/app/extend/request.js",
    "start": 1622012607506,
    "end": 1622012607507,
    "duration": 1,
    "pid": 4920,
    "index": 30
  },
  {
    "name": "Load extend/response.js",
    "start": 1622012607517,
    "end": 1622012607541,
    "duration": 24,
    "pid": 4920,
    "index": 31
  },
  {
    "name": "Require(25) node_modules/egg/app/extend/response.js",
    "start": 1622012607526,
    "end": 1622012607529,
    "duration": 3,
    "pid": 4920,
    "index": 32
  },
  {
    "name": "Load extend/context.js",
    "start": 1622012607541,
    "end": 1622012607679,
    "duration": 138,
    "pid": 4920,
    "index": 33
  },
  {
    "name": "Require(26) node_modules/egg-security/app/extend/context.js",
    "start": 1622012607543,
    "end": 1622012607569,
    "duration": 26,
    "pid": 4920,
    "index": 34
  },
  {
    "name": "Require(27) node_modules/egg-jsonp/app/extend/context.js",
    "start": 1622012607570,
    "end": 1622012607574,
    "duration": 4,
    "pid": 4920,
    "index": 35
  },
  {
    "name": "Require(28) node_modules/egg-i18n/app/extend/context.js",
    "start": 1622012607576,
    "end": 1622012607577,
    "duration": 1,
    "pid": 4920,
    "index": 36
  },
  {
    "name": "Require(29) node_modules/egg-multipart/app/extend/context.js",
    "start": 1622012607579,
    "end": 1622012607659,
    "duration": 80,
    "pid": 4920,
    "index": 37
  },
  {
    "name": "Require(30) node_modules/egg-view/app/extend/context.js",
    "start": 1622012607661,
    "end": 1622012607663,
    "duration": 2,
    "pid": 4920,
    "index": 38
  },
  {
    "name": "Require(31) node_modules/egg-mongoose/app/extend/context.js",
    "start": 1622012607665,
    "end": 1622012607666,
    "duration": 1,
    "pid": 4920,
    "index": 39
  },
  {
    "name": "Require(32) node_modules/egg/app/extend/context.js",
    "start": 1622012607667,
    "end": 1622012607668,
    "duration": 1,
    "pid": 4920,
    "index": 40
  },
  {
    "name": "Load extend/helper.js",
    "start": 1622012607679,
    "end": 1622012607745,
    "duration": 66,
    "pid": 4920,
    "index": 41
  },
  {
    "name": "Require(33) node_modules/egg-security/app/extend/helper.js",
    "start": 1622012607680,
    "end": 1622012607721,
    "duration": 41,
    "pid": 4920,
    "index": 42
  },
  {
    "name": "Require(34) node_modules/egg/app/extend/helper.js",
    "start": 1622012607731,
    "end": 1622012607732,
    "duration": 1,
    "pid": 4920,
    "index": 43
  },
  {
    "name": "Require(35) app/extend/helper.js",
    "start": 1622012607733,
    "end": 1622012607736,
    "duration": 3,
    "pid": 4920,
    "index": 44
  },
  {
    "name": "Load app.js",
    "start": 1622012607745,
    "end": 1622012607820,
    "duration": 75,
    "pid": 4920,
    "index": 45
  },
  {
    "name": "Require(36) node_modules/egg-session/app.js",
    "start": 1622012607746,
    "end": 1622012607747,
    "duration": 1,
    "pid": 4920,
    "index": 46
  },
  {
    "name": "Require(37) node_modules/egg-security/app.js",
    "start": 1622012607747,
    "end": 1622012607750,
    "duration": 3,
    "pid": 4920,
    "index": 47
  },
  {
    "name": "Require(38) node_modules/egg-onerror/app.js",
    "start": 1622012607751,
    "end": 1622012607766,
    "duration": 15,
    "pid": 4920,
    "index": 48
  },
  {
    "name": "Require(39) node_modules/egg-i18n/app.js",
    "start": 1622012607767,
    "end": 1622012607798,
    "duration": 31,
    "pid": 4920,
    "index": 49
  },
  {
    "name": "Require(40) node_modules/egg-watcher/app.js",
    "start": 1622012607798,
    "end": 1622012607805,
    "duration": 7,
    "pid": 4920,
    "index": 50
  },
  {
    "name": "Require(41) node_modules/egg-schedule/app.js",
    "start": 1622012607806,
    "end": 1622012607809,
    "duration": 3,
    "pid": 4920,
    "index": 51
  },
  {
    "name": "Require(42) node_modules/egg-multipart/app.js",
    "start": 1622012607810,
    "end": 1622012607811,
    "duration": 1,
    "pid": 4920,
    "index": 52
  },
  {
    "name": "Require(43) node_modules/egg-logrotator/app.js",
    "start": 1622012607811,
    "end": 1622012607812,
    "duration": 1,
    "pid": 4920,
    "index": 53
  },
  {
    "name": "Require(44) node_modules/egg-static/app.js",
    "start": 1622012607813,
    "end": 1622012607813,
    "duration": 0,
    "pid": 4920,
    "index": 54
  },
  {
    "name": "Require(45) node_modules/egg-view-nunjucks/app.js",
    "start": 1622012607815,
    "end": 1622012607816,
    "duration": 1,
    "pid": 4920,
    "index": 55
  },
  {
    "name": "Require(46) node_modules/egg-view-ejs/app.js",
    "start": 1622012607816,
    "end": 1622012607817,
    "duration": 1,
    "pid": 4920,
    "index": 56
  },
  {
    "name": "Require(47) node_modules/egg-mongoose/app.js",
    "start": 1622012607817,
    "end": 1622012607818,
    "duration": 1,
    "pid": 4920,
    "index": 57
  },
  {
    "name": "Before Start in node_modules/egg-watcher/lib/init.js:15:14",
    "start": 1622012607836,
    "end": 1622012609427,
    "duration": 1591,
    "pid": 4920,
    "index": 58
  },
  {
    "name": "Before Start in node_modules/egg-mongoose/lib/mongoose.js:104:7",
    "start": 1622012608707,
    "end": 1622012609568,
    "duration": 861,
    "pid": 4920,
    "index": 59
  },
  {
    "name": "Before Start in node_modules/egg-mongoose/lib/mongoose.js:52:9",
    "start": 1622012608707,
    "end": 1622012609407,
    "duration": 700,
    "pid": 4920,
    "index": 60
  },
  {
    "name": "Load Service",
    "start": 1622012608707,
    "end": 1622012609135,
    "duration": 428,
    "pid": 4920,
    "index": 61
  },
  {
    "name": "Load \"service\" to Context",
    "start": 1622012608707,
    "end": 1622012609135,
    "duration": 428,
    "pid": 4920,
    "index": 62
  },
  {
    "name": "Load Middleware",
    "start": 1622012609135,
    "end": 1622012609323,
    "duration": 188,
    "pid": 4920,
    "index": 63
  },
  {
    "name": "Load \"middlewares\" to Application",
    "start": 1622012609135,
    "end": 1622012609303,
    "duration": 168,
    "pid": 4920,
    "index": 64
  },
  {
    "name": "Load Controller",
    "start": 1622012609323,
    "end": 1622012609348,
    "duration": 25,
    "pid": 4920,
    "index": 65
  },
  {
    "name": "Load \"controller\" to Application",
    "start": 1622012609323,
    "end": 1622012609348,
    "duration": 25,
    "pid": 4920,
    "index": 66
  },
  {
    "name": "Load Router",
    "start": 1622012609348,
    "end": 1622012609352,
    "duration": 4,
    "pid": 4920,
    "index": 67
  },
  {
    "name": "Require(48) app/router.js",
    "start": 1622012609348,
    "end": 1622012609349,
    "duration": 1,
    "pid": 4920,
    "index": 68
  },
  {
    "name": "Before Start in node_modules/egg-core/lib/egg.js:303:10",
    "start": 1622012609350,
    "end": 1622012609407,
    "duration": 57,
    "pid": 4920,
    "index": 69
  },
  {
    "name": "Load \"model\" to Application",
    "start": 1622012609366,
    "end": 1622012609406,
    "duration": 40,
    "pid": 4920,
    "index": 70
  }
]