[
  {
    "name": "Process Start",
    "start": 1622012605076,
    "end": 1622012606447,
    "duration": 1371,
    "pid": 5112,
    "index": 0
  },
  {
    "name": "Application Start",
    "start": 1622012606449,
    "end": 1622012608956,
    "duration": 2507,
    "pid": 5112,
    "index": 1
  },
  {
    "name": "Load Plugin",
    "start": 1622012606459,
    "end": 1622012606564,
    "duration": 105,
    "pid": 5112,
    "index": 2
  },
  {
    "name": "Load Config",
    "start": 1622012606564,
    "end": 1622012606610,
    "duration": 46,
    "pid": 5112,
    "index": 3
  },
  {
    "name": "Require(0) config/config.default.js",
    "start": 1622012606565,
    "end": 1622012606566,
    "duration": 1,
    "pid": 5112,
    "index": 4
  },
  {
    "name": "Require(1) node_modules/egg-session/config/config.default.js",
    "start": 1622012606569,
    "end": 1622012606570,
    "duration": 1,
    "pid": 5112,
    "index": 5
  },
  {
    "name": "Require(2) node_modules/egg-security/config/config.default.js",
    "start": 1622012606571,
    "end": 1622012606572,
    "duration": 1,
    "pid": 5112,
    "index": 6
  },
  {
    "name": "Require(3) node_modules/egg-jsonp/config/config.default.js",
    "start": 1622012606574,
    "end": 1622012606574,
    "duration": 0,
    "pid": 5112,
    "index": 7
  },
  {
    "name": "Require(4) node_modules/egg-onerror/config/config.default.js",
    "start": 1622012606576,
    "end": 1622012606576,
    "duration": 0,
    "pid": 5112,
    "index": 8
  },
  {
    "name": "Require(5) node_modules/egg-i18n/config/config.default.js",
    "start": 1622012606577,
    "end": 1622012606579,
    "duration": 2,
    "pid": 5112,
    "index": 9
  },
  {
    "name": "Require(6) node_modules/egg-watcher/config/config.default.js",
    "start": 1622012606580,
    "end": 1622012606581,
    "duration": 1,
    "pid": 5112,
    "index": 10
  },
  {
    "name": "Require(7) node_modules/egg-schedule/config/config.default.js",
    "start": 1622012606582,
    "end": 1622012606582,
    "duration": 0,
    "pid": 5112,
    "index": 11
  },
  {
    "name": "Require(8) node_modules/egg-multipart/config/config.default.js",
    "start": 1622012606584,
    "end": 1622012606584,
    "duration": 0,
    "pid": 5112,
    "index": 12
  },
  {
    "name": "Require(9) node_modules/egg-logrotator/config/config.default.js",
    "start": 1622012606586,
    "end": 1622012606587,
    "duration": 1,
    "pid": 5112,
    "index": 13
  },
  {
    "name": "Require(10) node_modules/egg-static/config/config.default.js",
    "start": 1622012606588,
    "end": 1622012606589,
    "duration": 1,
    "pid": 5112,
    "index": 14
  },
  {
    "name": "Require(11) node_modules/egg-view/config/config.default.js",
    "start": 1622012606590,
    "end": 1622012606590,
    "duration": 0,
    "pid": 5112,
    "index": 15
  },
  {
    "name": "Require(12) node_modules/egg-view-nunjucks/config/config.default.js",
    "start": 1622012606592,
    "end": 1622012606592,
    "duration": 0,
    "pid": 5112,
    "index": 16
  },
  {
    "name": "Require(13) node_modules/egg-view-ejs/config/config.default.js",
    "start": 1622012606593,
    "end": 1622012606594,
    "duration": 1,
    "pid": 5112,
    "index": 17
  },
  {
    "name": "Require(14) node_modules/egg-mongoose/config/config.default.js",
    "start": 1622012606595,
    "end": 1622012606596,
    "duration": 1,
    "pid": 5112,
    "index": 18
  },
  {
    "name": "Require(15) node_modules/egg/config/config.default.js",
    "start": 1622012606597,
    "end": 1622012606598,
    "duration": 1,
    "pid": 5112,
    "index": 19
  },
  {
    "name": "Require(16) config/config.default.js",
    "start": 1622012606600,
    "end": 1622012606600,
    "duration": 0,
    "pid": 5112,
    "index": 20
  },
  {
    "name": "Require(17) node_modules/egg-static/config/config.prod.js",
    "start": 1622012606606,
    "end": 1622012606607,
    "duration": 1,
    "pid": 5112,
    "index": 21
  },
  {
    "name": "Load extend/application.js",
    "start": 1622012606611,
    "end": 1622012606701,
    "duration": 90,
    "pid": 5112,
    "index": 22
  },
  {
    "name": "Require(18) node_modules/egg-session/app/extend/application.js",
    "start": 1622012606613,
    "end": 1622012606613,
    "duration": 0,
    "pid": 5112,
    "index": 23
  },
  {
    "name": "Require(19) node_modules/egg-security/app/extend/application.js",
    "start": 1622012606615,
    "end": 1622012606617,
    "duration": 2,
    "pid": 5112,
    "index": 24
  },
  {
    "name": "Require(20) node_modules/egg-jsonp/app/extend/application.js",
    "start": 1622012606618,
    "end": 1622012606621,
    "duration": 3,
    "pid": 5112,
    "index": 25
  },
  {
    "name": "Require(21) node_modules/egg-logrotator/app/extend/application.js",
    "start": 1622012606626,
    "end": 1622012606628,
    "duration": 2,
    "pid": 5112,
    "index": 26
  },
  {
    "name": "Require(22) node_modules/egg-view/app/extend/application.js",
    "start": 1622012606630,
    "end": 1622012606632,
    "duration": 2,
    "pid": 5112,
    "index": 27
  },
  {
    "name": "Require(23) node_modules/egg-view-nunjucks/app/extend/application.js",
    "start": 1622012606633,
    "end": 1622012606688,
    "duration": 55,
    "pid": 5112,
    "index": 28
  },
  {
    "name": "Load extend/request.js",
    "start": 1622012606701,
    "end": 1622012606723,
    "duration": 22,
    "pid": 5112,
    "index": 29
  },
  {
    "name": "Require(24) node_modules/egg/app/extend/request.js",
    "start": 1622012606710,
    "end": 1622012606712,
    "duration": 2,
    "pid": 5112,
    "index": 30
  },
  {
    "name": "Load extend/response.js",
    "start": 1622012606723,
    "end": 1622012606747,
    "duration": 24,
    "pid": 5112,
    "index": 31
  },
  {
    "name": "Require(25) node_modules/egg/app/extend/response.js",
    "start": 1622012606732,
    "end": 1622012606737,
    "duration": 5,
    "pid": 5112,
    "index": 32
  },
  {
    "name": "Load extend/context.js",
    "start": 1622012606747,
    "end": 1622012606884,
    "duration": 137,
    "pid": 5112,
    "index": 33
  },
  {
    "name": "Require(26) node_modules/egg-security/app/extend/context.js",
    "start": 1622012606749,
    "end": 1622012606771,
    "duration": 22,
    "pid": 5112,
    "index": 34
  },
  {
    "name": "Require(27) node_modules/egg-jsonp/app/extend/context.js",
    "start": 1622012606772,
    "end": 1622012606775,
    "duration": 3,
    "pid": 5112,
    "index": 35
  },
  {
    "name": "Require(28) node_modules/egg-i18n/app/extend/context.js",
    "start": 1622012606777,
    "end": 1622012606778,
    "duration": 1,
    "pid": 5112,
    "index": 36
  },
  {
    "name": "Require(29) node_modules/egg-multipart/app/extend/context.js",
    "start": 1622012606780,
    "end": 1622012606864,
    "duration": 84,
    "pid": 5112,
    "index": 37
  },
  {
    "name": "Require(30) node_modules/egg-view/app/extend/context.js",
    "start": 1622012606866,
    "end": 1622012606868,
    "duration": 2,
    "pid": 5112,
    "index": 38
  },
  {
    "name": "Require(31) node_modules/egg-mongoose/app/extend/context.js",
    "start": 1622012606872,
    "end": 1622012606873,
    "duration": 1,
    "pid": 5112,
    "index": 39
  },
  {
    "name": "Require(32) node_modules/egg/app/extend/context.js",
    "start": 1622012606873,
    "end": 1622012606874,
    "duration": 1,
    "pid": 5112,
    "index": 40
  },
  {
    "name": "Load extend/helper.js",
    "start": 1622012606884,
    "end": 1622012606946,
    "duration": 62,
    "pid": 5112,
    "index": 41
  },
  {
    "name": "Require(33) node_modules/egg-security/app/extend/helper.js",
    "start": 1622012606885,
    "end": 1622012606922,
    "duration": 37,
    "pid": 5112,
    "index": 42
  },
  {
    "name": "Require(34) node_modules/egg/app/extend/helper.js",
    "start": 1622012606932,
    "end": 1622012606932,
    "duration": 0,
    "pid": 5112,
    "index": 43
  },
  {
    "name": "Require(35) app/extend/helper.js",
    "start": 1622012606933,
    "end": 1622012606937,
    "duration": 4,
    "pid": 5112,
    "index": 44
  },
  {
    "name": "Load app.js",
    "start": 1622012606947,
    "end": 1622012607039,
    "duration": 92,
    "pid": 5112,
    "index": 45
  },
  {
    "name": "Require(36) node_modules/egg-session/app.js",
    "start": 1622012606948,
    "end": 1622012606948,
    "duration": 0,
    "pid": 5112,
    "index": 46
  },
  {
    "name": "Require(37) node_modules/egg-security/app.js",
    "start": 1622012606949,
    "end": 1622012606952,
    "duration": 3,
    "pid": 5112,
    "index": 47
  },
  {
    "name": "Require(38) node_modules/egg-onerror/app.js",
    "start": 1622012606954,
    "end": 1622012606975,
    "duration": 21,
    "pid": 5112,
    "index": 48
  },
  {
    "name": "Require(39) node_modules/egg-i18n/app.js",
    "start": 1622012606975,
    "end": 1622012607014,
    "duration": 39,
    "pid": 5112,
    "index": 49
  },
  {
    "name": "Require(40) node_modules/egg-watcher/app.js",
    "start": 1622012607015,
    "end": 1622012607023,
    "duration": 8,
    "pid": 5112,
    "index": 50
  },
  {
    "name": "Require(41) node_modules/egg-schedule/app.js",
    "start": 1622012607024,
    "end": 1622012607028,
    "duration": 4,
    "pid": 5112,
    "index": 51
  },
  {
    "name": "Require(42) node_modules/egg-multipart/app.js",
    "start": 1622012607028,
    "end": 1622012607029,
    "duration": 1,
    "pid": 5112,
    "index": 52
  },
  {
    "name": "Require(43) node_modules/egg-logrotator/app.js",
    "start": 1622012607030,
    "end": 1622012607030,
    "duration": 0,
    "pid": 5112,
    "index": 53
  },
  {
    "name": "Require(44) node_modules/egg-static/app.js",
    "start": 1622012607031,
    "end": 1622012607032,
    "duration": 1,
    "pid": 5112,
    "index": 54
  },
  {
    "name": "Require(45) node_modules/egg-view-nunjucks/app.js",
    "start": 1622012607033,
    "end": 1622012607034,
    "duration": 1,
    "pid": 5112,
    "index": 55
  },
  {
    "name": "Require(46) node_modules/egg-view-ejs/app.js",
    "start": 1622012607035,
    "end": 1622012607036,
    "duration": 1,
    "pid": 5112,
    "index": 56
  },
  {
    "name": "Require(47) node_modules/egg-mongoose/app.js",
    "start": 1622012607036,
    "end": 1622012607037,
    "duration": 1,
    "pid": 5112,
    "index": 57
  },
  {
    "name": "Before Start in node_modules/egg-watcher/lib/init.js:15:14",
    "start": 1622012607056,
    "end": 1622012608802,
    "duration": 1746,
    "pid": 5112,
    "index": 58
  },
  {
    "name": "Before Start in node_modules/egg-mongoose/lib/mongoose.js:104:7",
    "start": 1622012607928,
    "end": 1622012608955,
    "duration": 1027,
    "pid": 5112,
    "index": 59
  },
  {
    "name": "Before Start in node_modules/egg-mongoose/lib/mongoose.js:52:9",
    "start": 1622012607928,
    "end": 1622012608784,
    "duration": 856,
    "pid": 5112,
    "index": 60
  },
  {
    "name": "Load Service",
    "start": 1622012607928,
    "end": 1622012608404,
    "duration": 476,
    "pid": 5112,
    "index": 61
  },
  {
    "name": "Load \"service\" to Context",
    "start": 1622012607928,
    "end": 1622012608404,
    "duration": 476,
    "pid": 5112,
    "index": 62
  },
  {
    "name": "Load Middleware",
    "start": 1622012608404,
    "end": 1622012608668,
    "duration": 264,
    "pid": 5112,
    "index": 63
  },
  {
    "name": "Load \"middlewares\" to Application",
    "start": 1622012608404,
    "end": 1622012608641,
    "duration": 237,
    "pid": 5112,
    "index": 64
  },
  {
    "name": "Load Controller",
    "start": 1622012608668,
    "end": 1622012608707,
    "duration": 39,
    "pid": 5112,
    "index": 65
  },
  {
    "name": "Load \"controller\" to Application",
    "start": 1622012608668,
    "end": 1622012608707,
    "duration": 39,
    "pid": 5112,
    "index": 66
  },
  {
    "name": "Load Router",
    "start": 1622012608707,
    "end": 1622012608714,
    "duration": 7,
    "pid": 5112,
    "index": 67
  },
  {
    "name": "Require(48) app/router.js",
    "start": 1622012608707,
    "end": 1622012608708,
    "duration": 1,
    "pid": 5112,
    "index": 68
  },
  {
    "name": "Before Start in node_modules/egg-core/lib/egg.js:303:10",
    "start": 1622012608710,
    "end": 1622012608784,
    "duration": 74,
    "pid": 5112,
    "index": 69
  },
  {
    "name": "Load \"model\" to Application",
    "start": 1622012608727,
    "end": 1622012608783,
    "duration": 56,
    "pid": 5112,
    "index": 70
  }
]