[
  {
    "name": "Process Start",
    "start": 1622012605125,
    "end": 1622012606550,
    "duration": 1425,
    "pid": 19084,
    "index": 0
  },
  {
    "name": "Application Start",
    "start": 1622012606551,
    "end": 1622012609048,
    "duration": 2497,
    "pid": 19084,
    "index": 1
  },
  {
    "name": "Load Plugin",
    "start": 1622012606569,
    "end": 1622012606639,
    "duration": 70,
    "pid": 19084,
    "index": 2
  },
  {
    "name": "Load Config",
    "start": 1622012606640,
    "end": 1622012606689,
    "duration": 49,
    "pid": 19084,
    "index": 3
  },
  {
    "name": "Require(0) config/config.default.js",
    "start": 1622012606641,
    "end": 1622012606642,
    "duration": 1,
    "pid": 19084,
    "index": 4
  },
  {
    "name": "Require(1) node_modules/egg-session/config/config.default.js",
    "start": 1622012606645,
    "end": 1622012606646,
    "duration": 1,
    "pid": 19084,
    "index": 5
  },
  {
    "name": "Require(2) node_modules/egg-security/config/config.default.js",
    "start": 1622012606647,
    "end": 1622012606648,
    "duration": 1,
    "pid": 19084,
    "index": 6
  },
  {
    "name": "Require(3) node_modules/egg-jsonp/config/config.default.js",
    "start": 1622012606649,
    "end": 1622012606650,
    "duration": 1,
    "pid": 19084,
    "index": 7
  },
  {
    "name": "Require(4) node_modules/egg-onerror/config/config.default.js",
    "start": 1622012606651,
    "end": 1622012606652,
    "duration": 1,
    "pid": 19084,
    "index": 8
  },
  {
    "name": "Require(5) node_modules/egg-i18n/config/config.default.js",
    "start": 1622012606653,
    "end": 1622012606654,
    "duration": 1,
    "pid": 19084,
    "index": 9
  },
  {
    "name": "Require(6) node_modules/egg-watcher/config/config.default.js",
    "start": 1622012606655,
    "end": 1622012606656,
    "duration": 1,
    "pid": 19084,
    "index": 10
  },
  {
    "name": "Require(7) node_modules/egg-schedule/config/config.default.js",
    "start": 1622012606657,
    "end": 1622012606657,
    "duration": 0,
    "pid": 19084,
    "index": 11
  },
  {
    "name": "Require(8) node_modules/egg-multipart/config/config.default.js",
    "start": 1622012606658,
    "end": 1622012606659,
    "duration": 1,
    "pid": 19084,
    "index": 12
  },
  {
    "name": "Require(9) node_modules/egg-logrotator/config/config.default.js",
    "start": 1622012606661,
    "end": 1622012606662,
    "duration": 1,
    "pid": 19084,
    "index": 13
  },
  {
    "name": "Require(10) node_modules/egg-static/config/config.default.js",
    "start": 1622012606663,
    "end": 1622012606663,
    "duration": 0,
    "pid": 19084,
    "index": 14
  },
  {
    "name": "Require(11) node_modules/egg-view/config/config.default.js",
    "start": 1622012606665,
    "end": 1622012606665,
    "duration": 0,
    "pid": 19084,
    "index": 15
  },
  {
    "name": "Require(12) node_modules/egg-view-nunjucks/config/config.default.js",
    "start": 1622012606671,
    "end": 1622012606672,
    "duration": 1,
    "pid": 19084,
    "index": 16
  },
  {
    "name": "Require(13) node_modules/egg-view-ejs/config/config.default.js",
    "start": 1622012606673,
    "end": 1622012606674,
    "duration": 1,
    "pid": 19084,
    "index": 17
  },
  {
    "name": "Require(14) node_modules/egg-mongoose/config/config.default.js",
    "start": 1622012606675,
    "end": 1622012606676,
    "duration": 1,
    "pid": 19084,
    "index": 18
  },
  {
    "name": "Require(15) node_modules/egg/config/config.default.js",
    "start": 1622012606676,
    "end": 1622012606677,
    "duration": 1,
    "pid": 19084,
    "index": 19
  },
  {
    "name": "Require(16) config/config.default.js",
    "start": 1622012606679,
    "end": 1622012606679,
    "duration": 0,
    "pid": 19084,
    "index": 20
  },
  {
    "name": "Require(17) node_modules/egg-static/config/config.prod.js",
    "start": 1622012606686,
    "end": 1622012606686,
    "duration": 0,
    "pid": 19084,
    "index": 21
  },
  {
    "name": "Load extend/application.js",
    "start": 1622012606691,
    "end": 1622012606778,
    "duration": 87,
    "pid": 19084,
    "index": 22
  },
  {
    "name": "Require(18) node_modules/egg-session/app/extend/application.js",
    "start": 1622012606692,
    "end": 1622012606693,
    "duration": 1,
    "pid": 19084,
    "index": 23
  },
  {
    "name": "Require(19) node_modules/egg-security/app/extend/application.js",
    "start": 1622012606694,
    "end": 1622012606697,
    "duration": 3,
    "pid": 19084,
    "index": 24
  },
  {
    "name": "Require(20) node_modules/egg-jsonp/app/extend/application.js",
    "start": 1622012606698,
    "end": 1622012606701,
    "duration": 3,
    "pid": 19084,
    "index": 25
  },
  {
    "name": "Require(21) node_modules/egg-logrotator/app/extend/application.js",
    "start": 1622012606705,
    "end": 1622012606707,
    "duration": 2,
    "pid": 19084,
    "index": 26
  },
  {
    "name": "Require(22) node_modules/egg-view/app/extend/application.js",
    "start": 1622012606709,
    "end": 1622012606713,
    "duration": 4,
    "pid": 19084,
    "index": 27
  },
  {
    "name": "Require(23) node_modules/egg-view-nunjucks/app/extend/application.js",
    "start": 1622012606714,
    "end": 1622012606763,
    "duration": 49,
    "pid": 19084,
    "index": 28
  },
  {
    "name": "Load extend/request.js",
    "start": 1622012606778,
    "end": 1622012606801,
    "duration": 23,
    "pid": 19084,
    "index": 29
  },
  {
    "name": "Require(24) node_modules/egg/app/extend/request.js",
    "start": 1622012606787,
    "end": 1622012606788,
    "duration": 1,
    "pid": 19084,
    "index": 30
  },
  {
    "name": "Load extend/response.js",
    "start": 1622012606801,
    "end": 1622012606826,
    "duration": 25,
    "pid": 19084,
    "index": 31
  },
  {
    "name": "Require(25) node_modules/egg/app/extend/response.js",
    "start": 1622012606812,
    "end": 1622012606815,
    "duration": 3,
    "pid": 19084,
    "index": 32
  },
  {
    "name": "Load extend/context.js",
    "start": 1622012606826,
    "end": 1622012606971,
    "duration": 145,
    "pid": 19084,
    "index": 33
  },
  {
    "name": "Require(26) node_modules/egg-security/app/extend/context.js",
    "start": 1622012606828,
    "end": 1622012606861,
    "duration": 33,
    "pid": 19084,
    "index": 34
  },
  {
    "name": "Require(27) node_modules/egg-jsonp/app/extend/context.js",
    "start": 1622012606862,
    "end": 1622012606866,
    "duration": 4,
    "pid": 19084,
    "index": 35
  },
  {
    "name": "Require(28) node_modules/egg-i18n/app/extend/context.js",
    "start": 1622012606867,
    "end": 1622012606868,
    "duration": 1,
    "pid": 19084,
    "index": 36
  },
  {
    "name": "Require(29) node_modules/egg-multipart/app/extend/context.js",
    "start": 1622012606871,
    "end": 1622012606951,
    "duration": 80,
    "pid": 19084,
    "index": 37
  },
  {
    "name": "Require(30) node_modules/egg-view/app/extend/context.js",
    "start": 1622012606953,
    "end": 1622012606955,
    "duration": 2,
    "pid": 19084,
    "index": 38
  },
  {
    "name": "Require(31) node_modules/egg-mongoose/app/extend/context.js",
    "start": 1622012606957,
    "end": 1622012606958,
    "duration": 1,
    "pid": 19084,
    "index": 39
  },
  {
    "name": "Require(32) node_modules/egg/app/extend/context.js",
    "start": 1622012606959,
    "end": 1622012606960,
    "duration": 1,
    "pid": 19084,
    "index": 40
  },
  {
    "name": "Load extend/helper.js",
    "start": 1622012606971,
    "end": 1622012607038,
    "duration": 67,
    "pid": 19084,
    "index": 41
  },
  {
    "name": "Require(33) node_modules/egg-security/app/extend/helper.js",
    "start": 1622012606972,
    "end": 1622012607011,
    "duration": 39,
    "pid": 19084,
    "index": 42
  },
  {
    "name": "Require(34) node_modules/egg/app/extend/helper.js",
    "start": 1622012607019,
    "end": 1622012607019,
    "duration": 0,
    "pid": 19084,
    "index": 43
  },
  {
    "name": "Require(35) app/extend/helper.js",
    "start": 1622012607020,
    "end": 1622012607025,
    "duration": 5,
    "pid": 19084,
    "index": 44
  },
  {
    "name": "Load app.js",
    "start": 1622012607038,
    "end": 1622012607130,
    "duration": 92,
    "pid": 19084,
    "index": 45
  },
  {
    "name": "Require(36) node_modules/egg-session/app.js",
    "start": 1622012607041,
    "end": 1622012607042,
    "duration": 1,
    "pid": 19084,
    "index": 46
  },
  {
    "name": "Require(37) node_modules/egg-security/app.js",
    "start": 1622012607043,
    "end": 1622012607047,
    "duration": 4,
    "pid": 19084,
    "index": 47
  },
  {
    "name": "Require(38) node_modules/egg-onerror/app.js",
    "start": 1622012607048,
    "end": 1622012607066,
    "duration": 18,
    "pid": 19084,
    "index": 48
  },
  {
    "name": "Require(39) node_modules/egg-i18n/app.js",
    "start": 1622012607067,
    "end": 1622012607101,
    "duration": 34,
    "pid": 19084,
    "index": 49
  },
  {
    "name": "Require(40) node_modules/egg-watcher/app.js",
    "start": 1622012607103,
    "end": 1622012607112,
    "duration": 9,
    "pid": 19084,
    "index": 50
  },
  {
    "name": "Require(41) node_modules/egg-schedule/app.js",
    "start": 1622012607113,
    "end": 1622012607115,
    "duration": 2,
    "pid": 19084,
    "index": 51
  },
  {
    "name": "Require(42) node_modules/egg-multipart/app.js",
    "start": 1622012607116,
    "end": 1622012607117,
    "duration": 1,
    "pid": 19084,
    "index": 52
  },
  {
    "name": "Require(43) node_modules/egg-logrotator/app.js",
    "start": 1622012607118,
    "end": 1622012607119,
    "duration": 1,
    "pid": 19084,
    "index": 53
  },
  {
    "name": "Require(44) node_modules/egg-static/app.js",
    "start": 1622012607119,
    "end": 1622012607120,
    "duration": 1,
    "pid": 19084,
    "index": 54
  },
  {
    "name": "Require(45) node_modules/egg-view-nunjucks/app.js",
    "start": 1622012607122,
    "end": 1622012607122,
    "duration": 0,
    "pid": 19084,
    "index": 55
  },
  {
    "name": "Require(46) node_modules/egg-view-ejs/app.js",
    "start": 1622012607125,
    "end": 1622012607126,
    "duration": 1,
    "pid": 19084,
    "index": 56
  },
  {
    "name": "Require(47) node_modules/egg-mongoose/app.js",
    "start": 1622012607127,
    "end": 1622012607127,
    "duration": 0,
    "pid": 19084,
    "index": 57
  },
  {
    "name": "Before Start in node_modules/egg-watcher/lib/init.js:15:14",
    "start": 1622012607146,
    "end": 1622012608878,
    "duration": 1732,
    "pid": 19084,
    "index": 58
  },
  {
    "name": "Before Start in node_modules/egg-mongoose/lib/mongoose.js:104:7",
    "start": 1622012608023,
    "end": 1622012609047,
    "duration": 1024,
    "pid": 19084,
    "index": 59
  },
  {
    "name": "Before Start in node_modules/egg-mongoose/lib/mongoose.js:52:9",
    "start": 1622012608023,
    "end": 1622012608860,
    "duration": 837,
    "pid": 19084,
    "index": 60
  },
  {
    "name": "Load Service",
    "start": 1622012608023,
    "end": 1622012608484,
    "duration": 461,
    "pid": 19084,
    "index": 61
  },
  {
    "name": "Load \"service\" to Context",
    "start": 1622012608023,
    "end": 1622012608484,
    "duration": 461,
    "pid": 19084,
    "index": 62
  },
  {
    "name": "Load Middleware",
    "start": 1622012608484,
    "end": 1622012608742,
    "duration": 258,
    "pid": 19084,
    "index": 63
  },
  {
    "name": "Load \"middlewares\" to Application",
    "start": 1622012608484,
    "end": 1622012608717,
    "duration": 233,
    "pid": 19084,
    "index": 64
  },
  {
    "name": "Load Controller",
    "start": 1622012608742,
    "end": 1622012608781,
    "duration": 39,
    "pid": 19084,
    "index": 65
  },
  {
    "name": "Load \"controller\" to Application",
    "start": 1622012608743,
    "end": 1622012608781,
    "duration": 38,
    "pid": 19084,
    "index": 66
  },
  {
    "name": "Load Router",
    "start": 1622012608781,
    "end": 1622012608788,
    "duration": 7,
    "pid": 19084,
    "index": 67
  },
  {
    "name": "Require(48) app/router.js",
    "start": 1622012608782,
    "end": 1622012608782,
    "duration": 0,
    "pid": 19084,
    "index": 68
  },
  {
    "name": "Before Start in node_modules/egg-core/lib/egg.js:303:10",
    "start": 1622012608784,
    "end": 1622012608860,
    "duration": 76,
    "pid": 19084,
    "index": 69
  },
  {
    "name": "Load \"model\" to Application",
    "start": 1622012608804,
    "end": 1622012608859,
    "duration": 55,
    "pid": 19084,
    "index": 70
  }
]