[
  {
    "name": "Process Start",
    "start": 1622012515180,
    "end": 1622012516540,
    "duration": 1360,
    "pid": 2960,
    "index": 0
  },
  {
    "name": "Application Start",
    "start": 1622012516542,
    "end": 1622012518848,
    "duration": 2306,
    "pid": 2960,
    "index": 1
  },
  {
    "name": "Load Plugin",
    "start": 1622012516552,
    "end": 1622012516610,
    "duration": 58,
    "pid": 2960,
    "index": 2
  },
  {
    "name": "Load Config",
    "start": 1622012516610,
    "end": 1622012516657,
    "duration": 47,
    "pid": 2960,
    "index": 3
  },
  {
    "name": "Require(0) config/config.default.js",
    "start": 1622012516611,
    "end": 1622012516612,
    "duration": 1,
    "pid": 2960,
    "index": 4
  },
  {
    "name": "Require(1) node_modules/egg-session/config/config.default.js",
    "start": 1622012516614,
    "end": 1622012516615,
    "duration": 1,
    "pid": 2960,
    "index": 5
  },
  {
    "name": "Require(2) node_modules/egg-security/config/config.default.js",
    "start": 1622012516617,
    "end": 1622012516618,
    "duration": 1,
    "pid": 2960,
    "index": 6
  },
  {
    "name": "Require(3) node_modules/egg-jsonp/config/config.default.js",
    "start": 1622012516620,
    "end": 1622012516621,
    "duration": 1,
    "pid": 2960,
    "index": 7
  },
  {
    "name": "Require(4) node_modules/egg-onerror/config/config.default.js",
    "start": 1622012516622,
    "end": 1622012516623,
    "duration": 1,
    "pid": 2960,
    "index": 8
  },
  {
    "name": "Require(5) node_modules/egg-i18n/config/config.default.js",
    "start": 1622012516624,
    "end": 1622012516625,
    "duration": 1,
    "pid": 2960,
    "index": 9
  },
  {
    "name": "Require(6) node_modules/egg-watcher/config/config.default.js",
    "start": 1622012516626,
    "end": 1622012516627,
    "duration": 1,
    "pid": 2960,
    "index": 10
  },
  {
    "name": "Require(7) node_modules/egg-schedule/config/config.default.js",
    "start": 1622012516628,
    "end": 1622012516629,
    "duration": 1,
    "pid": 2960,
    "index": 11
  },
  {
    "name": "Require(8) node_modules/egg-multipart/config/config.default.js",
    "start": 1622012516630,
    "end": 1622012516630,
    "duration": 0,
    "pid": 2960,
    "index": 12
  },
  {
    "name": "Require(9) node_modules/egg-logrotator/config/config.default.js",
    "start": 1622012516632,
    "end": 1622012516634,
    "duration": 2,
    "pid": 2960,
    "index": 13
  },
  {
    "name": "Require(10) node_modules/egg-static/config/config.default.js",
    "start": 1622012516636,
    "end": 1622012516637,
    "duration": 1,
    "pid": 2960,
    "index": 14
  },
  {
    "name": "Require(11) node_modules/egg-view/config/config.default.js",
    "start": 1622012516638,
    "end": 1622012516639,
    "duration": 1,
    "pid": 2960,
    "index": 15
  },
  {
    "name": "Require(12) node_modules/egg-view-nunjucks/config/config.default.js",
    "start": 1622012516640,
    "end": 1622012516640,
    "duration": 0,
    "pid": 2960,
    "index": 16
  },
  {
    "name": "Require(13) node_modules/egg-view-ejs/config/config.default.js",
    "start": 1622012516641,
    "end": 1622012516642,
    "duration": 1,
    "pid": 2960,
    "index": 17
  },
  {
    "name": "Require(14) node_modules/egg-mongoose/config/config.default.js",
    "start": 1622012516643,
    "end": 1622012516644,
    "duration": 1,
    "pid": 2960,
    "index": 18
  },
  {
    "name": "Require(15) node_modules/egg/config/config.default.js",
    "start": 1622012516645,
    "end": 1622012516645,
    "duration": 0,
    "pid": 2960,
    "index": 19
  },
  {
    "name": "Require(16) config/config.default.js",
    "start": 1622012516647,
    "end": 1622012516647,
    "duration": 0,
    "pid": 2960,
    "index": 20
  },
  {
    "name": "Require(17) node_modules/egg-static/config/config.prod.js",
    "start": 1622012516653,
    "end": 1622012516653,
    "duration": 0,
    "pid": 2960,
    "index": 21
  },
  {
    "name": "Load extend/application.js",
    "start": 1622012516659,
    "end": 1622012516739,
    "duration": 80,
    "pid": 2960,
    "index": 22
  },
  {
    "name": "Require(18) node_modules/egg-session/app/extend/application.js",
    "start": 1622012516660,
    "end": 1622012516661,
    "duration": 1,
    "pid": 2960,
    "index": 23
  },
  {
    "name": "Require(19) node_modules/egg-security/app/extend/application.js",
    "start": 1622012516662,
    "end": 1622012516664,
    "duration": 2,
    "pid": 2960,
    "index": 24
  },
  {
    "name": "Require(20) node_modules/egg-jsonp/app/extend/application.js",
    "start": 1622012516665,
    "end": 1622012516668,
    "duration": 3,
    "pid": 2960,
    "index": 25
  },
  {
    "name": "Require(21) node_modules/egg-logrotator/app/extend/application.js",
    "start": 1622012516672,
    "end": 1622012516675,
    "duration": 3,
    "pid": 2960,
    "index": 26
  },
  {
    "name": "Require(22) node_modules/egg-view/app/extend/application.js",
    "start": 1622012516677,
    "end": 1622012516679,
    "duration": 2,
    "pid": 2960,
    "index": 27
  },
  {
    "name": "Require(23) node_modules/egg-view-nunjucks/app/extend/application.js",
    "start": 1622012516681,
    "end": 1622012516727,
    "duration": 46,
    "pid": 2960,
    "index": 28
  },
  {
    "name": "Load extend/request.js",
    "start": 1622012516739,
    "end": 1622012516758,
    "duration": 19,
    "pid": 2960,
    "index": 29
  },
  {
    "name": "Require(24) node_modules/egg/app/extend/request.js",
    "start": 1622012516748,
    "end": 1622012516749,
    "duration": 1,
    "pid": 2960,
    "index": 30
  },
  {
    "name": "Load extend/response.js",
    "start": 1622012516758,
    "end": 1622012516780,
    "duration": 22,
    "pid": 2960,
    "index": 31
  },
  {
    "name": "Require(25) node_modules/egg/app/extend/response.js",
    "start": 1622012516768,
    "end": 1622012516771,
    "duration": 3,
    "pid": 2960,
    "index": 32
  },
  {
    "name": "Load extend/context.js",
    "start": 1622012516781,
    "end": 1622012516914,
    "duration": 133,
    "pid": 2960,
    "index": 33
  },
  {
    "name": "Require(26) node_modules/egg-security/app/extend/context.js",
    "start": 1622012516782,
    "end": 1622012516807,
    "duration": 25,
    "pid": 2960,
    "index": 34
  },
  {
    "name": "Require(27) node_modules/egg-jsonp/app/extend/context.js",
    "start": 1622012516808,
    "end": 1622012516811,
    "duration": 3,
    "pid": 2960,
    "index": 35
  },
  {
    "name": "Require(28) node_modules/egg-i18n/app/extend/context.js",
    "start": 1622012516813,
    "end": 1622012516814,
    "duration": 1,
    "pid": 2960,
    "index": 36
  },
  {
    "name": "Require(29) node_modules/egg-multipart/app/extend/context.js",
    "start": 1622012516816,
    "end": 1622012516894,
    "duration": 78,
    "pid": 2960,
    "index": 37
  },
  {
    "name": "Require(30) node_modules/egg-view/app/extend/context.js",
    "start": 1622012516895,
    "end": 1622012516898,
    "duration": 3,
    "pid": 2960,
    "index": 38
  },
  {
    "name": "Require(31) node_modules/egg-mongoose/app/extend/context.js",
    "start": 1622012516903,
    "end": 1622012516903,
    "duration": 0,
    "pid": 2960,
    "index": 39
  },
  {
    "name": "Require(32) node_modules/egg/app/extend/context.js",
    "start": 1622012516904,
    "end": 1622012516905,
    "duration": 1,
    "pid": 2960,
    "index": 40
  },
  {
    "name": "Load extend/helper.js",
    "start": 1622012516914,
    "end": 1622012516976,
    "duration": 62,
    "pid": 2960,
    "index": 41
  },
  {
    "name": "Require(33) node_modules/egg-security/app/extend/helper.js",
    "start": 1622012516915,
    "end": 1622012516951,
    "duration": 36,
    "pid": 2960,
    "index": 42
  },
  {
    "name": "Require(34) node_modules/egg/app/extend/helper.js",
    "start": 1622012516960,
    "end": 1622012516961,
    "duration": 1,
    "pid": 2960,
    "index": 43
  },
  {
    "name": "Require(35) app/extend/helper.js",
    "start": 1622012516962,
    "end": 1622012516965,
    "duration": 3,
    "pid": 2960,
    "index": 44
  },
  {
    "name": "Load app.js",
    "start": 1622012516977,
    "end": 1622012517059,
    "duration": 82,
    "pid": 2960,
    "index": 45
  },
  {
    "name": "Require(36) node_modules/egg-session/app.js",
    "start": 1622012516978,
    "end": 1622012516978,
    "duration": 0,
    "pid": 2960,
    "index": 46
  },
  {
    "name": "Require(37) node_modules/egg-security/app.js",
    "start": 1622012516979,
    "end": 1622012516982,
    "duration": 3,
    "pid": 2960,
    "index": 47
  },
  {
    "name": "Require(38) node_modules/egg-onerror/app.js",
    "start": 1622012516983,
    "end": 1622012517001,
    "duration": 18,
    "pid": 2960,
    "index": 48
  },
  {
    "name": "Require(39) node_modules/egg-i18n/app.js",
    "start": 1622012517002,
    "end": 1622012517037,
    "duration": 35,
    "pid": 2960,
    "index": 49
  },
  {
    "name": "Require(40) node_modules/egg-watcher/app.js",
    "start": 1622012517037,
    "end": 1622012517046,
    "duration": 9,
    "pid": 2960,
    "index": 50
  },
  {
    "name": "Require(41) node_modules/egg-schedule/app.js",
    "start": 1622012517047,
    "end": 1622012517050,
    "duration": 3,
    "pid": 2960,
    "index": 51
  },
  {
    "name": "Require(42) node_modules/egg-multipart/app.js",
    "start": 1622012517050,
    "end": 1622012517051,
    "duration": 1,
    "pid": 2960,
    "index": 52
  },
  {
    "name": "Require(43) node_modules/egg-logrotator/app.js",
    "start": 1622012517052,
    "end": 1622012517052,
    "duration": 0,
    "pid": 2960,
    "index": 53
  },
  {
    "name": "Require(44) node_modules/egg-static/app.js",
    "start": 1622012517053,
    "end": 1622012517053,
    "duration": 0,
    "pid": 2960,
    "index": 54
  },
  {
    "name": "Require(45) node_modules/egg-view-nunjucks/app.js",
    "start": 1622012517055,
    "end": 1622012517055,
    "duration": 0,
    "pid": 2960,
    "index": 55
  },
  {
    "name": "Require(46) node_modules/egg-view-ejs/app.js",
    "start": 1622012517056,
    "end": 1622012517056,
    "duration": 0,
    "pid": 2960,
    "index": 56
  },
  {
    "name": "Require(47) node_modules/egg-mongoose/app.js",
    "start": 1622012517057,
    "end": 1622012517057,
    "duration": 0,
    "pid": 2960,
    "index": 57
  },
  {
    "name": "Before Start in node_modules/egg-watcher/lib/init.js:15:14",
    "start": 1622012517074,
    "end": 1622012518685,
    "duration": 1611,
    "pid": 2960,
    "index": 58
  },
  {
    "name": "Before Start in node_modules/egg-mongoose/lib/mongoose.js:104:7",
    "start": 1622012517858,
    "end": 1622012518847,
    "duration": 989,
    "pid": 2960,
    "index": 59
  },
  {
    "name": "Before Start in node_modules/egg-mongoose/lib/mongoose.js:52:9",
    "start": 1622012517858,
    "end": 1622012518670,
    "duration": 812,
    "pid": 2960,
    "index": 60
  },
  {
    "name": "Load Service",
    "start": 1622012517858,
    "end": 1622012518307,
    "duration": 449,
    "pid": 2960,
    "index": 61
  },
  {
    "name": "Load \"service\" to Context",
    "start": 1622012517858,
    "end": 1622012518307,
    "duration": 449,
    "pid": 2960,
    "index": 62
  },
  {
    "name": "Load Middleware",
    "start": 1622012518307,
    "end": 1622012518563,
    "duration": 256,
    "pid": 2960,
    "index": 63
  },
  {
    "name": "Load \"middlewares\" to Application",
    "start": 1622012518308,
    "end": 1622012518538,
    "duration": 230,
    "pid": 2960,
    "index": 64
  },
  {
    "name": "Load Controller",
    "start": 1622012518563,
    "end": 1622012518598,
    "duration": 35,
    "pid": 2960,
    "index": 65
  },
  {
    "name": "Load \"controller\" to Application",
    "start": 1622012518564,
    "end": 1622012518597,
    "duration": 33,
    "pid": 2960,
    "index": 66
  },
  {
    "name": "Load Router",
    "start": 1622012518598,
    "end": 1622012518605,
    "duration": 7,
    "pid": 2960,
    "index": 67
  },
  {
    "name": "Require(48) app/router.js",
    "start": 1622012518598,
    "end": 1622012518599,
    "duration": 1,
    "pid": 2960,
    "index": 68
  },
  {
    "name": "Before Start in node_modules/egg-core/lib/egg.js:303:10",
    "start": 1622012518601,
    "end": 1622012518670,
    "duration": 69,
    "pid": 2960,
    "index": 69
  },
  {
    "name": "Load \"model\" to Application",
    "start": 1622012518619,
    "end": 1622012518669,
    "duration": 50,
    "pid": 2960,
    "index": 70
  }
]