{
  "config": {
    "session": {
      "maxAge": 86400000,
      "key": "EGG_SESS",
      "httpOnly": true,
      "encrypt": true,
      "logValue": true,
      "renew": true,
      "overwrite": true,
      "signed": true,
      "autoCommit": true,
      "encode": "<Function encode>",
      "decode": "<Function decode>",
      "genid": "<Function v4>"
    },
    "security": {
      "domainWhiteList": [],
      "protocolWhiteList": [],
      "defaultMiddleware": "csrf,hsts,methodnoallow,noopen,nosniff,csp,xssProtection,xframe,dta",
      "csrf": {
        "enable": true,
        "type": "ctoken",
        "ignoreJSON": false,
        "useSession": false,
        "cookieName": "csrfToken",
        "sessionName": "csrfToken",
        "headerName": "x-csrf-token",
        "bodyName": "_csrf",
        "queryName": "_csrf",
        "refererWhiteList": [],
        "ignore": "<Function ignore>",
        "matching": "<Function pathMatch>"
      },
      "xframe": {
        "enable": true,
        "value": "SAMEORIGIN",
        "matching": "<Function anonymous>"
      },
      "hsts": {
        "enable": false,
        "maxAge": 31536000,
        "includeSubdomains": false
      },
      "dta": {
        "enable": true,
        "matching": "<Function anonymous>"
      },
      "methodnoallow": {
        "enable": true,
        "matching": "<Function anonymous>"
      },
      "noopen": {
        "enable": true,
        "matching": "<Function anonymous>"
      },
      "nosniff": {
        "enable": true,
        "matching": "<Function anonymous>"
      },
      "referrerPolicy": {
        "enable": false,
        "value": "no-referrer-when-downgrade"
      },
      "xssProtection": {
        "enable": true,
        "value": "1; mode=block",
        "matching": "<Function anonymous>"
      },
      "csp": {
        "enable": false,
        "policy": {}
      },
      "ssrf": {
        "ipBlackList": null,
        "ipExceptionList": null,
        "checkAddress": null
      },
      "_protocolWhiteListSet": "<Set>"
    },
    "helper": {
      "shtml": {}
    },
    "jsonp": {
      "limit": 50,
      "callback": [
        "_callback",
        "callback"
      ],
      "csrf": false
    },
    "onerror": {
      "errorPageUrl": "",
      "appErrorFilter": null,
      "templatePath": "D:\\code\\pb\\pb-music\\nodejs\\pb-music-egg\\node_modules\\egg-onerror\\lib\\onerror_page.mustache"
    },
    "i18n": {
      "defaultLocale": "en_US",
      "dirs": [
        "D:\\code\\pb\\pb-music\\nodejs\\pb-music-egg\\node_modules\\egg-session\\config\\locales",
        "D:\\code\\pb\\pb-music\\nodejs\\pb-music-egg\\node_modules\\egg-security\\config\\locales",
        "D:\\code\\pb\\pb-music\\nodejs\\pb-music-egg\\node_modules\\egg-jsonp\\config\\locales",
        "D:\\code\\pb\\pb-music\\nodejs\\pb-music-egg\\node_modules\\egg-onerror\\config\\locales",
        "D:\\code\\pb\\pb-music\\nodejs\\pb-music-egg\\node_modules\\egg-i18n\\config\\locales",
        "D:\\code\\pb\\pb-music\\nodejs\\pb-music-egg\\node_modules\\egg-watcher\\config\\locales",
        "D:\\code\\pb\\pb-music\\nodejs\\pb-music-egg\\node_modules\\egg-schedule\\config\\locales",
        "D:\\code\\pb\\pb-music\\nodejs\\pb-music-egg\\node_modules\\egg-multipart\\config\\locales",
        "D:\\code\\pb\\pb-music\\nodejs\\pb-music-egg\\node_modules\\egg-logrotator\\config\\locales",
        "D:\\code\\pb\\pb-music\\nodejs\\pb-music-egg\\node_modules\\egg-static\\config\\locales",
        "D:\\code\\pb\\pb-music\\nodejs\\pb-music-egg\\node_modules\\egg-view\\config\\locales",
        "D:\\code\\pb\\pb-music\\nodejs\\pb-music-egg\\node_modules\\egg-view-nunjucks\\config\\locales",
        "D:\\code\\pb\\pb-music\\nodejs\\pb-music-egg\\node_modules\\egg-view-ejs\\config\\locales",
        "D:\\code\\pb\\pb-music\\nodejs\\pb-music-egg\\node_modules\\egg-mongoose\\config\\locales",
        "D:\\code\\pb\\pb-music\\nodejs\\pb-music-egg\\node_modules\\egg\\config\\locales",
        "D:\\code\\pb\\pb-music\\nodejs\\pb-music-egg\\config\\locales"
      ],
      "queryField": "locale",
      "cookieField": "locale",
      "cookieDomain": "",
      "cookieMaxAge": "1y",
      "functionName": "__"
    },
    "watcher": {
      "type": "default",
      "eventSources": {
        "default": "D:\\code\\pb\\pb-music\\nodejs\\pb-music-egg\\node_modules\\egg-watcher\\lib\\event-sources\\default",
        "development": "D:\\code\\pb\\pb-music\\nodejs\\pb-music-egg\\node_modules\\egg-watcher\\lib\\event-sources\\development"
      }
    },
    "customLogger": {
      "scheduleLogger": {
        "consoleLevel": "NONE",
        "file": "egg-schedule.log"
      }
    },
    "schedule": {
      "directory": []
    },
    "multipart": {
      "mode": "stream",
      "autoFields": false,
      "defaultCharset": "utf8",
      "fieldNameSize": 100,
      "fieldSize": 102400,
      "fields": "50",
      "fileSize": 10485760,
      "files": 10,
      "fileExtensions": [],
      "whitelist": null,
      "allowArrayField": false,
      "tmpdir": "C:\\Users\\web1\\AppData\\Local\\Temp\\egg-multipart-tmp\\pb-xiaomi-egg",
      "cleanSchedule": {
        "cron": "0 30 4 * * *",
        "disable": false
      }
    },
    "logrotator": {
      "filesRotateByHour": null,
      "hourDelimiter": "-",
      "filesRotateBySize": null,
      "maxFileSize": 52428800,
      "maxFiles": 10,
      "rotateDuration": 60000,
      "maxDays": 31
    },
    "static": {
      "prefix": "/public/",
      "dir": "D:\\code\\pb\\pb-music\\nodejs\\pb-music-egg\\app\\public",
      "dynamic": true,
      "preload": false,
      "buffer": true,
      "maxFiles": 1000,
      "maxAge": 31536000
    },
    "view": {
      "root": [
        "D:\\code\\pb\\pb-music\\nodejs\\pb-music-egg\\app\\view"
      ],
      "cache": true,
      "defaultExtension": ".html",
      "defaultViewEngine": "",
      "mapping": {
        ".html": "ejs",
        ".nj": "nunjucks"
      }
    },
    "nunjucks": {
      "autoescape": true,
      "throwOnUndefined": false,
      "trimBlocks": false,
      "lstripBlocks": false,
      "cache": true
    },
    "ejs": {
      "root": "D:\\code\\pb\\pb-music\\nodejs\\pb-music-egg\\app\\view",
      "cache": true,
      "debug": false,
      "compileDebug": true,
      "delimiter": null,
      "strict": false
    },
    "mongoose": {
      "url": "",
      "options": {},
      "plugins": [],
      "loadModel": true,
      "app": true,
      "agent": false,
      "client": {
        "url": "mongodb://eggadmin:123456@106.75.93.168:27017/music",
        "options": {
          "useNewUrlParser": true
        }
      }
    },
    "env": "prod",
    "name": "pb-xiaomi-egg",
    "keys": "<String len: 32>",
    "cookies": {},
    "proxy": false,
    "maxIpsCount": 0,
    "maxProxyCount": 0,
    "protocolHeaders": "x-forwarded-proto",
    "ipHeaders": "x-forwarded-for",
    "hostHeaders": "",
    "pkg": {
      "name": "pb-xiaomi-egg",
      "version": "1.0.0",
      "description": "",
      "private": true,
      "egg": {
        "declarations": true
      },
      "dependencies": {
        "egg": "^2.15.1",
        "egg-mongoose": "^3.3.1",
        "egg-scripts": "^2.11.0",
        "egg-view-ejs": "^2.0.1",
        "egg-view-nunjucks": "^2.3.0",
        "froala-editor": "^3.2.7",
        "jimp": "^0.16.1",
        "md5": "^2.3.0",
        "mz-modules": "^2.1.0",
        "silly-datetime": "^0.1.2",
        "svg-captcha": "^1.4.0"
      },
      "devDependencies": {
        "autod": "^3.0.1",
        "autod-egg": "^1.1.0",
        "egg-bin": "^4.11.0",
        "egg-ci": "^1.11.0",
        "egg-mock": "^3.21.0",
        "eslint": "^5.13.0",
        "eslint-config-egg": "^7.1.0"
      },
      "engines": {
        "node": ">=10.0.0"
      },
      "scripts": {
        "start": "egg-scripts start --daemon --title=pb-music-egg --ignore-stderr",
        "stop": "egg-scripts stop --title=pb-music-egg",
        "dev": "egg-bin dev",
        "debug": "egg-bin debug",
        "test": "npm run lint -- --fix && npm run test-local",
        "test-local": "egg-bin test",
        "cov": "egg-bin cov",
        "lint": "eslint .",
        "ci": "npm run lint && npm run cov",
        "autod": "autod"
      },
      "ci": {
        "version": "10"
      },
      "repository": {
        "type": "git",
        "url": ""
      },
      "author": "",
      "license": "MIT"
    },
    "baseDir": "D:\\code\\pb\\pb-music\\nodejs\\pb-music-egg",
    "HOME": "C:\\Users\\web1",
    "rundir": "D:\\code\\pb\\pb-music\\nodejs\\pb-music-egg\\run",
    "dump": {
      "ignore": "<Set>"
    },
    "confusedConfigurations": {
      "bodyparser": "bodyParser",
      "notFound": "notfound",
      "sitefile": "siteFile",
      "middlewares": "middleware",
      "httpClient": "httpclient"
    },
    "notfound": {
      "pageUrl": ""
    },
    "siteFile": {
      "/favicon.ico": "<Buffer len: 6463>"
    },
    "bodyParser": {
      "enable": true,
      "encoding": "utf8",
      "formLimit": "1mb",
      "jsonLimit": "1mb",
      "textLimit": "1mb",
      "strict": true,
      "queryString": {
        "arrayLimit": 100,
        "depth": 5,
        "parameterLimit": 1000
      },
      "returnRawBody": true
    },
    "logger": {
      "dir": "C:\\Users\\web1\\logs\\pb-xiaomi-egg",
      "encoding": "utf8",
      "env": "prod",
      "level": "INFO",
      "consoleLevel": "INFO",
      "disableConsoleAfterReady": true,
      "outputJSON": false,
      "buffer": true,
      "appLogName": "pb-xiaomi-egg-web.log",
      "coreLogName": "egg-web.log",
      "agentLogName": "egg-agent.log",
      "errorLogName": "common-error.log",
      "coreLogger": {},
      "allowDebugAtProd": false,
      "type": "application"
    },
    "httpclient": {
      "enableDNSCache": false,
      "dnsCacheLookupInterval": 10000,
      "dnsCacheMaxLength": 1000,
      "request": {
        "timeout": 5000
      },
      "httpAgent": {
        "keepAlive": true,
        "freeSocketTimeout": 4000,
        "maxSockets": 9007199254740991,
        "maxFreeSockets": 256
      },
      "httpsAgent": {
        "keepAlive": true,
        "freeSocketTimeout": 4000,
        "maxSockets": 9007199254740991,
        "maxFreeSockets": 256
      }
    },
    "meta": {
      "enable": true,
      "logging": false
    },
    "coreMiddleware": [
      "meta",
      "siteFile",
      "notfound",
      "static",
      "bodyParser",
      "overrideMethod",
      "session",
      "securities",
      "i18n"
    ],
    "workerStartTimeout": 600000,
    "serverTimeout": null,
    "cluster": {
      "listen": {
        "path": "",
        "port": 7011,
        "hostname": "127.0.0.1"
      }
    },
    "clusterClient": {
      "maxWaitTime": 60000,
      "responseTimeout": 60000
    },
    "onClientError": null,
    "middleware": [
      "adminAuth"
    ],
    "adminAuth": {
      "match": "/admin"
    },
    "uploadPath": "app/public/admin/upload",
    "coreMiddlewares": "~config~coreMiddleware",
    "appMiddlewares": "~config~middleware",
    "appMiddleware": "~config~middleware",
    "multipartParseOptions": {
      "autoFields": false,
      "defCharset": "utf8",
      "limits": {
        "fieldNameSize": 100,
        "fieldSize": 102400,
        "fields": "50",
        "fileSize": 10485760,
        "files": 10
      },
      "checkFile": "<Function checkFile>"
    }
  },
  "plugins": {
    "onerror": {
      "enable": true,
      "package": "egg-onerror",
      "name": "onerror",
      "dependencies": [],
      "optionalDependencies": [
        "jsonp"
      ],
      "env": [],
      "from": "D:\\code\\pb\\pb-music\\nodejs\\pb-music-egg\\node_modules\\egg\\config\\plugin.js",
      "path": "D:\\code\\pb\\pb-music\\nodejs\\pb-music-egg\\node_modules\\egg-onerror",
      "version": "2.1.0"
    },
    "session": {
      "enable": true,
      "package": "egg-session",
      "name": "session",
      "dependencies": [],
      "optionalDependencies": [],
      "env": [],
      "from": "D:\\code\\pb\\pb-music\\nodejs\\pb-music-egg\\node_modules\\egg\\config\\plugin.js",
      "path": "D:\\code\\pb\\pb-music\\nodejs\\pb-music-egg\\node_modules\\egg-session",
      "version": "3.3.0"
    },
    "i18n": {
      "enable": true,
      "package": "egg-i18n",
      "name": "i18n",
      "dependencies": [],
      "optionalDependencies": [],
      "env": [],
      "from": "D:\\code\\pb\\pb-music\\nodejs\\pb-music-egg\\node_modules\\egg\\config\\plugin.js",
      "path": "D:\\code\\pb\\pb-music\\nodejs\\pb-music-egg\\node_modules\\egg-i18n",
      "version": "2.1.1"
    },
    "watcher": {
      "enable": true,
      "package": "egg-watcher",
      "name": "watcher",
      "dependencies": [],
      "optionalDependencies": [],
      "env": [],
      "from": "D:\\code\\pb\\pb-music\\nodejs\\pb-music-egg\\node_modules\\egg\\config\\plugin.js",
      "path": "D:\\code\\pb\\pb-music\\nodejs\\pb-music-egg\\node_modules\\egg-watcher",
      "version": "3.1.1"
    },
    "multipart": {
      "enable": true,
      "package": "egg-multipart",
      "name": "multipart",
      "dependencies": [],
      "optionalDependencies": [
        "schedule"
      ],
      "env": [],
      "from": "D:\\code\\pb\\pb-music\\nodejs\\pb-music-egg\\node_modules\\egg\\config\\plugin.js",
      "path": "D:\\code\\pb\\pb-music\\nodejs\\pb-music-egg\\node_modules\\egg-multipart",
      "version": "2.12.0"
    },
    "security": {
      "enable": true,
      "package": "egg-security",
      "name": "security",
      "dependencies": [],
      "optionalDependencies": [
        "session"
      ],
      "env": [],
      "from": "D:\\code\\pb\\pb-music\\nodejs\\pb-music-egg\\node_modules\\egg\\config\\plugin.js",
      "path": "D:\\code\\pb\\pb-music\\nodejs\\pb-music-egg\\node_modules\\egg-security",
      "version": "2.9.0"
    },
    "development": {
      "enable": false,
      "package": "egg-development",
      "name": "development",
      "dependencies": [
        "watcher"
      ],
      "optionalDependencies": [],
      "env": [
        "local"
      ],
      "from": "D:\\code\\pb\\pb-music\\nodejs\\pb-music-egg\\node_modules\\egg\\config\\plugin.js",
      "path": "D:\\code\\pb\\pb-music\\nodejs\\pb-music-egg\\node_modules\\egg-development",
      "version": "2.7.0"
    },
    "logrotator": {
      "enable": true,
      "package": "egg-logrotator",
      "name": "logrotator",
      "dependencies": [
        "schedule"
      ],
      "optionalDependencies": [],
      "env": [],
      "from": "D:\\code\\pb\\pb-music\\nodejs\\pb-music-egg\\node_modules\\egg\\config\\plugin.js",
      "path": "D:\\code\\pb\\pb-music\\nodejs\\pb-music-egg\\node_modules\\egg-logrotator",
      "version": "3.1.0"
    },
    "schedule": {
      "enable": true,
      "package": "egg-schedule",
      "name": "schedule",
      "dependencies": [],
      "optionalDependencies": [],
      "env": [],
      "from": "D:\\code\\pb\\pb-music\\nodejs\\pb-music-egg\\node_modules\\egg\\config\\plugin.js",
      "path": "D:\\code\\pb\\pb-music\\nodejs\\pb-music-egg\\node_modules\\egg-schedule",
      "version": "3.6.6"
    },
    "static": {
      "enable": true,
      "package": "egg-static",
      "name": "static",
      "dependencies": [],
      "optionalDependencies": [],
      "env": [],
      "from": "D:\\code\\pb\\pb-music\\nodejs\\pb-music-egg\\node_modules\\egg\\config\\plugin.js",
      "path": "D:\\code\\pb\\pb-music\\nodejs\\pb-music-egg\\node_modules\\egg-static",
      "version": "2.2.0"
    },
    "jsonp": {
      "enable": true,
      "package": "egg-jsonp",
      "name": "jsonp",
      "dependencies": [],
      "optionalDependencies": [
        "security"
      ],
      "env": [],
      "from": "D:\\code\\pb\\pb-music\\nodejs\\pb-music-egg\\node_modules\\egg\\config\\plugin.js",
      "path": "D:\\code\\pb\\pb-music\\nodejs\\pb-music-egg\\node_modules\\egg-jsonp",
      "version": "2.0.0"
    },
    "view": {
      "enable": true,
      "package": "egg-view",
      "name": "view",
      "dependencies": [],
      "optionalDependencies": [],
      "env": [],
      "from": "D:\\code\\pb\\pb-music\\nodejs\\pb-music-egg\\node_modules\\egg\\config\\plugin.js",
      "path": "D:\\code\\pb\\pb-music\\nodejs\\pb-music-egg\\node_modules\\egg-view",
      "version": "2.1.3"
    },
    "nunjucks": {
      "enable": true,
      "package": "egg-view-nunjucks",
      "name": "nunjucks",
      "dependencies": [
        "security",
        "view"
      ],
      "optionalDependencies": [],
      "env": [],
      "from": "D:\\code\\pb\\pb-music\\nodejs\\pb-music-egg\\config\\plugin.js",
      "path": "D:\\code\\pb\\pb-music\\nodejs\\pb-music-egg\\node_modules\\egg-view-nunjucks",
      "version": "2.3.0"
    },
    "ejs": {
      "enable": true,
      "package": "egg-view-ejs",
      "name": "ejs",
      "dependencies": [
        "view"
      ],
      "optionalDependencies": [],
      "env": [],
      "from": "D:\\code\\pb\\pb-music\\nodejs\\pb-music-egg\\config\\plugin.js",
      "path": "D:\\code\\pb\\pb-music\\nodejs\\pb-music-egg\\node_modules\\egg-view-ejs",
      "version": "2.0.1"
    },
    "mongoose": {
      "enable": true,
      "package": "egg-mongoose",
      "name": "mongoose",
      "dependencies": [],
      "optionalDependencies": [],
      "env": [],
      "from": "D:\\code\\pb\\pb-music\\nodejs\\pb-music-egg\\config\\plugin.js",
      "path": "D:\\code\\pb\\pb-music\\nodejs\\pb-music-egg\\node_modules\\egg-mongoose",
      "version": "3.3.1"
    }
  }
}