[
  {
    "name": "Process Start",
    "start": 1622012605517,
    "end": 1622012607197,
    "duration": 1680,
    "pid": 21984,
    "index": 0
  },
  {
    "name": "Application Start",
    "start": 1622012607198,
    "end": 1622012609509,
    "duration": 2311,
    "pid": 21984,
    "index": 1
  },
  {
    "name": "Load Plugin",
    "start": 1622012607213,
    "end": 1622012607280,
    "duration": 67,
    "pid": 21984,
    "index": 2
  },
  {
    "name": "Load Config",
    "start": 1622012607280,
    "end": 1622012607323,
    "duration": 43,
    "pid": 21984,
    "index": 3
  },
  {
    "name": "Require(0) config/config.default.js",
    "start": 1622012607282,
    "end": 1622012607282,
    "duration": 0,
    "pid": 21984,
    "index": 4
  },
  {
    "name": "Require(1) node_modules/egg-session/config/config.default.js",
    "start": 1622012607285,
    "end": 1622012607286,
    "duration": 1,
    "pid": 21984,
    "index": 5
  },
  {
    "name": "Require(2) node_modules/egg-security/config/config.default.js",
    "start": 1622012607286,
    "end": 1622012607287,
    "duration": 1,
    "pid": 21984,
    "index": 6
  },
  {
    "name": "Require(3) node_modules/egg-jsonp/config/config.default.js",
    "start": 1622012607289,
    "end": 1622012607290,
    "duration": 1,
    "pid": 21984,
    "index": 7
  },
  {
    "name": "Require(4) node_modules/egg-onerror/config/config.default.js",
    "start": 1622012607290,
    "end": 1622012607291,
    "duration": 1,
    "pid": 21984,
    "index": 8
  },
  {
    "name": "Require(5) node_modules/egg-i18n/config/config.default.js",
    "start": 1622012607292,
    "end": 1622012607293,
    "duration": 1,
    "pid": 21984,
    "index": 9
  },
  {
    "name": "Require(6) node_modules/egg-watcher/config/config.default.js",
    "start": 1622012607294,
    "end": 1622012607295,
    "duration": 1,
    "pid": 21984,
    "index": 10
  },
  {
    "name": "Require(7) node_modules/egg-schedule/config/config.default.js",
    "start": 1622012607296,
    "end": 1622012607297,
    "duration": 1,
    "pid": 21984,
    "index": 11
  },
  {
    "name": "Require(8) node_modules/egg-multipart/config/config.default.js",
    "start": 1622012607298,
    "end": 1622012607299,
    "duration": 1,
    "pid": 21984,
    "index": 12
  },
  {
    "name": "Require(9) node_modules/egg-logrotator/config/config.default.js",
    "start": 1622012607301,
    "end": 1622012607302,
    "duration": 1,
    "pid": 21984,
    "index": 13
  },
  {
    "name": "Require(10) node_modules/egg-static/config/config.default.js",
    "start": 1622012607303,
    "end": 1622012607304,
    "duration": 1,
    "pid": 21984,
    "index": 14
  },
  {
    "name": "Require(11) node_modules/egg-view/config/config.default.js",
    "start": 1622012607305,
    "end": 1622012607305,
    "duration": 0,
    "pid": 21984,
    "index": 15
  },
  {
    "name": "Require(12) node_modules/egg-view-nunjucks/config/config.default.js",
    "start": 1622012607306,
    "end": 1622012607307,
    "duration": 1,
    "pid": 21984,
    "index": 16
  },
  {
    "name": "Require(13) node_modules/egg-view-ejs/config/config.default.js",
    "start": 1622012607308,
    "end": 1622012607309,
    "duration": 1,
    "pid": 21984,
    "index": 17
  },
  {
    "name": "Require(14) node_modules/egg-mongoose/config/config.default.js",
    "start": 1622012607310,
    "end": 1622012607311,
    "duration": 1,
    "pid": 21984,
    "index": 18
  },
  {
    "name": "Require(15) node_modules/egg/config/config.default.js",
    "start": 1622012607312,
    "end": 1622012607313,
    "duration": 1,
    "pid": 21984,
    "index": 19
  },
  {
    "name": "Require(16) config/config.default.js",
    "start": 1622012607314,
    "end": 1622012607314,
    "duration": 0,
    "pid": 21984,
    "index": 20
  },
  {
    "name": "Require(17) node_modules/egg-static/config/config.prod.js",
    "start": 1622012607320,
    "end": 1622012607320,
    "duration": 0,
    "pid": 21984,
    "index": 21
  },
  {
    "name": "Load extend/application.js",
    "start": 1622012607325,
    "end": 1622012607430,
    "duration": 105,
    "pid": 21984,
    "index": 22
  },
  {
    "name": "Require(18) node_modules/egg-session/app/extend/application.js",
    "start": 1622012607326,
    "end": 1622012607327,
    "duration": 1,
    "pid": 21984,
    "index": 23
  },
  {
    "name": "Require(19) node_modules/egg-security/app/extend/application.js",
    "start": 1622012607328,
    "end": 1622012607331,
    "duration": 3,
    "pid": 21984,
    "index": 24
  },
  {
    "name": "Require(20) node_modules/egg-jsonp/app/extend/application.js",
    "start": 1622012607332,
    "end": 1622012607335,
    "duration": 3,
    "pid": 21984,
    "index": 25
  },
  {
    "name": "Require(21) node_modules/egg-logrotator/app/extend/application.js",
    "start": 1622012607339,
    "end": 1622012607345,
    "duration": 6,
    "pid": 21984,
    "index": 26
  },
  {
    "name": "Require(22) node_modules/egg-view/app/extend/application.js",
    "start": 1622012607347,
    "end": 1622012607350,
    "duration": 3,
    "pid": 21984,
    "index": 27
  },
  {
    "name": "Require(23) node_modules/egg-view-nunjucks/app/extend/application.js",
    "start": 1622012607351,
    "end": 1622012607411,
    "duration": 60,
    "pid": 21984,
    "index": 28
  },
  {
    "name": "Load extend/request.js",
    "start": 1622012607430,
    "end": 1622012607449,
    "duration": 19,
    "pid": 21984,
    "index": 29
  },
  {
    "name": "Require(24) node_modules/egg/app/extend/request.js",
    "start": 1622012607439,
    "end": 1622012607440,
    "duration": 1,
    "pid": 21984,
    "index": 30
  },
  {
    "name": "Load extend/response.js",
    "start": 1622012607449,
    "end": 1622012607472,
    "duration": 23,
    "pid": 21984,
    "index": 31
  },
  {
    "name": "Require(25) node_modules/egg/app/extend/response.js",
    "start": 1622012607458,
    "end": 1622012607461,
    "duration": 3,
    "pid": 21984,
    "index": 32
  },
  {
    "name": "Load extend/context.js",
    "start": 1622012607472,
    "end": 1622012607616,
    "duration": 144,
    "pid": 21984,
    "index": 33
  },
  {
    "name": "Require(26) node_modules/egg-security/app/extend/context.js",
    "start": 1622012607476,
    "end": 1622012607502,
    "duration": 26,
    "pid": 21984,
    "index": 34
  },
  {
    "name": "Require(27) node_modules/egg-jsonp/app/extend/context.js",
    "start": 1622012607502,
    "end": 1622012607506,
    "duration": 4,
    "pid": 21984,
    "index": 35
  },
  {
    "name": "Require(28) node_modules/egg-i18n/app/extend/context.js",
    "start": 1622012607507,
    "end": 1622012607508,
    "duration": 1,
    "pid": 21984,
    "index": 36
  },
  {
    "name": "Require(29) node_modules/egg-multipart/app/extend/context.js",
    "start": 1622012607510,
    "end": 1622012607597,
    "duration": 87,
    "pid": 21984,
    "index": 37
  },
  {
    "name": "Require(30) node_modules/egg-view/app/extend/context.js",
    "start": 1622012607599,
    "end": 1622012607601,
    "duration": 2,
    "pid": 21984,
    "index": 38
  },
  {
    "name": "Require(31) node_modules/egg-mongoose/app/extend/context.js",
    "start": 1622012607603,
    "end": 1622012607604,
    "duration": 1,
    "pid": 21984,
    "index": 39
  },
  {
    "name": "Require(32) node_modules/egg/app/extend/context.js",
    "start": 1622012607604,
    "end": 1622012607605,
    "duration": 1,
    "pid": 21984,
    "index": 40
  },
  {
    "name": "Load extend/helper.js",
    "start": 1622012607616,
    "end": 1622012607682,
    "duration": 66,
    "pid": 21984,
    "index": 41
  },
  {
    "name": "Require(33) node_modules/egg-security/app/extend/helper.js",
    "start": 1622012607617,
    "end": 1622012607655,
    "duration": 38,
    "pid": 21984,
    "index": 42
  },
  {
    "name": "Require(34) node_modules/egg/app/extend/helper.js",
    "start": 1622012607666,
    "end": 1622012607666,
    "duration": 0,
    "pid": 21984,
    "index": 43
  },
  {
    "name": "Require(35) app/extend/helper.js",
    "start": 1622012607667,
    "end": 1622012607673,
    "duration": 6,
    "pid": 21984,
    "index": 44
  },
  {
    "name": "Load app.js",
    "start": 1622012607682,
    "end": 1622012607760,
    "duration": 78,
    "pid": 21984,
    "index": 45
  },
  {
    "name": "Require(36) node_modules/egg-session/app.js",
    "start": 1622012607683,
    "end": 1622012607684,
    "duration": 1,
    "pid": 21984,
    "index": 46
  },
  {
    "name": "Require(37) node_modules/egg-security/app.js",
    "start": 1622012607684,
    "end": 1622012607688,
    "duration": 4,
    "pid": 21984,
    "index": 47
  },
  {
    "name": "Require(38) node_modules/egg-onerror/app.js",
    "start": 1622012607690,
    "end": 1622012607705,
    "duration": 15,
    "pid": 21984,
    "index": 48
  },
  {
    "name": "Require(39) node_modules/egg-i18n/app.js",
    "start": 1622012607706,
    "end": 1622012607737,
    "duration": 31,
    "pid": 21984,
    "index": 49
  },
  {
    "name": "Require(40) node_modules/egg-watcher/app.js",
    "start": 1622012607737,
    "end": 1622012607745,
    "duration": 8,
    "pid": 21984,
    "index": 50
  },
  {
    "name": "Require(41) node_modules/egg-schedule/app.js",
    "start": 1622012607746,
    "end": 1622012607749,
    "duration": 3,
    "pid": 21984,
    "index": 51
  },
  {
    "name": "Require(42) node_modules/egg-multipart/app.js",
    "start": 1622012607749,
    "end": 1622012607750,
    "duration": 1,
    "pid": 21984,
    "index": 52
  },
  {
    "name": "Require(43) node_modules/egg-logrotator/app.js",
    "start": 1622012607751,
    "end": 1622012607751,
    "duration": 0,
    "pid": 21984,
    "index": 53
  },
  {
    "name": "Require(44) node_modules/egg-static/app.js",
    "start": 1622012607752,
    "end": 1622012607752,
    "duration": 0,
    "pid": 21984,
    "index": 54
  },
  {
    "name": "Require(45) node_modules/egg-view-nunjucks/app.js",
    "start": 1622012607754,
    "end": 1622012607754,
    "duration": 0,
    "pid": 21984,
    "index": 55
  },
  {
    "name": "Require(46) node_modules/egg-view-ejs/app.js",
    "start": 1622012607755,
    "end": 1622012607755,
    "duration": 0,
    "pid": 21984,
    "index": 56
  },
  {
    "name": "Require(47) node_modules/egg-mongoose/app.js",
    "start": 1622012607756,
    "end": 1622012607757,
    "duration": 1,
    "pid": 21984,
    "index": 57
  },
  {
    "name": "Before Start in node_modules/egg-watcher/lib/init.js:15:14",
    "start": 1622012607776,
    "end": 1622012609369,
    "duration": 1593,
    "pid": 21984,
    "index": 58
  },
  {
    "name": "Before Start in node_modules/egg-mongoose/lib/mongoose.js:104:7",
    "start": 1622012608597,
    "end": 1622012609509,
    "duration": 912,
    "pid": 21984,
    "index": 59
  },
  {
    "name": "Before Start in node_modules/egg-mongoose/lib/mongoose.js:52:9",
    "start": 1622012608597,
    "end": 1622012609353,
    "duration": 756,
    "pid": 21984,
    "index": 60
  },
  {
    "name": "Load Service",
    "start": 1622012608597,
    "end": 1622012609056,
    "duration": 459,
    "pid": 21984,
    "index": 61
  },
  {
    "name": "Load \"service\" to Context",
    "start": 1622012608597,
    "end": 1622012609056,
    "duration": 459,
    "pid": 21984,
    "index": 62
  },
  {
    "name": "Load Middleware",
    "start": 1622012609057,
    "end": 1622012609263,
    "duration": 206,
    "pid": 21984,
    "index": 63
  },
  {
    "name": "Load \"middlewares\" to Application",
    "start": 1622012609057,
    "end": 1622012609241,
    "duration": 184,
    "pid": 21984,
    "index": 64
  },
  {
    "name": "Load Controller",
    "start": 1622012609263,
    "end": 1622012609294,
    "duration": 31,
    "pid": 21984,
    "index": 65
  },
  {
    "name": "Load \"controller\" to Application",
    "start": 1622012609263,
    "end": 1622012609294,
    "duration": 31,
    "pid": 21984,
    "index": 66
  },
  {
    "name": "Load Router",
    "start": 1622012609294,
    "end": 1622012609301,
    "duration": 7,
    "pid": 21984,
    "index": 67
  },
  {
    "name": "Require(48) app/router.js",
    "start": 1622012609295,
    "end": 1622012609295,
    "duration": 0,
    "pid": 21984,
    "index": 68
  },
  {
    "name": "Before Start in node_modules/egg-core/lib/egg.js:303:10",
    "start": 1622012609297,
    "end": 1622012609353,
    "duration": 56,
    "pid": 21984,
    "index": 69
  },
  {
    "name": "Load \"model\" to Application",
    "start": 1622012609310,
    "end": 1622012609352,
    "duration": 42,
    "pid": 21984,
    "index": 70
  }
]