[
  {
    "name": "Process Start",
    "start": 1622012083780,
    "end": 1622012085215,
    "duration": 1435,
    "pid": 7616,
    "index": 0
  },
  {
    "name": "Application Start",
    "start": 1622012085217,
    "end": 1622012087511,
    "duration": 2294,
    "pid": 7616,
    "index": 1
  },
  {
    "name": "Load Plugin",
    "start": 1622012085227,
    "end": 1622012085291,
    "duration": 64,
    "pid": 7616,
    "index": 2
  },
  {
    "name": "Load Config",
    "start": 1622012085291,
    "end": 1622012085334,
    "duration": 43,
    "pid": 7616,
    "index": 3
  },
  {
    "name": "Require(0) config/config.default.js",
    "start": 1622012085292,
    "end": 1622012085292,
    "duration": 0,
    "pid": 7616,
    "index": 4
  },
  {
    "name": "Require(1) node_modules/egg-session/config/config.default.js",
    "start": 1622012085295,
    "end": 1622012085296,
    "duration": 1,
    "pid": 7616,
    "index": 5
  },
  {
    "name": "Require(2) node_modules/egg-security/config/config.default.js",
    "start": 1622012085297,
    "end": 1622012085298,
    "duration": 1,
    "pid": 7616,
    "index": 6
  },
  {
    "name": "Require(3) node_modules/egg-jsonp/config/config.default.js",
    "start": 1622012085299,
    "end": 1622012085300,
    "duration": 1,
    "pid": 7616,
    "index": 7
  },
  {
    "name": "Require(4) node_modules/egg-onerror/config/config.default.js",
    "start": 1622012085301,
    "end": 1622012085302,
    "duration": 1,
    "pid": 7616,
    "index": 8
  },
  {
    "name": "Require(5) node_modules/egg-i18n/config/config.default.js",
    "start": 1622012085303,
    "end": 1622012085304,
    "duration": 1,
    "pid": 7616,
    "index": 9
  },
  {
    "name": "Require(6) node_modules/egg-watcher/config/config.default.js",
    "start": 1622012085305,
    "end": 1622012085306,
    "duration": 1,
    "pid": 7616,
    "index": 10
  },
  {
    "name": "Require(7) node_modules/egg-schedule/config/config.default.js",
    "start": 1622012085307,
    "end": 1622012085307,
    "duration": 0,
    "pid": 7616,
    "index": 11
  },
  {
    "name": "Require(8) node_modules/egg-multipart/config/config.default.js",
    "start": 1622012085309,
    "end": 1622012085309,
    "duration": 0,
    "pid": 7616,
    "index": 12
  },
  {
    "name": "Require(9) node_modules/egg-logrotator/config/config.default.js",
    "start": 1622012085311,
    "end": 1622012085311,
    "duration": 0,
    "pid": 7616,
    "index": 13
  },
  {
    "name": "Require(10) node_modules/egg-static/config/config.default.js",
    "start": 1622012085313,
    "end": 1622012085313,
    "duration": 0,
    "pid": 7616,
    "index": 14
  },
  {
    "name": "Require(11) node_modules/egg-view/config/config.default.js",
    "start": 1622012085314,
    "end": 1622012085315,
    "duration": 1,
    "pid": 7616,
    "index": 15
  },
  {
    "name": "Require(12) node_modules/egg-view-nunjucks/config/config.default.js",
    "start": 1622012085317,
    "end": 1622012085317,
    "duration": 0,
    "pid": 7616,
    "index": 16
  },
  {
    "name": "Require(13) node_modules/egg-view-ejs/config/config.default.js",
    "start": 1622012085318,
    "end": 1622012085319,
    "duration": 1,
    "pid": 7616,
    "index": 17
  },
  {
    "name": "Require(14) node_modules/egg-mongoose/config/config.default.js",
    "start": 1622012085321,
    "end": 1622012085321,
    "duration": 0,
    "pid": 7616,
    "index": 18
  },
  {
    "name": "Require(15) node_modules/egg/config/config.default.js",
    "start": 1622012085322,
    "end": 1622012085323,
    "duration": 1,
    "pid": 7616,
    "index": 19
  },
  {
    "name": "Require(16) config/config.default.js",
    "start": 1622012085324,
    "end": 1622012085324,
    "duration": 0,
    "pid": 7616,
    "index": 20
  },
  {
    "name": "Require(17) node_modules/egg-static/config/config.prod.js",
    "start": 1622012085331,
    "end": 1622012085331,
    "duration": 0,
    "pid": 7616,
    "index": 21
  },
  {
    "name": "Load extend/application.js",
    "start": 1622012085336,
    "end": 1622012085420,
    "duration": 84,
    "pid": 7616,
    "index": 22
  },
  {
    "name": "Require(18) node_modules/egg-session/app/extend/application.js",
    "start": 1622012085338,
    "end": 1622012085339,
    "duration": 1,
    "pid": 7616,
    "index": 23
  },
  {
    "name": "Require(19) node_modules/egg-security/app/extend/application.js",
    "start": 1622012085340,
    "end": 1622012085342,
    "duration": 2,
    "pid": 7616,
    "index": 24
  },
  {
    "name": "Require(20) node_modules/egg-jsonp/app/extend/application.js",
    "start": 1622012085343,
    "end": 1622012085346,
    "duration": 3,
    "pid": 7616,
    "index": 25
  },
  {
    "name": "Require(21) node_modules/egg-logrotator/app/extend/application.js",
    "start": 1622012085350,
    "end": 1622012085353,
    "duration": 3,
    "pid": 7616,
    "index": 26
  },
  {
    "name": "Require(22) node_modules/egg-view/app/extend/application.js",
    "start": 1622012085355,
    "end": 1622012085357,
    "duration": 2,
    "pid": 7616,
    "index": 27
  },
  {
    "name": "Require(23) node_modules/egg-view-nunjucks/app/extend/application.js",
    "start": 1622012085359,
    "end": 1622012085407,
    "duration": 48,
    "pid": 7616,
    "index": 28
  },
  {
    "name": "Load extend/request.js",
    "start": 1622012085420,
    "end": 1622012085443,
    "duration": 23,
    "pid": 7616,
    "index": 29
  },
  {
    "name": "Require(24) node_modules/egg/app/extend/request.js",
    "start": 1622012085430,
    "end": 1622012085431,
    "duration": 1,
    "pid": 7616,
    "index": 30
  },
  {
    "name": "Load extend/response.js",
    "start": 1622012085443,
    "end": 1622012085466,
    "duration": 23,
    "pid": 7616,
    "index": 31
  },
  {
    "name": "Require(25) node_modules/egg/app/extend/response.js",
    "start": 1622012085455,
    "end": 1622012085457,
    "duration": 2,
    "pid": 7616,
    "index": 32
  },
  {
    "name": "Load extend/context.js",
    "start": 1622012085466,
    "end": 1622012085588,
    "duration": 122,
    "pid": 7616,
    "index": 33
  },
  {
    "name": "Require(26) node_modules/egg-security/app/extend/context.js",
    "start": 1622012085467,
    "end": 1622012085488,
    "duration": 21,
    "pid": 7616,
    "index": 34
  },
  {
    "name": "Require(27) node_modules/egg-jsonp/app/extend/context.js",
    "start": 1622012085488,
    "end": 1622012085491,
    "duration": 3,
    "pid": 7616,
    "index": 35
  },
  {
    "name": "Require(28) node_modules/egg-i18n/app/extend/context.js",
    "start": 1622012085492,
    "end": 1622012085493,
    "duration": 1,
    "pid": 7616,
    "index": 36
  },
  {
    "name": "Require(29) node_modules/egg-multipart/app/extend/context.js",
    "start": 1622012085494,
    "end": 1622012085564,
    "duration": 70,
    "pid": 7616,
    "index": 37
  },
  {
    "name": "Require(30) node_modules/egg-view/app/extend/context.js",
    "start": 1622012085566,
    "end": 1622012085568,
    "duration": 2,
    "pid": 7616,
    "index": 38
  },
  {
    "name": "Require(31) node_modules/egg-mongoose/app/extend/context.js",
    "start": 1622012085570,
    "end": 1622012085577,
    "duration": 7,
    "pid": 7616,
    "index": 39
  },
  {
    "name": "Require(32) node_modules/egg/app/extend/context.js",
    "start": 1622012085577,
    "end": 1622012085578,
    "duration": 1,
    "pid": 7616,
    "index": 40
  },
  {
    "name": "Load extend/helper.js",
    "start": 1622012085588,
    "end": 1622012085648,
    "duration": 60,
    "pid": 7616,
    "index": 41
  },
  {
    "name": "Require(33) node_modules/egg-security/app/extend/helper.js",
    "start": 1622012085590,
    "end": 1622012085628,
    "duration": 38,
    "pid": 7616,
    "index": 42
  },
  {
    "name": "Require(34) node_modules/egg/app/extend/helper.js",
    "start": 1622012085634,
    "end": 1622012085635,
    "duration": 1,
    "pid": 7616,
    "index": 43
  },
  {
    "name": "Require(35) app/extend/helper.js",
    "start": 1622012085636,
    "end": 1622012085639,
    "duration": 3,
    "pid": 7616,
    "index": 44
  },
  {
    "name": "Load app.js",
    "start": 1622012085648,
    "end": 1622012085723,
    "duration": 75,
    "pid": 7616,
    "index": 45
  },
  {
    "name": "Require(36) node_modules/egg-session/app.js",
    "start": 1622012085649,
    "end": 1622012085649,
    "duration": 0,
    "pid": 7616,
    "index": 46
  },
  {
    "name": "Require(37) node_modules/egg-security/app.js",
    "start": 1622012085650,
    "end": 1622012085652,
    "duration": 2,
    "pid": 7616,
    "index": 47
  },
  {
    "name": "Require(38) node_modules/egg-onerror/app.js",
    "start": 1622012085654,
    "end": 1622012085670,
    "duration": 16,
    "pid": 7616,
    "index": 48
  },
  {
    "name": "Require(39) node_modules/egg-i18n/app.js",
    "start": 1622012085671,
    "end": 1622012085701,
    "duration": 30,
    "pid": 7616,
    "index": 49
  },
  {
    "name": "Require(40) node_modules/egg-watcher/app.js",
    "start": 1622012085702,
    "end": 1622012085709,
    "duration": 7,
    "pid": 7616,
    "index": 50
  },
  {
    "name": "Require(41) node_modules/egg-schedule/app.js",
    "start": 1622012085710,
    "end": 1622012085712,
    "duration": 2,
    "pid": 7616,
    "index": 51
  },
  {
    "name": "Require(42) node_modules/egg-multipart/app.js",
    "start": 1622012085713,
    "end": 1622012085714,
    "duration": 1,
    "pid": 7616,
    "index": 52
  },
  {
    "name": "Require(43) node_modules/egg-logrotator/app.js",
    "start": 1622012085715,
    "end": 1622012085715,
    "duration": 0,
    "pid": 7616,
    "index": 53
  },
  {
    "name": "Require(44) node_modules/egg-static/app.js",
    "start": 1622012085716,
    "end": 1622012085716,
    "duration": 0,
    "pid": 7616,
    "index": 54
  },
  {
    "name": "Require(45) node_modules/egg-view-nunjucks/app.js",
    "start": 1622012085718,
    "end": 1622012085718,
    "duration": 0,
    "pid": 7616,
    "index": 55
  },
  {
    "name": "Require(46) node_modules/egg-view-ejs/app.js",
    "start": 1622012085719,
    "end": 1622012085720,
    "duration": 1,
    "pid": 7616,
    "index": 56
  },
  {
    "name": "Require(47) node_modules/egg-mongoose/app.js",
    "start": 1622012085721,
    "end": 1622012085721,
    "duration": 0,
    "pid": 7616,
    "index": 57
  },
  {
    "name": "Before Start in node_modules/egg-watcher/lib/init.js:15:14",
    "start": 1622012085738,
    "end": 1622012087345,
    "duration": 1607,
    "pid": 7616,
    "index": 58
  },
  {
    "name": "Before Start in node_modules/egg-mongoose/lib/mongoose.js:104:7",
    "start": 1622012086546,
    "end": 1622012087510,
    "duration": 964,
    "pid": 7616,
    "index": 59
  },
  {
    "name": "Before Start in node_modules/egg-mongoose/lib/mongoose.js:52:9",
    "start": 1622012086546,
    "end": 1622012087329,
    "duration": 783,
    "pid": 7616,
    "index": 60
  },
  {
    "name": "Load Service",
    "start": 1622012086547,
    "end": 1622012087005,
    "duration": 458,
    "pid": 7616,
    "index": 61
  },
  {
    "name": "Load \"service\" to Context",
    "start": 1622012086547,
    "end": 1622012087005,
    "duration": 458,
    "pid": 7616,
    "index": 62
  },
  {
    "name": "Load Middleware",
    "start": 1622012087005,
    "end": 1622012087232,
    "duration": 227,
    "pid": 7616,
    "index": 63
  },
  {
    "name": "Load \"middlewares\" to Application",
    "start": 1622012087006,
    "end": 1622012087208,
    "duration": 202,
    "pid": 7616,
    "index": 64
  },
  {
    "name": "Load Controller",
    "start": 1622012087232,
    "end": 1622012087265,
    "duration": 33,
    "pid": 7616,
    "index": 65
  },
  {
    "name": "Load \"controller\" to Application",
    "start": 1622012087232,
    "end": 1622012087265,
    "duration": 33,
    "pid": 7616,
    "index": 66
  },
  {
    "name": "Load Router",
    "start": 1622012087265,
    "end": 1622012087272,
    "duration": 7,
    "pid": 7616,
    "index": 67
  },
  {
    "name": "Require(48) app/router.js",
    "start": 1622012087266,
    "end": 1622012087266,
    "duration": 0,
    "pid": 7616,
    "index": 68
  },
  {
    "name": "Before Start in node_modules/egg-core/lib/egg.js:303:10",
    "start": 1622012087268,
    "end": 1622012087329,
    "duration": 61,
    "pid": 7616,
    "index": 69
  },
  {
    "name": "Load \"model\" to Application",
    "start": 1622012087283,
    "end": 1622012087328,
    "duration": 45,
    "pid": 7616,
    "index": 70
  }
]